comment_ratio,file
0.292,dev-tools\prepare_release_update_documentation.py
0.095,x-pack\dev-tools\smoke_test_xpack_rc.py
0.12,x-pack\test\smb-fixture\src\main\java\org\elasticsearch\test\fixtures\smb\SmbTestContainer.java
0.214,x-pack\test\idp-fixture\src\main\java\org\elasticsearch\test\fixtures\idp\HttpProxyTestContainer.java
0.148,x-pack\test\idp-fixture\src\main\java\org\elasticsearch\test\fixtures\idp\IdpTestContainer.java
0.157,x-pack\test\idp-fixture\src\main\java\org\elasticsearch\test\fixtures\idp\OidcProviderTestContainer.java
0.075,x-pack\test\idp-fixture\src\main\java\org\elasticsearch\test\fixtures\idp\OpenLdapTestContainer.java
0.073,x-pack\test\deprecated-query\src\main\java\org\elasticsearch\query\DeprecatedQueryBuilder.java
0.24,x-pack\test\deprecated-query\src\main\java\org\elasticsearch\query\DeprecatedQueryPlugin.java
0.091,x-pack\qa\third-party\slack\src\yamlRestTest\java\org\elasticsearch\smoketest\WatcherSlackYamlTestSuiteIT.java
0.091,x-pack\qa\third-party\pagerduty\src\yamlRestTest\java\org\elasticsearch\smoketest\WatcherPagerDutyYamlTestSuiteIT.java
0.091,x-pack\qa\third-party\jira\src\yamlRestTest\java\org\elasticsearch\smoketest\WatcherJiraYamlTestSuiteIT.java
0.132,x-pack\qa\third-party\active-directory\src\test\java\org\elasticsearch\xpack\security\authc\ldap\AbstractActiveDirectoryTestCase.java
0.049,x-pack\qa\third-party\active-directory\src\test\java\org\elasticsearch\xpack\security\authc\ldap\AbstractAdLdapRealmTestCase.java
0.046,x-pack\qa\third-party\active-directory\src\test\java\org\elasticsearch\xpack\security\authc\ldap\ActiveDirectoryGroupsResolverTests.java
0.107,x-pack\qa\third-party\active-directory\src\test\java\org\elasticsearch\xpack\security\authc\ldap\ActiveDirectoryRunAsIT.java
0.018,x-pack\qa\third-party\active-directory\src\test\java\org\elasticsearch\xpack\security\authc\ldap\ActiveDirectorySessionFactoryTests.java
0.086,x-pack\qa\third-party\active-directory\src\test\java\org\elasticsearch\xpack\security\authc\ldap\ADLdapUserSearchSessionFactoryTests.java
0.213,x-pack\qa\third-party\active-directory\src\test\java\org\elasticsearch\xpack\security\authc\ldap\GroupMappingIT.java
0.148,x-pack\qa\third-party\active-directory\src\test\java\org\elasticsearch\xpack\security\authc\ldap\MultiGroupMappingIT.java
0.238,x-pack\qa\third-party\active-directory\src\test\java\org\elasticsearch\xpack\security\authc\ldap\MultipleAdRealmIT.java
0.05,x-pack\qa\third-party\active-directory\src\test\java\org\elasticsearch\xpack\security\authc\ldap\UserAttributeGroupsResolverTests.java
0.163,x-pack\qa\src\main\java\org\elasticsearch\xpack\test\SecuritySettingsSourceField.java
0.251,x-pack\qa\src\main\java\org\elasticsearch\xpack\test\rest\IndexMappingTemplateAsserter.java
0.29,x-pack\qa\src\main\java\org\elasticsearch\xpack\test\rest\XPackRestTestConstants.java
0.212,x-pack\qa\src\main\java\org\elasticsearch\xpack\test\rest\XPackRestTestHelper.java
0.158,x-pack\qa\smoke-test-security-with-mustache\src\yamlRestTest\java\org\elasticsearch\smoketest\SmokeTestSecurityWithMustacheClientYamlTestSuiteIT.java
0.095,x-pack\qa\smoke-test-plugins-ssl\src\yamlRestTest\java\org\elasticsearch\smoketest\SmokeTestMonitoringWithSecurityIT.java
0.082,x-pack\qa\smoke-test-plugins-ssl\src\yamlRestTest\java\org\elasticsearch\smoketest\SmokeTestPluginsSslClientYamlTestSuiteIT.java
0.158,x-pack\qa\smoke-test-plugins\src\yamlRestTest\java\org\elasticsearch\smoketest\XSmokeTestPluginsClientYamlTestSuiteIT.java
0.05,x-pack\qa\security-tools-tests\src\test\java\org\elasticsearch\xpack\security\support\FileAttributesCheckerTests.java
0.064,x-pack\qa\security-tools-tests\src\test\java\org\elasticsearch\xpack\security\support\SecurityFilesTests.java
0.035,x-pack\qa\security-tools-tests\src\test\java\org\elasticsearch\xpack\security\tool\BaseRunAsSuperuserCommandTests.java
0.06,x-pack\qa\security-tools-tests\src\test\java\org\elasticsearch\xpack\security\enrollment\tool\AutoConfigGenerateElasticPasswordHashTests.java
0.023,x-pack\qa\security-tools-tests\src\test\java\org\elasticsearch\xpack\security\enrollment\tool\CreateEnrollmentTokenToolTests.java
0.081,x-pack\qa\security-tools-tests\src\test\java\org\elasticsearch\xpack\security\crypto\tool\SystemKeyToolTests.java
0.051,x-pack\qa\security-tools-tests\src\test\java\org\elasticsearch\xpack\security\authc\service\FileTokensToolTests.java
0.027,x-pack\qa\security-tools-tests\src\test\java\org\elasticsearch\xpack\security\authc\file\tool\UsersToolTests.java
0.019,x-pack\qa\security-tools-tests\src\test\java\org\elasticsearch\xpack\security\authc\esnative\tool\ResetPasswordToolTests.java
0.077,x-pack\qa\security-setup-password-tests\src\javaRestTest\java\org\elasticsearch\xpack\security\authc\esnative\tool\AbstractPasswordToolTestCase.java
0.07,x-pack\qa\security-setup-password-tests\src\javaRestTest\java\org\elasticsearch\xpack\security\authc\esnative\tool\ResetPasswordToolIT.java
0.096,x-pack\qa\security-setup-password-tests\src\javaRestTest\java\org\elasticsearch\xpack\security\authc\esnative\tool\SetupPasswordToolIT.java
0.064,x-pack\qa\security-example-spi-extension\src\test\java\org\elasticsearch\example\realm\CustomRealmTests.java
0.08,x-pack\qa\security-example-spi-extension\src\test\java\org\elasticsearch\example\realm\CustomRoleMappingRealmTests.java
0.145,x-pack\qa\security-example-spi-extension\src\main\java\org\elasticsearch\example\ExampleSecurityExtension.java
0.2,x-pack\qa\security-example-spi-extension\src\main\java\org\elasticsearch\example\SpiExtensionPlugin.java
0.167,x-pack\qa\security-example-spi-extension\src\main\java\org\elasticsearch\example\realm\CustomAuthenticationFailureHandler.java
0.148,x-pack\qa\security-example-spi-extension\src\main\java\org\elasticsearch\example\realm\CustomRealm.java
0.124,x-pack\qa\security-example-spi-extension\src\main\java\org\elasticsearch\example\realm\CustomRoleMappingRealm.java
0.175,x-pack\qa\security-example-spi-extension\src\main\java\org\elasticsearch\example\role\CustomInMemoryRolesProvider.java
0.143,x-pack\qa\security-example-spi-extension\src\javaRestTest\java\org\elasticsearch\example\realm\CustomRealmIT.java
0.149,x-pack\qa\security-example-spi-extension\src\javaRestTest\java\org\elasticsearch\example\realm\CustomRoleMappingRealmIT.java
0.139,x-pack\qa\security-example-spi-extension\src\javaRestTest\java\org\elasticsearch\example\role\CustomRolesProviderIT.java
0.149,x-pack\qa\saml-idp-tests\src\javaRestTest\java\org\elasticsearch\xpack\security\authc\saml\SamlAuthenticationIT.java
0.024,x-pack\qa\runtime-fields\with-security\src\javaRestTest\java\org\elasticsearch\xpack\security\PermissionsIT.java
0.169,x-pack\qa\runtime-fields\src\main\java\org\elasticsearch\xpack\runtimefields\test\CoreTestTranslater.java
0.13,x-pack\qa\runtime-fields\core-with-search\src\yamlRestTest\java\org\elasticsearch\xpack\runtimefields\test\search\CoreTestsWithSearchRuntimeFieldsIT.java
0.203,x-pack\qa\runtime-fields\core-with-mapped\src\yamlRestTest\java\org\elasticsearch\xpack\runtimefields\test\mapped\CoreWithMappedRuntimeFieldsIT.java
0.034,x-pack\qa\rolling-upgrade-multi-cluster\src\test\java\org\elasticsearch\upgrades\AbstractMultiClusterUpgradeTestCase.java
0.046,x-pack\qa\rolling-upgrade-multi-cluster\src\test\java\org\elasticsearch\upgrades\CcrRollingUpgradeIT.java
0.111,x-pack\qa\rolling-upgrade-basic\src\test\java\org\elasticsearch\upgrades\AbstractUpgradeTestCase.java
0.182,x-pack\qa\rolling-upgrade-basic\src\test\java\org\elasticsearch\upgrades\BasicLicenseUpgradeIT.java
0.054,x-pack\qa\rolling-upgrade\src\test\java\org\elasticsearch\upgrades\AbstractUpgradeTestCase.java
0.041,x-pack\qa\rolling-upgrade\src\test\java\org\elasticsearch\upgrades\ApiKeyBackwardsCompatibilityIT.java
0.072,x-pack\qa\rolling-upgrade\src\test\java\org\elasticsearch\upgrades\DataStreamsUpgradeIT.java
0.2,x-pack\qa\rolling-upgrade\src\test\java\org\elasticsearch\upgrades\GeoIpUpgradeIT.java
0.149,x-pack\qa\rolling-upgrade\src\test\java\org\elasticsearch\upgrades\ILMHistoryManagedTemplateUpgradeIT.java
0.104,x-pack\qa\rolling-upgrade\src\test\java\org\elasticsearch\upgrades\IndexingIT.java
0.037,x-pack\qa\rolling-upgrade\src\test\java\org\elasticsearch\upgrades\MlAssignmentPlannerUpgradeIT.java
0.054,x-pack\qa\rolling-upgrade\src\test\java\org\elasticsearch\upgrades\MlJobSnapshotUpgradeIT.java
0.118,x-pack\qa\rolling-upgrade\src\test\java\org\elasticsearch\upgrades\MlMappingsUpgradeIT.java
0.043,x-pack\qa\rolling-upgrade\src\test\java\org\elasticsearch\upgrades\MLModelDeploymentsUpgradeIT.java
0.033,x-pack\qa\rolling-upgrade\src\test\java\org\elasticsearch\upgrades\MlTrainedModelsUpgradeIT.java
0.127,x-pack\qa\rolling-upgrade\src\test\java\org\elasticsearch\upgrades\QueryableBuiltInRolesUpgradeIT.java
0.065,x-pack\qa\rolling-upgrade\src\test\java\org\elasticsearch\upgrades\RolesBackwardsCompatibilityIT.java
0.075,x-pack\qa\rolling-upgrade\src\test\java\org\elasticsearch\upgrades\SearchableSnapshotsRollingUpgradeIT.java
0.068,x-pack\qa\rolling-upgrade\src\test\java\org\elasticsearch\upgrades\SecurityIndexRolesMetadataMigrationIT.java
0.045,x-pack\qa\rolling-upgrade\src\test\java\org\elasticsearch\upgrades\SemanticTextUpgradeIT.java
0.149,x-pack\qa\rolling-upgrade\src\test\java\org\elasticsearch\upgrades\SLMHistoryManagedTemplateUpgradeIT.java
0.036,x-pack\qa\rolling-upgrade\src\test\java\org\elasticsearch\upgrades\SystemIndicesUpgradeIT.java
0.082,x-pack\qa\rolling-upgrade\src\test\java\org\elasticsearch\upgrades\TokenBackwardsCompatibilityIT.java
0.062,x-pack\qa\rolling-upgrade\src\test\java\org\elasticsearch\upgrades\TransformSurvivesUpgradeIT.java
0.117,x-pack\qa\rolling-upgrade\src\test\java\org\elasticsearch\upgrades\UpgradeClusterClientYamlTestSuiteIT.java
0.103,x-pack\qa\rolling-upgrade\src\test\java\org\elasticsearch\upgrades\WatcherRestartIT.java
0.119,x-pack\qa\repository-old-versions-compatibility\src\javaRestTest\java\org\elasticsearch\oldrepos\AbstractUpgradeCompatibilityTestCase.java
0.686,x-pack\qa\repository-old-versions-compatibility\src\javaRestTest\java\org\elasticsearch\oldrepos\OldRepositoriesIT.java
0.104,x-pack\qa\repository-old-versions\src\test\java\org\elasticsearch\oldrepos\DocValueOnlyFieldsIT.java
0.025,x-pack\qa\repository-old-versions\src\test\java\org\elasticsearch\oldrepos\OldMappingsIT.java
0.068,x-pack\qa\repository-old-versions\src\test\java\org\elasticsearch\oldrepos\OldRepositoryAccessIT.java
0.111,x-pack\qa\reindex-tests-with-security\src\yamlRestTest\java\org\elasticsearch\xpack\security\ReindexWithSecurityClientYamlTestSuiteIT.java
0.063,x-pack\qa\reindex-tests-with-security\src\yamlRestTest\java\org\elasticsearch\xpack\security\ReindexWithSecurityIT.java
0.038,x-pack\qa\password-protected-keystore\src\javaRestTest\java\org\elasticsearch\password_protected_keystore\ReloadSecureSettingsWithPasswordProtectedKeystoreRestIT.java
0.078,x-pack\qa\openldap-tests\src\test\java\org\elasticsearch\test\OpenLdapTests.java
0.068,x-pack\qa\openldap-tests\src\test\java\org\elasticsearch\xpack\security\authc\ldap\OpenLdapUserSearchSessionFactoryTests.java
0.025,x-pack\qa\openldap-tests\src\test\java\org\elasticsearch\xpack\security\authc\ldap\SearchGroupsResolverTests.java
0.156,x-pack\qa\oidc-op-tests\src\javaRestTest\java\org\elasticsearch\xpack\security\authc\jwt\JwtWithOidcAuthIT.java
0.042,x-pack\qa\oidc-op-tests\src\javaRestTest\java\org\elasticsearch\xpack\security\authc\oidc\C2IdOpTestCase.java
0.046,x-pack\qa\oidc-op-tests\src\javaRestTest\java\org\elasticsearch\xpack\security\authc\oidc\OpenIdConnectAuthIT.java
0.366,x-pack\qa\multi-project\yaml-test-framework\src\main\java\org\elasticsearch\multiproject\test\MultipleProjectsClientYamlSuiteTestCase.java
0.113,x-pack\qa\multi-project\xpack-rest-tests-with-multiple-projects\src\yamlRestTest\java\org\elasticsearch\multiproject\test\XpackWithMultipleProjectsClientYamlTestSuiteIT.java
0.103,x-pack\qa\multi-project\core-rest-tests-with-multiple-projects\src\yamlRestTest\java\org\elasticsearch\multiproject\test\CoreWithMultipleProjectsClientYamlTestSuiteIT.java
0.138,x-pack\qa\multi-node\src\javaRestTest\java\org\elasticsearch\multi_node\GlobalCheckpointSyncActionIT.java
0.058,x-pack\qa\multi-node\src\javaRestTest\java\org\elasticsearch\multi_node\RollupIT.java
0.203,x-pack\qa\multi-cluster-search-security\legacy-with-restricted-trust\src\test\java\org\elasticsearch\xpack\remotecluster\LegacyRemoteClusterSecuritySmokeIT.java
0.115,x-pack\qa\multi-cluster-search-security\legacy-with-full-license\src\test\java\org\elasticsearch\xpack\security\MultiClusterSearchWithSecurityYamlTestSuiteIT.java
0.115,x-pack\qa\multi-cluster-search-security\legacy-with-basic-license\src\test\java\org\elasticsearch\xpack\security\MultiClusterSearchWithSecurityYamlTestSuiteIT.java
0.333,x-pack\qa\mixed-tier-cluster\src\javaRestTest\java\org\elasticsearch\mixed\DataTierMixedIT.java
0.089,x-pack\qa\kerberos-tests\src\javaRestTest\java\org\elasticsearch\xpack\security\authc\kerberos\KerberosAuthenticationIT.java
0.221,x-pack\qa\kerberos-tests\src\javaRestTest\java\org\elasticsearch\xpack\security\authc\kerberos\SpnegoHttpClientConfigCallbackHandler.java
0.143,x-pack\qa\full-cluster-restart\src\javaRestTest\java\org\elasticsearch\xpack\restart\AbstractXpackFullClusterRestartTestCase.java
0.13,x-pack\qa\full-cluster-restart\src\javaRestTest\java\org\elasticsearch\xpack\restart\CoreFullClusterRestartIT.java
0.055,x-pack\qa\full-cluster-restart\src\javaRestTest\java\org\elasticsearch\xpack\restart\FullClusterRestartIT.java
0.095,x-pack\qa\full-cluster-restart\src\javaRestTest\java\org\elasticsearch\xpack\restart\MlConfigIndexMappingsFullClusterRestartIT.java
0.065,x-pack\qa\full-cluster-restart\src\javaRestTest\java\org\elasticsearch\xpack\restart\MlHiddenIndicesFullClusterRestartIT.java
0.053,x-pack\qa\full-cluster-restart\src\javaRestTest\java\org\elasticsearch\xpack\restart\MlMigrationFullClusterRestartIT.java
0.037,x-pack\qa\full-cluster-restart\src\javaRestTest\java\org\elasticsearch\xpack\restart\MLModelDeploymentFullClusterRestartIT.java
0.143,x-pack\qa\full-cluster-restart\src\javaRestTest\java\org\elasticsearch\xpack\restart\QueryBuilderBWCIT.java
0.252,x-pack\qa\evil-tests\src\test\java\org\elasticsearch\xpack\security\authc\kerberos\KerberosTestCase.java
0.057,x-pack\qa\evil-tests\src\test\java\org\elasticsearch\xpack\security\authc\kerberos\KerberosTicketValidatorTests.java
0.181,x-pack\qa\evil-tests\src\test\java\org\elasticsearch\xpack\security\authc\kerberos\SimpleKdcLdapServer.java
0.119,x-pack\qa\evil-tests\src\test\java\org\elasticsearch\xpack\security\authc\kerberos\SimpleKdcLdapServerTests.java
0.261,x-pack\qa\evil-tests\src\test\java\org\elasticsearch\xpack\security\authc\kerberos\SpnegoClient.java
0.078,x-pack\qa\core-rest-tests-with-security\src\yamlRestTest\java\org\elasticsearch\xpack\security\CoreWithSecurityClientYamlTestSuiteIT.java
0.022,x-pack\plugin\write-load-forecaster\src\test\java\org\elasticsearch\xpack\writeloadforecaster\LicensedWriteLoadForecasterTests.java
0.124,x-pack\plugin\write-load-forecaster\src\main\java\org\elasticsearch\xpack\writeloadforecaster\LicensedWriteLoadForecaster.java
0.1,x-pack\plugin\write-load-forecaster\src\main\java\org\elasticsearch\xpack\writeloadforecaster\WriteLoadForecasterPlugin.java
0.028,x-pack\plugin\write-load-forecaster\src\internalClusterTest\java\org\elasticsearch\xpack\writeloadforecaster\WriteLoadForecasterIT.java
0.189,x-pack\plugin\wildcard\src\yamlRestTest\java\org\elasticsearch\xpack\wildcard\WildcardClientYamlTestSuiteIT.java
0.071,x-pack\plugin\wildcard\src\test\java\org\elasticsearch\xpack\wildcard\mapper\TermsQueryTests.java
0.042,x-pack\plugin\wildcard\src\test\java\org\elasticsearch\xpack\wildcard\mapper\WildcardFieldAggregationTests.java
0.087,x-pack\plugin\wildcard\src\test\java\org\elasticsearch\xpack\wildcard\mapper\WildcardFieldBlockLoaderTests.java
0.052,x-pack\plugin\wildcard\src\test\java\org\elasticsearch\xpack\wildcard\mapper\WildcardFieldMapperTests.java
0.15,x-pack\plugin\wildcard\src\test\java\org\elasticsearch\xpack\wildcard\mapper\WildcardFieldTypeTests.java
0.304,x-pack\plugin\wildcard\src\main\java\module-info.java
0.222,x-pack\plugin\wildcard\src\main\java\org\elasticsearch\xpack\wildcard\Wildcard.java
0.333,x-pack\plugin\wildcard\src\main\java\org\elasticsearch\xpack\wildcard\WildcardDocValuesField.java
0.162,x-pack\plugin\wildcard\src\main\java\org\elasticsearch\xpack\wildcard\WildcardPainlessExtension.java
0.103,x-pack\plugin\wildcard\src\main\java\org\elasticsearch\xpack\wildcard\mapper\BinaryDvConfirmedQuery.java
0.083,x-pack\plugin\wildcard\src\main\java\org\elasticsearch\xpack\wildcard\mapper\WildcardFieldMapper.java
0.039,x-pack\plugin\wildcard\src\internalClusterTest\java\org\elasticsearch\xpack\wildcard\search\WildcardSearchIT.java
0.257,x-pack\plugin\watcher\src\yamlRestTest\java\org\elasticsearch\smoketest\WatcherYamlRestIT.java
0.148,x-pack\plugin\watcher\src\yamlRestTest\java\org\elasticsearch\smoketest\WatcherYamlRestWithSecurityIT.java
0.072,x-pack\plugin\watcher\src\yamlRestTest\java\org\elasticsearch\smoketest\WatcherYamlSuiteTestCase.java
0.158,x-pack\plugin\watcher\src\test\java\org\elasticsearch\xpack\watcher\EncryptSensitiveDataBootstrapCheckTests.java
0.048,x-pack\plugin\watcher\src\test\java\org\elasticsearch\xpack\watcher\WatcherIndexingListenerTests.java
0.035,x-pack\plugin\watcher\src\test\java\org\elasticsearch\xpack\watcher\WatcherInfoTransportActionTests.java
0.065,x-pack\plugin\watcher\src\test\java\org\elasticsearch\xpack\watcher\WatcherLifeCycleServiceTests.java
0.098,x-pack\plugin\watcher\src\test\java\org\elasticsearch\xpack\watcher\WatcherMetadataSerializationTests.java
0.069,x-pack\plugin\watcher\src\test\java\org\elasticsearch\xpack\watcher\WatcherPluginTests.java
0.047,x-pack\plugin\watcher\src\test\java\org\elasticsearch\xpack\watcher\WatcherServiceTests.java
0.029,x-pack\plugin\watcher\src\test\java\org\elasticsearch\xpack\watcher\actions\ActionWrapperTests.java
0.08,x-pack\plugin\watcher\src\test\java\org\elasticsearch\xpack\watcher\condition\AlwaysConditionTests.java
0.022,x-pack\plugin\watcher\src\test\java\org\elasticsearch\xpack\watcher\condition\ArrayCompareConditionTests.java
0.021,x-pack\plugin\watcher\src\test\java\org\elasticsearch\xpack\watcher\condition\CompareConditionTests.java
0.113,x-pack\plugin\watcher\src\test\java\org\elasticsearch\xpack\watcher\condition\NeverConditionTests.java
0.021,x-pack\plugin\watcher\src\test\java\org\elasticsearch\xpack\watcher\condition\ScriptConditionTests.java
0.046,x-pack\plugin\watcher\src\test\java\org\elasticsearch\xpack\watcher\execution\ExecutionServiceTests.java
0.024,x-pack\plugin\watcher\src\test\java\org\elasticsearch\xpack\watcher\execution\TriggeredWatchStoreTests.java
0.056,x-pack\plugin\watcher\src\test\java\org\elasticsearch\xpack\watcher\history\HistoryStoreTests.java
0.143,x-pack\plugin\watcher\src\test\java\org\elasticsearch\xpack\watcher\input\InputRegistryTests.java
0.049,x-pack\plugin\watcher\src\test\java\org\elasticsearch\xpack\watcher\notification\NotificationServiceTests.java
0.051,x-pack\plugin\watcher\src\test\java\org\elasticsearch\xpack\watcher\notification\WebhookServiceTests.java
0.034,x-pack\plugin\watcher\src\test\java\org\elasticsearch\xpack\watcher\support\FilterXContentTests.java
0.138,x-pack\plugin\watcher\src\test\java\org\elasticsearch\xpack\watcher\support\VariablesTests.java
0.058,x-pack\plugin\watcher\src\test\java\org\elasticsearch\xpack\watcher\support\WatcherDateTimeUtilsTests.java
0.021,x-pack\plugin\watcher\src\test\java\org\elasticsearch\xpack\watcher\support\WatcherIndexTemplateRegistryTests.java
0.034,x-pack\plugin\watcher\src\test\java\org\elasticsearch\xpack\watcher\support\WatcherTemplateTests.java
0.024,x-pack\plugin\watcher\src\test\java\org\elasticsearch\xpack\watcher\support\WatcherUtilsTests.java
0.136,x-pack\plugin\watcher\src\test\java\org\elasticsearch\xpack\watcher\test\LocalStateWatcher.java
0.222,x-pack\plugin\watcher\src\test\java\org\elasticsearch\xpack\watcher\test\MockTextTemplateEngine.java
0.065,x-pack\plugin\watcher\src\test\java\org\elasticsearch\xpack\watcher\test\TimeWarpedWatcher.java
0.111,x-pack\plugin\watcher\src\test\java\org\elasticsearch\xpack\watcher\test\WatcherMockScriptPlugin.java
0.032,x-pack\plugin\watcher\src\test\java\org\elasticsearch\xpack\watcher\test\WatcherTestUtils.java
0.069,x-pack\plugin\watcher\src\test\java\org\elasticsearch\xpack\watcher\test\WatchExecutionContextMockBuilder.java
0.088,x-pack\plugin\watcher\src\test\java\org\elasticsearch\xpack\watcher\trigger\ScheduleTriggerEngineMock.java
0.038,x-pack\plugin\watcher\src\test\java\org\elasticsearch\xpack\watcher\trigger\TriggerServiceTests.java
0.087,x-pack\plugin\watcher\src\test\java\org\elasticsearch\xpack\watcher\watch\WatchStatusTests.java
0.038,x-pack\plugin\watcher\src\test\java\org\elasticsearch\xpack\watcher\watch\WatchStoreUtilsTests.java
0.012,x-pack\plugin\watcher\src\test\java\org\elasticsearch\xpack\watcher\watch\WatchTests.java
0.231,x-pack\plugin\watcher\src\test\java\org\elasticsearch\xpack\watcher\watch\clock\ClockTests.java
0.047,x-pack\plugin\watcher\src\test\java\org\elasticsearch\xpack\watcher\trigger\schedule\CronScheduleTests.java
0.032,x-pack\plugin\watcher\src\test\java\org\elasticsearch\xpack\watcher\trigger\schedule\DailyScheduleTests.java
0.03,x-pack\plugin\watcher\src\test\java\org\elasticsearch\xpack\watcher\trigger\schedule\HourlyScheduleTests.java
0.064,x-pack\plugin\watcher\src\test\java\org\elasticsearch\xpack\watcher\trigger\schedule\IntervalScheduleTests.java
0.041,x-pack\plugin\watcher\src\test\java\org\elasticsearch\xpack\watcher\trigger\schedule\MonthlyScheduleTests.java
0.05,x-pack\plugin\watcher\src\test\java\org\elasticsearch\xpack\watcher\trigger\schedule\ScheduleRegistryTests.java
0.015,x-pack\plugin\watcher\src\test\java\org\elasticsearch\xpack\watcher\trigger\schedule\ScheduleTestCase.java
0.162,x-pack\plugin\watcher\src\test\java\org\elasticsearch\xpack\watcher\trigger\schedule\ScheduleTriggerEventTests.java
0.037,x-pack\plugin\watcher\src\test\java\org\elasticsearch\xpack\watcher\trigger\schedule\WeeklyScheduleTests.java
0.038,x-pack\plugin\watcher\src\test\java\org\elasticsearch\xpack\watcher\trigger\schedule\YearlyScheduleTests.java
0.052,x-pack\plugin\watcher\src\test\java\org\elasticsearch\xpack\watcher\trigger\schedule\engine\TickerScheduleEngineTests.java
0.15,x-pack\plugin\watcher\src\test\java\org\elasticsearch\xpack\watcher\trigger\schedule\support\TimezoneUtilsTests.java
0.12,x-pack\plugin\watcher\src\test\java\org\elasticsearch\xpack\watcher\trigger\schedule\tool\CronEvalToolTests.java
0.07,x-pack\plugin\watcher\src\test\java\org\elasticsearch\xpack\watcher\transport\action\QueryWatchesRequestTests.java
0.043,x-pack\plugin\watcher\src\test\java\org\elasticsearch\xpack\watcher\transport\action\QueryWatchesResponseTests.java
0.044,x-pack\plugin\watcher\src\test\java\org\elasticsearch\xpack\watcher\transport\action\WatchRequestValidationTests.java
0.04,x-pack\plugin\watcher\src\test\java\org\elasticsearch\xpack\watcher\transport\actions\TransportAckWatchActionTests.java
0.063,x-pack\plugin\watcher\src\test\java\org\elasticsearch\xpack\watcher\transport\actions\TransportPutWatchActionTests.java
0.045,x-pack\plugin\watcher\src\test\java\org\elasticsearch\xpack\watcher\transport\actions\TransportWatcherStatsActionTests.java
0.182,x-pack\plugin\watcher\src\test\java\org\elasticsearch\xpack\watcher\transport\action\execute\ExecuteWatchRequestTests.java
0.111,x-pack\plugin\watcher\src\test\java\org\elasticsearch\xpack\watcher\transport\action\put\PutWatchSerializationTests.java
0.019,x-pack\plugin\watcher\src\test\java\org\elasticsearch\xpack\watcher\transform\chain\ChainTransformTests.java
0.028,x-pack\plugin\watcher\src\test\java\org\elasticsearch\xpack\watcher\transform\script\ScriptTransformTests.java
0.034,x-pack\plugin\watcher\src\test\java\org\elasticsearch\xpack\watcher\test\bench\ScheduleEngineTriggerBenchmark.java
0.056,x-pack\plugin\watcher\src\test\java\org\elasticsearch\xpack\watcher\test\bench\WatcherExecutorServiceBenchmark.java
0.022,x-pack\plugin\watcher\src\test\java\org\elasticsearch\xpack\watcher\test\bench\WatcherScheduleEngineBenchmark.java
0.033,x-pack\plugin\watcher\src\test\java\org\elasticsearch\xpack\watcher\test\integration\SearchInputTests.java
0.056,x-pack\plugin\watcher\src\test\java\org\elasticsearch\xpack\watcher\test\integration\SearchTransformTests.java
0.052,x-pack\plugin\watcher\src\test\java\org\elasticsearch\xpack\watcher\support\search\WatcherSearchTemplateRequestTests.java
0.154,x-pack\plugin\watcher\src\test\java\org\elasticsearch\xpack\watcher\support\xcontent\XContentSourceTests.java
0.111,x-pack\plugin\watcher\src\test\java\org\elasticsearch\xpack\watcher\rest\action\RestExecuteWatchActionTests.java
0.043,x-pack\plugin\watcher\src\test\java\org\elasticsearch\xpack\watcher\notification\email\AccountsTests.java
0.028,x-pack\plugin\watcher\src\test\java\org\elasticsearch\xpack\watcher\notification\email\AccountTests.java
0.178,x-pack\plugin\watcher\src\test\java\org\elasticsearch\xpack\watcher\notification\email\DataAttachmentTests.java
0.033,x-pack\plugin\watcher\src\test\java\org\elasticsearch\xpack\watcher\notification\email\EmailServiceTests.java
0.039,x-pack\plugin\watcher\src\test\java\org\elasticsearch\xpack\watcher\notification\email\EmailTemplateTests.java
0.09,x-pack\plugin\watcher\src\test\java\org\elasticsearch\xpack\watcher\notification\email\EmailTests.java
0.045,x-pack\plugin\watcher\src\test\java\org\elasticsearch\xpack\watcher\notification\email\HtmlSanitizerTests.java
0.079,x-pack\plugin\watcher\src\test\java\org\elasticsearch\xpack\watcher\notification\email\ProfileTests.java
0.028,x-pack\plugin\watcher\src\test\java\org\elasticsearch\xpack\watcher\notification\jira\JiraAccountTests.java
0.048,x-pack\plugin\watcher\src\test\java\org\elasticsearch\xpack\watcher\notification\jira\JiraIssueTests.java
0.054,x-pack\plugin\watcher\src\test\java\org\elasticsearch\xpack\watcher\notification\pagerduty\IncidentEventDefaultsTests.java
0.05,x-pack\plugin\watcher\src\test\java\org\elasticsearch\xpack\watcher\notification\pagerduty\IncidentEventTests.java
0.075,x-pack\plugin\watcher\src\test\java\org\elasticsearch\xpack\watcher\notification\pagerduty\PagerDutyAccountsTests.java
0.1,x-pack\plugin\watcher\src\test\java\org\elasticsearch\xpack\watcher\notification\pagerduty\SentEventTests.java
0.053,x-pack\plugin\watcher\src\test\java\org\elasticsearch\xpack\watcher\notification\slack\message\SlackMessageDefaultsTests.java
0.012,x-pack\plugin\watcher\src\test\java\org\elasticsearch\xpack\watcher\notification\slack\message\SlackMessageTests.java
0.111,x-pack\plugin\watcher\src\test\java\org\elasticsearch\xpack\watcher\notification\email\attachment\DataAttachmentParserTests.java
0.03,x-pack\plugin\watcher\src\test\java\org\elasticsearch\xpack\watcher\notification\email\attachment\EmailAttachmentParsersTests.java
0.03,x-pack\plugin\watcher\src\test\java\org\elasticsearch\xpack\watcher\notification\email\attachment\HttpEmailAttachementParserTests.java
0.023,x-pack\plugin\watcher\src\test\java\org\elasticsearch\xpack\watcher\notification\email\attachment\ReportingAttachmentParserTests.java
0.091,x-pack\plugin\watcher\src\test\java\org\elasticsearch\xpack\watcher\notification\email\support\EmailServer.java
0.065,x-pack\plugin\watcher\src\test\java\org\elasticsearch\xpack\watcher\input\chain\ChainInputTests.java
0.085,x-pack\plugin\watcher\src\test\java\org\elasticsearch\xpack\watcher\input\chain\ExecutableChainInputTests.java
0.017,x-pack\plugin\watcher\src\test\java\org\elasticsearch\xpack\watcher\input\http\HttpInputTests.java
0.085,x-pack\plugin\watcher\src\test\java\org\elasticsearch\xpack\watcher\input\simple\SimpleInputTests.java
0.051,x-pack\plugin\watcher\src\test\java\org\elasticsearch\xpack\watcher\input\transform\TransformInputTests.java
0.047,x-pack\plugin\watcher\src\test\java\org\elasticsearch\xpack\watcher\common\http\HttpClientTests.java
0.127,x-pack\plugin\watcher\src\test\java\org\elasticsearch\xpack\watcher\common\http\HttpConnectionTimeoutTests.java
0.051,x-pack\plugin\watcher\src\test\java\org\elasticsearch\xpack\watcher\common\http\HttpProxyTests.java
0.081,x-pack\plugin\watcher\src\test\java\org\elasticsearch\xpack\watcher\common\http\HttpReadTimeoutTests.java
0.045,x-pack\plugin\watcher\src\test\java\org\elasticsearch\xpack\watcher\common\http\HttpRequestTemplateTests.java
0.052,x-pack\plugin\watcher\src\test\java\org\elasticsearch\xpack\watcher\common\http\HttpRequestTests.java
0.053,x-pack\plugin\watcher\src\test\java\org\elasticsearch\xpack\watcher\common\http\HttpResponseTests.java
0.111,x-pack\plugin\watcher\src\test\java\org\elasticsearch\xpack\watcher\common\http\SizeLimitInputStreamTests.java
0.021,x-pack\plugin\watcher\src\test\java\org\elasticsearch\xpack\watcher\common\text\TextTemplateTests.java
0.016,x-pack\plugin\watcher\src\test\java\org\elasticsearch\xpack\watcher\actions\email\EmailActionTests.java
0.064,x-pack\plugin\watcher\src\test\java\org\elasticsearch\xpack\watcher\actions\email\EmailMessageIdTests.java
0.054,x-pack\plugin\watcher\src\test\java\org\elasticsearch\xpack\watcher\actions\email\EmailSslTests.java
0.029,x-pack\plugin\watcher\src\test\java\org\elasticsearch\xpack\watcher\actions\index\IndexActionTests.java
0.028,x-pack\plugin\watcher\src\test\java\org\elasticsearch\xpack\watcher\actions\jira\ExecutableJiraActionTests.java
0.136,x-pack\plugin\watcher\src\test\java\org\elasticsearch\xpack\watcher\actions\jira\JiraActionFactoryTests.java
0.045,x-pack\plugin\watcher\src\test\java\org\elasticsearch\xpack\watcher\actions\jira\JiraActionTests.java
0.031,x-pack\plugin\watcher\src\test\java\org\elasticsearch\xpack\watcher\actions\logging\LoggingActionTests.java
0.095,x-pack\plugin\watcher\src\test\java\org\elasticsearch\xpack\watcher\actions\pagerduty\PagerDutyActionFactoryTests.java
0.022,x-pack\plugin\watcher\src\test\java\org\elasticsearch\xpack\watcher\actions\pagerduty\PagerDutyActionTests.java
0.087,x-pack\plugin\watcher\src\test\java\org\elasticsearch\xpack\watcher\actions\slack\ExecutableSlackActionTests.java
0.094,x-pack\plugin\watcher\src\test\java\org\elasticsearch\xpack\watcher\actions\slack\SlackActionFactoryTests.java
0.03,x-pack\plugin\watcher\src\test\java\org\elasticsearch\xpack\watcher\actions\slack\SlackActionTests.java
0.079,x-pack\plugin\watcher\src\test\java\org\elasticsearch\xpack\watcher\actions\throttler\AckThrottlerTests.java
0.083,x-pack\plugin\watcher\src\test\java\org\elasticsearch\xpack\watcher\actions\throttler\PeriodThrottlerTests.java
0.017,x-pack\plugin\watcher\src\test\java\org\elasticsearch\xpack\watcher\actions\webhook\WebhookActionTests.java
0.542,x-pack\plugin\watcher\src\main\java\org\elasticsearch\xpack\watcher\ClockHolder.java
0.102,x-pack\plugin\watcher\src\main\java\org\elasticsearch\xpack\watcher\EncryptSensitiveDataBootstrapCheck.java
0.055,x-pack\plugin\watcher\src\main\java\org\elasticsearch\xpack\watcher\Watcher.java
0.268,x-pack\plugin\watcher\src\main\java\org\elasticsearch\xpack\watcher\WatcherIndexingListener.java
0.115,x-pack\plugin\watcher\src\main\java\org\elasticsearch\xpack\watcher\WatcherInfoTransportAction.java
0.147,x-pack\plugin\watcher\src\main\java\org\elasticsearch\xpack\watcher\WatcherLifeCycleService.java
0.171,x-pack\plugin\watcher\src\main\java\org\elasticsearch\xpack\watcher\WatcherPainlessExtension.java
0.185,x-pack\plugin\watcher\src\main\java\org\elasticsearch\xpack\watcher\WatcherService.java
0.059,x-pack\plugin\watcher\src\main\java\org\elasticsearch\xpack\watcher\WatcherUsageTransportAction.java
0.076,x-pack\plugin\watcher\src\main\java\org\elasticsearch\xpack\watcher\actions\ActionBuilders.java
0.333,x-pack\plugin\watcher\src\main\java\org\elasticsearch\xpack\watcher\client\WatchSourceBuilders.java
0.104,x-pack\plugin\watcher\src\main\java\org\elasticsearch\xpack\watcher\condition\AbstractCompareCondition.java
0.017,x-pack\plugin\watcher\src\main\java\org\elasticsearch\xpack\watcher\condition\ArrayCompareCondition.java
0.026,x-pack\plugin\watcher\src\main\java\org\elasticsearch\xpack\watcher\condition\CompareCondition.java
0.12,x-pack\plugin\watcher\src\main\java\org\elasticsearch\xpack\watcher\condition\InternalAlwaysCondition.java
0.211,x-pack\plugin\watcher\src\main\java\org\elasticsearch\xpack\watcher\condition\LenientCompare.java
0.099,x-pack\plugin\watcher\src\main\java\org\elasticsearch\xpack\watcher\condition\NeverCondition.java
0.098,x-pack\plugin\watcher\src\main\java\org\elasticsearch\xpack\watcher\condition\ScriptCondition.java
0.185,x-pack\plugin\watcher\src\main\java\org\elasticsearch\xpack\watcher\condition\WatcherConditionScript.java
0.15,x-pack\plugin\watcher\src\main\java\org\elasticsearch\xpack\watcher\execution\AsyncTriggerEventConsumer.java
0.295,x-pack\plugin\watcher\src\main\java\org\elasticsearch\xpack\watcher\execution\CurrentExecutions.java
0.126,x-pack\plugin\watcher\src\main\java\org\elasticsearch\xpack\watcher\execution\ExecutionService.java
0.12,x-pack\plugin\watcher\src\main\java\org\elasticsearch\xpack\watcher\execution\InternalWatchExecutor.java
0.046,x-pack\plugin\watcher\src\main\java\org\elasticsearch\xpack\watcher\execution\ManualExecutionContext.java
0.146,x-pack\plugin\watcher\src\main\java\org\elasticsearch\xpack\watcher\execution\SyncTriggerEventConsumer.java
0.088,x-pack\plugin\watcher\src\main\java\org\elasticsearch\xpack\watcher\execution\TriggeredExecutionContext.java
0.058,x-pack\plugin\watcher\src\main\java\org\elasticsearch\xpack\watcher\execution\TriggeredWatch.java
0.144,x-pack\plugin\watcher\src\main\java\org\elasticsearch\xpack\watcher\execution\TriggeredWatchStore.java
0.273,x-pack\plugin\watcher\src\main\java\org\elasticsearch\xpack\watcher\execution\WatchExecutor.java
0.204,x-pack\plugin\watcher\src\main\java\org\elasticsearch\xpack\watcher\history\HistoryStore.java
0.107,x-pack\plugin\watcher\src\main\java\org\elasticsearch\xpack\watcher\input\InputBuilders.java
0.512,x-pack\plugin\watcher\src\main\java\org\elasticsearch\xpack\watcher\input\InputFactory.java
0.135,x-pack\plugin\watcher\src\main\java\org\elasticsearch\xpack\watcher\input\InputRegistry.java
0.151,x-pack\plugin\watcher\src\main\java\org\elasticsearch\xpack\watcher\notification\NotificationService.java
0.183,x-pack\plugin\watcher\src\main\java\org\elasticsearch\xpack\watcher\notification\WebhookService.java
0.115,x-pack\plugin\watcher\src\main\java\org\elasticsearch\xpack\watcher\support\ArrayObjectIterator.java
0.207,x-pack\plugin\watcher\src\main\java\org\elasticsearch\xpack\watcher\support\Strings.java
0.163,x-pack\plugin\watcher\src\main\java\org\elasticsearch\xpack\watcher\support\Variables.java
0.086,x-pack\plugin\watcher\src\main\java\org\elasticsearch\xpack\watcher\support\WatcherIndexTemplateRegistry.java
0.036,x-pack\plugin\watcher\src\main\java\org\elasticsearch\xpack\watcher\support\XContentFilterKeysUtils.java
0.14,x-pack\plugin\watcher\src\main\java\org\elasticsearch\xpack\watcher\transform\TransformBuilders.java
0.316,x-pack\plugin\watcher\src\main\java\org\elasticsearch\xpack\watcher\trigger\TriggerBuilders.java
0.345,x-pack\plugin\watcher\src\main\java\org\elasticsearch\xpack\watcher\trigger\TriggerEngine.java
0.106,x-pack\plugin\watcher\src\main\java\org\elasticsearch\xpack\watcher\trigger\TriggerService.java
0.079,x-pack\plugin\watcher\src\main\java\org\elasticsearch\xpack\watcher\trigger\TriggerWatchStats.java
0.081,x-pack\plugin\watcher\src\main\java\org\elasticsearch\xpack\watcher\watch\WatchParser.java
0.254,x-pack\plugin\watcher\src\main\java\org\elasticsearch\xpack\watcher\watch\WatchStoreUtils.java
0.12,x-pack\plugin\watcher\src\main\java\org\elasticsearch\xpack\watcher\trigger\manual\ManualTrigger.java
0.122,x-pack\plugin\watcher\src\main\java\org\elasticsearch\xpack\watcher\trigger\manual\ManualTriggerEngine.java
0.118,x-pack\plugin\watcher\src\main\java\org\elasticsearch\xpack\watcher\trigger\manual\ManualTriggerEvent.java
0.093,x-pack\plugin\watcher\src\main\java\org\elasticsearch\xpack\watcher\trigger\schedule\CronnableSchedule.java
0.075,x-pack\plugin\watcher\src\main\java\org\elasticsearch\xpack\watcher\trigger\schedule\CronSchedule.java
0.038,x-pack\plugin\watcher\src\main\java\org\elasticsearch\xpack\watcher\trigger\schedule\DailySchedule.java
0.036,x-pack\plugin\watcher\src\main\java\org\elasticsearch\xpack\watcher\trigger\schedule\HourlySchedule.java
0.065,x-pack\plugin\watcher\src\main\java\org\elasticsearch\xpack\watcher\trigger\schedule\IntervalSchedule.java
0.048,x-pack\plugin\watcher\src\main\java\org\elasticsearch\xpack\watcher\trigger\schedule\MonthlySchedule.java
0.406,x-pack\plugin\watcher\src\main\java\org\elasticsearch\xpack\watcher\trigger\schedule\Schedule.java
0.063,x-pack\plugin\watcher\src\main\java\org\elasticsearch\xpack\watcher\trigger\schedule\ScheduleRegistry.java
0.596,x-pack\plugin\watcher\src\main\java\org\elasticsearch\xpack\watcher\trigger\schedule\Schedules.java
0.076,x-pack\plugin\watcher\src\main\java\org\elasticsearch\xpack\watcher\trigger\schedule\ScheduleTrigger.java
0.072,x-pack\plugin\watcher\src\main\java\org\elasticsearch\xpack\watcher\trigger\schedule\ScheduleTriggerEngine.java
0.071,x-pack\plugin\watcher\src\main\java\org\elasticsearch\xpack\watcher\trigger\schedule\ScheduleTriggerEvent.java
0.048,x-pack\plugin\watcher\src\main\java\org\elasticsearch\xpack\watcher\trigger\schedule\WeeklySchedule.java
0.048,x-pack\plugin\watcher\src\main\java\org\elasticsearch\xpack\watcher\trigger\schedule\YearlySchedule.java
0.111,x-pack\plugin\watcher\src\main\java\org\elasticsearch\xpack\watcher\trigger\schedule\engine\TickerScheduleTriggerEngine.java
0.085,x-pack\plugin\watcher\src\main\java\org\elasticsearch\xpack\watcher\trigger\schedule\support\DayOfWeek.java
0.02,x-pack\plugin\watcher\src\main\java\org\elasticsearch\xpack\watcher\trigger\schedule\support\DayTimes.java
0.07,x-pack\plugin\watcher\src\main\java\org\elasticsearch\xpack\watcher\trigger\schedule\support\Month.java
0.029,x-pack\plugin\watcher\src\main\java\org\elasticsearch\xpack\watcher\trigger\schedule\support\MonthTimes.java
0.3,x-pack\plugin\watcher\src\main\java\org\elasticsearch\xpack\watcher\trigger\schedule\support\Times.java
0.327,x-pack\plugin\watcher\src\main\java\org\elasticsearch\xpack\watcher\trigger\schedule\support\TimezoneUtils.java
0.036,x-pack\plugin\watcher\src\main\java\org\elasticsearch\xpack\watcher\trigger\schedule\support\WeekTimes.java
0.028,x-pack\plugin\watcher\src\main\java\org\elasticsearch\xpack\watcher\trigger\schedule\support\YearTimes.java
0.05,x-pack\plugin\watcher\src\main\java\org\elasticsearch\xpack\watcher\trigger\schedule\tool\CronEvalTool.java
0.261,x-pack\plugin\watcher\src\main\java\org\elasticsearch\xpack\watcher\trigger\schedule\tool\CronEvalToolProvider.java
0.05,x-pack\plugin\watcher\src\main\java\org\elasticsearch\xpack\watcher\transport\actions\TransportAckWatchAction.java
0.09,x-pack\plugin\watcher\src\main\java\org\elasticsearch\xpack\watcher\transport\actions\TransportActivateWatchAction.java
0.169,x-pack\plugin\watcher\src\main\java\org\elasticsearch\xpack\watcher\transport\actions\TransportDeleteWatchAction.java
0.068,x-pack\plugin\watcher\src\main\java\org\elasticsearch\xpack\watcher\transport\actions\TransportExecuteWatchAction.java
0.098,x-pack\plugin\watcher\src\main\java\org\elasticsearch\xpack\watcher\transport\actions\TransportGetWatchAction.java
0.107,x-pack\plugin\watcher\src\main\java\org\elasticsearch\xpack\watcher\transport\actions\TransportGetWatcherSettingsAction.java
0.126,x-pack\plugin\watcher\src\main\java\org\elasticsearch\xpack\watcher\transport\actions\TransportPutWatchAction.java
0.045,x-pack\plugin\watcher\src\main\java\org\elasticsearch\xpack\watcher\transport\actions\TransportQueryWatchesAction.java
0.049,x-pack\plugin\watcher\src\main\java\org\elasticsearch\xpack\watcher\transport\actions\TransportUpdateWatcherSettingsAction.java
0.082,x-pack\plugin\watcher\src\main\java\org\elasticsearch\xpack\watcher\transport\actions\TransportWatcherServiceAction.java
0.075,x-pack\plugin\watcher\src\main\java\org\elasticsearch\xpack\watcher\transport\actions\TransportWatcherStatsAction.java
0.109,x-pack\plugin\watcher\src\main\java\org\elasticsearch\xpack\watcher\transport\actions\WatcherTransportAction.java
0.133,x-pack\plugin\watcher\src\main\java\org\elasticsearch\xpack\watcher\transform\script\ExecutableScriptTransform.java
0.058,x-pack\plugin\watcher\src\main\java\org\elasticsearch\xpack\watcher\transform\script\ScriptTransform.java
0.154,x-pack\plugin\watcher\src\main\java\org\elasticsearch\xpack\watcher\transform\script\ScriptTransformFactory.java
0.182,x-pack\plugin\watcher\src\main\java\org\elasticsearch\xpack\watcher\transform\script\WatcherTransformScript.java
0.086,x-pack\plugin\watcher\src\main\java\org\elasticsearch\xpack\watcher\transform\search\ExecutableSearchTransform.java
0.031,x-pack\plugin\watcher\src\main\java\org\elasticsearch\xpack\watcher\transform\search\SearchTransform.java
0.107,x-pack\plugin\watcher\src\main\java\org\elasticsearch\xpack\watcher\transform\search\SearchTransformFactory.java
0.07,x-pack\plugin\watcher\src\main\java\org\elasticsearch\xpack\watcher\support\search\WatcherSearchTemplateRequest.java
0.156,x-pack\plugin\watcher\src\main\java\org\elasticsearch\xpack\watcher\support\search\WatcherSearchTemplateService.java
0.132,x-pack\plugin\watcher\src\main\java\org\elasticsearch\xpack\watcher\rest\action\RestAckWatchAction.java
0.094,x-pack\plugin\watcher\src\main\java\org\elasticsearch\xpack\watcher\rest\action\RestActivateWatchAction.java
0.107,x-pack\plugin\watcher\src\main\java\org\elasticsearch\xpack\watcher\rest\action\RestDeleteWatchAction.java
0.037,x-pack\plugin\watcher\src\main\java\org\elasticsearch\xpack\watcher\rest\action\RestExecuteWatchAction.java
0.118,x-pack\plugin\watcher\src\main\java\org\elasticsearch\xpack\watcher\rest\action\RestGetWatchAction.java
0.213,x-pack\plugin\watcher\src\main\java\org\elasticsearch\xpack\watcher\rest\action\RestGetWatcherSettingsAction.java
0.078,x-pack\plugin\watcher\src\main\java\org\elasticsearch\xpack\watcher\rest\action\RestPutWatchAction.java
0.14,x-pack\plugin\watcher\src\main\java\org\elasticsearch\xpack\watcher\rest\action\RestQueryWatchesAction.java
0.204,x-pack\plugin\watcher\src\main\java\org\elasticsearch\xpack\watcher\rest\action\RestUpdateWatcherSettingsAction.java
0.113,x-pack\plugin\watcher\src\main\java\org\elasticsearch\xpack\watcher\rest\action\RestWatcherStatsAction.java
0.103,x-pack\plugin\watcher\src\main\java\org\elasticsearch\xpack\watcher\rest\action\RestWatchServiceAction.java
0.101,x-pack\plugin\watcher\src\main\java\org\elasticsearch\xpack\watcher\notification\email\Account.java
0.031,x-pack\plugin\watcher\src\main\java\org\elasticsearch\xpack\watcher\notification\email\Attachment.java
0.14,x-pack\plugin\watcher\src\main\java\org\elasticsearch\xpack\watcher\notification\email\Authentication.java
0.05,x-pack\plugin\watcher\src\main\java\org\elasticsearch\xpack\watcher\notification\email\DataAttachment.java
0.015,x-pack\plugin\watcher\src\main\java\org\elasticsearch\xpack\watcher\notification\email\Email.java
0.05,x-pack\plugin\watcher\src\main\java\org\elasticsearch\xpack\watcher\notification\email\EmailService.java
0.022,x-pack\plugin\watcher\src\main\java\org\elasticsearch\xpack\watcher\notification\email\EmailTemplate.java
0.072,x-pack\plugin\watcher\src\main\java\org\elasticsearch\xpack\watcher\notification\email\HtmlSanitizer.java
0.047,x-pack\plugin\watcher\src\main\java\org\elasticsearch\xpack\watcher\notification\email\Profile.java
0.069,x-pack\plugin\watcher\src\main\java\org\elasticsearch\xpack\watcher\notification\jira\JiraAccount.java
0.063,x-pack\plugin\watcher\src\main\java\org\elasticsearch\xpack\watcher\notification\jira\JiraIssue.java
0.134,x-pack\plugin\watcher\src\main\java\org\elasticsearch\xpack\watcher\notification\jira\JiraService.java
0.035,x-pack\plugin\watcher\src\main\java\org\elasticsearch\xpack\watcher\notification\pagerduty\IncidentEvent.java
0.025,x-pack\plugin\watcher\src\main\java\org\elasticsearch\xpack\watcher\notification\pagerduty\IncidentEventContext.java
0.096,x-pack\plugin\watcher\src\main\java\org\elasticsearch\xpack\watcher\notification\pagerduty\IncidentEventDefaults.java
0.097,x-pack\plugin\watcher\src\main\java\org\elasticsearch\xpack\watcher\notification\pagerduty\PagerDutyAccount.java
0.145,x-pack\plugin\watcher\src\main\java\org\elasticsearch\xpack\watcher\notification\pagerduty\PagerDutyService.java
0.095,x-pack\plugin\watcher\src\main\java\org\elasticsearch\xpack\watcher\notification\pagerduty\SentEvent.java
0.053,x-pack\plugin\watcher\src\main\java\org\elasticsearch\xpack\watcher\notification\slack\SentMessages.java
0.043,x-pack\plugin\watcher\src\main\java\org\elasticsearch\xpack\watcher\notification\slack\SlackAccount.java
0.138,x-pack\plugin\watcher\src\main\java\org\elasticsearch\xpack\watcher\notification\slack\SlackService.java
0.035,x-pack\plugin\watcher\src\main\java\org\elasticsearch\xpack\watcher\notification\slack\message\Action.java
0.014,x-pack\plugin\watcher\src\main\java\org\elasticsearch\xpack\watcher\notification\slack\message\Attachment.java
0.049,x-pack\plugin\watcher\src\main\java\org\elasticsearch\xpack\watcher\notification\slack\message\DynamicAttachments.java
0.033,x-pack\plugin\watcher\src\main\java\org\elasticsearch\xpack\watcher\notification\slack\message\Field.java
0.333,x-pack\plugin\watcher\src\main\java\org\elasticsearch\xpack\watcher\notification\slack\message\MessageElement.java
0.013,x-pack\plugin\watcher\src\main\java\org\elasticsearch\xpack\watcher\notification\slack\message\SlackMessage.java
0.034,x-pack\plugin\watcher\src\main\java\org\elasticsearch\xpack\watcher\notification\slack\message\SlackMessageDefaults.java
0.067,x-pack\plugin\watcher\src\main\java\org\elasticsearch\xpack\watcher\notification\email\attachment\DataAttachment.java
0.09,x-pack\plugin\watcher\src\main\java\org\elasticsearch\xpack\watcher\notification\email\attachment\DataAttachmentParser.java
0.597,x-pack\plugin\watcher\src\main\java\org\elasticsearch\xpack\watcher\notification\email\attachment\EmailAttachmentParser.java
0.094,x-pack\plugin\watcher\src\main\java\org\elasticsearch\xpack\watcher\notification\email\attachment\EmailAttachments.java
0.119,x-pack\plugin\watcher\src\main\java\org\elasticsearch\xpack\watcher\notification\email\attachment\EmailAttachmentsParser.java
0.057,x-pack\plugin\watcher\src\main\java\org\elasticsearch\xpack\watcher\notification\email\attachment\HttpEmailAttachementParser.java
0.05,x-pack\plugin\watcher\src\main\java\org\elasticsearch\xpack\watcher\notification\email\attachment\HttpRequestAttachment.java
0.043,x-pack\plugin\watcher\src\main\java\org\elasticsearch\xpack\watcher\notification\email\attachment\ReportingAttachment.java
0.063,x-pack\plugin\watcher\src\main\java\org\elasticsearch\xpack\watcher\notification\email\attachment\ReportingAttachmentParser.java
0.115,x-pack\plugin\watcher\src\main\java\org\elasticsearch\xpack\watcher\notification\email\support\BodyPartSource.java
0.047,x-pack\plugin\watcher\src\main\java\org\elasticsearch\xpack\watcher\input\chain\ChainInput.java
0.12,x-pack\plugin\watcher\src\main\java\org\elasticsearch\xpack\watcher\input\chain\ChainInputFactory.java
0.113,x-pack\plugin\watcher\src\main\java\org\elasticsearch\xpack\watcher\input\chain\ExecutableChainInput.java
0.073,x-pack\plugin\watcher\src\main\java\org\elasticsearch\xpack\watcher\input\http\ExecutableHttpInput.java
0.024,x-pack\plugin\watcher\src\main\java\org\elasticsearch\xpack\watcher\input\http\HttpInput.java
0.146,x-pack\plugin\watcher\src\main\java\org\elasticsearch\xpack\watcher\input\http\HttpInputFactory.java
0.24,x-pack\plugin\watcher\src\main\java\org\elasticsearch\xpack\watcher\input\none\ExecutableNoneInput.java
0.2,x-pack\plugin\watcher\src\main\java\org\elasticsearch\xpack\watcher\input\none\NoneInputFactory.java
0.079,x-pack\plugin\watcher\src\main\java\org\elasticsearch\xpack\watcher\input\search\ExecutableSearchInput.java
0.025,x-pack\plugin\watcher\src\main\java\org\elasticsearch\xpack\watcher\input\search\SearchInput.java
0.111,x-pack\plugin\watcher\src\main\java\org\elasticsearch\xpack\watcher\input\search\SearchInputFactory.java
0.346,x-pack\plugin\watcher\src\main\java\org\elasticsearch\xpack\watcher\input\simple\ExecutableSimpleInput.java
0.061,x-pack\plugin\watcher\src\main\java\org\elasticsearch\xpack\watcher\input\simple\SimpleInput.java
0.207,x-pack\plugin\watcher\src\main\java\org\elasticsearch\xpack\watcher\input\simple\SimpleInputFactory.java
0.207,x-pack\plugin\watcher\src\main\java\org\elasticsearch\xpack\watcher\input\transform\ExecutableTransformInput.java
0.184,x-pack\plugin\watcher\src\main\java\org\elasticsearch\xpack\watcher\input\transform\TransformInput.java
0.281,x-pack\plugin\watcher\src\main\java\org\elasticsearch\xpack\watcher\input\transform\TransformInputFactory.java
0.067,x-pack\plugin\watcher\src\main\java\org\elasticsearch\xpack\watcher\common\http\BasicAuth.java
0.111,x-pack\plugin\watcher\src\main\java\org\elasticsearch\xpack\watcher\common\http\HttpClient.java
0.105,x-pack\plugin\watcher\src\main\java\org\elasticsearch\xpack\watcher\common\http\HttpContentType.java
0.136,x-pack\plugin\watcher\src\main\java\org\elasticsearch\xpack\watcher\common\http\HttpMethod.java
0.055,x-pack\plugin\watcher\src\main\java\org\elasticsearch\xpack\watcher\common\http\HttpProxy.java
0.049,x-pack\plugin\watcher\src\main\java\org\elasticsearch\xpack\watcher\common\http\HttpRequest.java
0.016,x-pack\plugin\watcher\src\main\java\org\elasticsearch\xpack\watcher\common\http\HttpRequestTemplate.java
0.051,x-pack\plugin\watcher\src\main\java\org\elasticsearch\xpack\watcher\common\http\HttpResponse.java
0.106,x-pack\plugin\watcher\src\main\java\org\elasticsearch\xpack\watcher\common\http\HttpSettings.java
0.13,x-pack\plugin\watcher\src\main\java\org\elasticsearch\xpack\watcher\common\http\Scheme.java
0.239,x-pack\plugin\watcher\src\main\java\org\elasticsearch\xpack\watcher\common\http\SizeLimitInputStream.java
0.141,x-pack\plugin\watcher\src\main\java\org\elasticsearch\xpack\watcher\common\text\TextTemplate.java
0.096,x-pack\plugin\watcher\src\main\java\org\elasticsearch\xpack\watcher\common\text\TextTemplateEngine.java
0.027,x-pack\plugin\watcher\src\main\java\org\elasticsearch\xpack\watcher\actions\email\EmailAction.java
0.115,x-pack\plugin\watcher\src\main\java\org\elasticsearch\xpack\watcher\actions\email\EmailActionFactory.java
0.095,x-pack\plugin\watcher\src\main\java\org\elasticsearch\xpack\watcher\actions\email\ExecutableEmailAction.java
0.062,x-pack\plugin\watcher\src\main\java\org\elasticsearch\xpack\watcher\actions\index\ExecutableIndexAction.java
0.018,x-pack\plugin\watcher\src\main\java\org\elasticsearch\xpack\watcher\actions\index\IndexAction.java
0.146,x-pack\plugin\watcher\src\main\java\org\elasticsearch\xpack\watcher\actions\index\IndexActionFactory.java
0.175,x-pack\plugin\watcher\src\main\java\org\elasticsearch\xpack\watcher\actions\jira\ExecutableJiraAction.java
0.031,x-pack\plugin\watcher\src\main\java\org\elasticsearch\xpack\watcher\actions\jira\JiraAction.java
0.176,x-pack\plugin\watcher\src\main\java\org\elasticsearch\xpack\watcher\actions\jira\JiraActionFactory.java
0.13,x-pack\plugin\watcher\src\main\java\org\elasticsearch\xpack\watcher\actions\logging\ExecutableLoggingAction.java
0.027,x-pack\plugin\watcher\src\main\java\org\elasticsearch\xpack\watcher\actions\logging\LoggingAction.java
0.2,x-pack\plugin\watcher\src\main\java\org\elasticsearch\xpack\watcher\actions\logging\LoggingActionFactory.java
0.105,x-pack\plugin\watcher\src\main\java\org\elasticsearch\xpack\watcher\actions\logging\LoggingLevel.java
0.119,x-pack\plugin\watcher\src\main\java\org\elasticsearch\xpack\watcher\actions\pagerduty\ExecutablePagerDutyAction.java
0.045,x-pack\plugin\watcher\src\main\java\org\elasticsearch\xpack\watcher\actions\pagerduty\PagerDutyAction.java
0.176,x-pack\plugin\watcher\src\main\java\org\elasticsearch\xpack\watcher\actions\pagerduty\PagerDutyActionFactory.java
0.127,x-pack\plugin\watcher\src\main\java\org\elasticsearch\xpack\watcher\actions\slack\ExecutableSlackAction.java
0.028,x-pack\plugin\watcher\src\main\java\org\elasticsearch\xpack\watcher\actions\slack\SlackAction.java
0.182,x-pack\plugin\watcher\src\main\java\org\elasticsearch\xpack\watcher\actions\slack\SlackActionFactory.java
0.188,x-pack\plugin\watcher\src\main\java\org\elasticsearch\xpack\watcher\actions\webhook\ExecutableWebhookAction.java
0.033,x-pack\plugin\watcher\src\main\java\org\elasticsearch\xpack\watcher\actions\webhook\WebhookAction.java
0.182,x-pack\plugin\watcher\src\main\java\org\elasticsearch\xpack\watcher\actions\webhook\WebhookActionFactory.java
0.087,x-pack\plugin\watcher\src\javaRestTest\java\org\elasticsearch\smoketest\SmokeTestWatcherTestSuiteIT.java
0.025,x-pack\plugin\watcher\src\javaRestTest\java\org\elasticsearch\smoketest\SmokeTestWatcherWithSecurityIT.java
0.083,x-pack\plugin\watcher\src\javaRestTest\java\org\elasticsearch\smoketest\WatcherRestTestCase.java
0.105,x-pack\plugin\watcher\src\internalClusterTest\java\org\elasticsearch\xpack\watcher\WatcherConcreteIndexTests.java
0.279,x-pack\plugin\watcher\src\internalClusterTest\java\org\elasticsearch\xpack\watcher\actions\ActionErrorIntegrationTests.java
0.055,x-pack\plugin\watcher\src\internalClusterTest\java\org\elasticsearch\xpack\watcher\actions\TimeThrottleIntegrationTests.java
0.045,x-pack\plugin\watcher\src\internalClusterTest\java\org\elasticsearch\xpack\watcher\condition\ArrayCompareConditionSearchTests.java
0.048,x-pack\plugin\watcher\src\internalClusterTest\java\org\elasticsearch\xpack\watcher\condition\CompareConditionSearchTests.java
0.094,x-pack\plugin\watcher\src\internalClusterTest\java\org\elasticsearch\xpack\watcher\execution\ExecuteWatchQueuedStatsTests.java
0.135,x-pack\plugin\watcher\src\internalClusterTest\java\org\elasticsearch\xpack\watcher\history\HistoryActionConditionTests.java
0.079,x-pack\plugin\watcher\src\internalClusterTest\java\org\elasticsearch\xpack\watcher\history\HistoryTemplateEmailMappingsTests.java
0.078,x-pack\plugin\watcher\src\internalClusterTest\java\org\elasticsearch\xpack\watcher\history\HistoryTemplateHttpMappingsTests.java
0.159,x-pack\plugin\watcher\src\internalClusterTest\java\org\elasticsearch\xpack\watcher\history\HistoryTemplateIndexActionMappingsTests.java
0.113,x-pack\plugin\watcher\src\internalClusterTest\java\org\elasticsearch\xpack\watcher\history\HistoryTemplateSearchInputMappingsTests.java
0.117,x-pack\plugin\watcher\src\internalClusterTest\java\org\elasticsearch\xpack\watcher\history\HistoryTemplateTimeMappingsTests.java
0.087,x-pack\plugin\watcher\src\internalClusterTest\java\org\elasticsearch\xpack\watcher\history\HistoryTemplateTransformMappingsTests.java
0.07,x-pack\plugin\watcher\src\internalClusterTest\java\org\elasticsearch\xpack\watcher\test\AbstractWatcherIntegrationTestCase.java
0.053,x-pack\plugin\watcher\src\internalClusterTest\java\org\elasticsearch\xpack\watcher\transform\TransformIntegrationTests.java
0.108,x-pack\plugin\watcher\src\internalClusterTest\java\org\elasticsearch\xpack\watcher\watch\WatchStatusIntegrationTests.java
0.068,x-pack\plugin\watcher\src\internalClusterTest\java\org\elasticsearch\xpack\watcher\transport\action\activate\ActivateWatchTests.java
0.175,x-pack\plugin\watcher\src\internalClusterTest\java\org\elasticsearch\xpack\watcher\transport\action\delete\DeleteWatchTests.java
0.053,x-pack\plugin\watcher\src\internalClusterTest\java\org\elasticsearch\xpack\watcher\transport\action\execute\ExecuteWatchTests.java
0.092,x-pack\plugin\watcher\src\internalClusterTest\java\org\elasticsearch\xpack\watcher\transport\action\get\GetWatchTests.java
0.033,x-pack\plugin\watcher\src\internalClusterTest\java\org\elasticsearch\xpack\watcher\test\integration\BasicWatcherTests.java
0.052,x-pack\plugin\watcher\src\internalClusterTest\java\org\elasticsearch\xpack\watcher\test\integration\BootStrapTests.java
0.066,x-pack\plugin\watcher\src\internalClusterTest\java\org\elasticsearch\xpack\watcher\test\integration\ExecutionVarsIntegrationTests.java
0.095,x-pack\plugin\watcher\src\internalClusterTest\java\org\elasticsearch\xpack\watcher\test\integration\HistoryIntegrationTests.java
0.062,x-pack\plugin\watcher\src\internalClusterTest\java\org\elasticsearch\xpack\watcher\test\integration\HttpSecretsIntegrationTests.java
0.105,x-pack\plugin\watcher\src\internalClusterTest\java\org\elasticsearch\xpack\watcher\test\integration\RejectedExecutionTests.java
0.13,x-pack\plugin\watcher\src\internalClusterTest\java\org\elasticsearch\xpack\watcher\test\integration\SingleNodeTests.java
0.047,x-pack\plugin\watcher\src\internalClusterTest\java\org\elasticsearch\xpack\watcher\test\integration\WatchAckTests.java
0.059,x-pack\plugin\watcher\src\internalClusterTest\java\org\elasticsearch\xpack\watcher\test\integration\WatchMetadataTests.java
0.065,x-pack\plugin\watcher\src\internalClusterTest\java\org\elasticsearch\xpack\watcher\notification\email\EmailSecretsIntegrationTests.java
0.065,x-pack\plugin\watcher\src\internalClusterTest\java\org\elasticsearch\xpack\watcher\input\chain\ChainIntegrationTests.java
0.036,x-pack\plugin\watcher\src\internalClusterTest\java\org\elasticsearch\xpack\watcher\actions\email\EmailAttachmentTests.java
0.018,x-pack\plugin\watcher\src\internalClusterTest\java\org\elasticsearch\xpack\watcher\actions\throttler\ActionThrottleTests.java
0.042,x-pack\plugin\watcher\src\internalClusterTest\java\org\elasticsearch\xpack\watcher\actions\webhook\WebhookHttpsIntegrationTests.java
0.035,x-pack\plugin\watcher\src\internalClusterTest\java\org\elasticsearch\xpack\watcher\actions\webhook\WebhookIntegrationTests.java
0.045,x-pack\plugin\watcher\src\internalClusterTest\java\org\elasticsearch\xpack\watcher\actions\webhook\WebhookTokenIntegrationTests.java
0.286,x-pack\plugin\voting-only-node\src\test\java\org\elasticsearch\cluster\coordination\votingonly\LocalStateVotingOnlyNodePlugin.java
0.136,x-pack\plugin\voting-only-node\src\test\java\org\elasticsearch\cluster\coordination\votingonly\VotingOnlyNodeCoordinationStateTests.java
0.085,x-pack\plugin\voting-only-node\src\test\java\org\elasticsearch\cluster\coordination\votingonly\VotingOnlyNodeCoordinatorTests.java
0.158,x-pack\plugin\voting-only-node\src\main\java\org\elasticsearch\cluster\coordination\votingonly\VotingOnlyInfoTransportAction.java
0.093,x-pack\plugin\voting-only-node\src\main\java\org\elasticsearch\cluster\coordination\votingonly\VotingOnlyNodePlugin.java
0.13,x-pack\plugin\voting-only-node\src\main\java\org\elasticsearch\cluster\coordination\votingonly\VotingOnlyUsageTransportAction.java
0.032,x-pack\plugin\voting-only-node\src\internalClusterTest\java\org\elasticsearch\cluster\coordination\votingonly\VotingOnlyNodePluginTests.java
0.093,x-pack\plugin\vector-tile\src\test\java\org\elasticsearch\xpack\vectortile\feature\FeatureFactoriesConsistencyTests.java
0.049,x-pack\plugin\vector-tile\src\test\java\org\elasticsearch\xpack\vectortile\feature\FeatureFactoryTests.java
0.208,x-pack\plugin\vector-tile\src\test\java\org\elasticsearch\xpack\vectortile\rest\GridAggregationTests.java
0.035,x-pack\plugin\vector-tile\src\test\java\org\elasticsearch\xpack\vectortile\rest\VectorTileRequestTests.java
0.246,x-pack\plugin\vector-tile\src\test\java\org\elasticsearch\xpack\vectortile\rest\VectorTileUtilTests.java
0.204,x-pack\plugin\vector-tile\src\main\java\org\elasticsearch\xpack\vectortile\SpatialGeometryFormatterExtension.java
0.14,x-pack\plugin\vector-tile\src\main\java\org\elasticsearch\xpack\vectortile\VectorTilePlugin.java
0.162,x-pack\plugin\vector-tile\src\main\java\org\elasticsearch\xpack\vectortile\feature\FeatureFactory.java
0.359,x-pack\plugin\vector-tile\src\main\java\org\elasticsearch\xpack\vectortile\feature\PatchedJtsAdapter.java
0.302,x-pack\plugin\vector-tile\src\main\java\org\elasticsearch\xpack\vectortile\rest\GridAggregation.java
0.143,x-pack\plugin\vector-tile\src\main\java\org\elasticsearch\xpack\vectortile\rest\GridType.java
0.071,x-pack\plugin\vector-tile\src\main\java\org\elasticsearch\xpack\vectortile\rest\RestVectorTileAction.java
0.041,x-pack\plugin\vector-tile\src\main\java\org\elasticsearch\xpack\vectortile\rest\VectorTileRequest.java
0.286,x-pack\plugin\vector-tile\src\main\java\org\elasticsearch\xpack\vectortile\rest\VectorTileUtils.java
0.061,x-pack\plugin\vector-tile\src\javaRestTest\java\org\elasticsearch\xpack\vectortile\VectorTileCCSIT.java
0.033,x-pack\plugin\vector-tile\src\javaRestTest\java\org\elasticsearch\xpack\vectortile\VectorTileRestIT.java
0.207,x-pack\plugin\transform\src\test\java\org\elasticsearch\xpack\transform\LocalStateTransform.java
0.028,x-pack\plugin\transform\src\test\java\org\elasticsearch\xpack\transform\TransformConfigAutoMigrationTests.java
0.067,x-pack\plugin\transform\src\test\java\org\elasticsearch\xpack\transform\TransformInfoTransportActionTests.java
0.158,x-pack\plugin\transform\src\test\java\org\elasticsearch\xpack\transform\TransformMetadataTests.java
0.265,x-pack\plugin\transform\src\test\java\org\elasticsearch\xpack\transform\TransformNodeTests.java
0.062,x-pack\plugin\transform\src\test\java\org\elasticsearch\xpack\transform\TransformTests.java
0.231,x-pack\plugin\transform\src\test\java\org\elasticsearch\xpack\transform\action\GetTransformStatsActionResponseTests.java
0.046,x-pack\plugin\transform\src\test\java\org\elasticsearch\xpack\transform\action\TransformConfigLinterTests.java
0.019,x-pack\plugin\transform\src\test\java\org\elasticsearch\xpack\transform\action\TransformPrivilegeCheckerTests.java
0.015,x-pack\plugin\transform\src\test\java\org\elasticsearch\xpack\transform\action\TransformUpdaterTests.java
0.044,x-pack\plugin\transform\src\test\java\org\elasticsearch\xpack\transform\action\TransportGetCheckpointActionTests.java
0.032,x-pack\plugin\transform\src\test\java\org\elasticsearch\xpack\transform\action\TransportGetCheckpointNodeActionTests.java
0.018,x-pack\plugin\transform\src\test\java\org\elasticsearch\xpack\transform\action\TransportGetTransformStatsActionTests.java
0.028,x-pack\plugin\transform\src\test\java\org\elasticsearch\xpack\transform\action\TransportSetTransformUpgradeModeActionTests.java
0.034,x-pack\plugin\transform\src\test\java\org\elasticsearch\xpack\transform\action\TransportStopTransformActionTests.java
0.021,x-pack\plugin\transform\src\test\java\org\elasticsearch\xpack\transform\checkpoint\DefaultCheckpointProviderTests.java
0.096,x-pack\plugin\transform\src\test\java\org\elasticsearch\xpack\transform\checkpoint\MockTimebasedCheckpointProvider.java
0.028,x-pack\plugin\transform\src\test\java\org\elasticsearch\xpack\transform\checkpoint\TimeBasedCheckpointProviderTests.java
0.098,x-pack\plugin\transform\src\test\java\org\elasticsearch\xpack\transform\checkpoint\TransformsCheckpointServiceTests.java
0.179,x-pack\plugin\transform\src\test\java\org\elasticsearch\xpack\transform\notifications\MockTransformAuditor.java
0.042,x-pack\plugin\transform\src\test\java\org\elasticsearch\xpack\transform\persistence\InMemoryTransformConfigManager.java
0.1,x-pack\plugin\transform\src\test\java\org\elasticsearch\xpack\transform\persistence\SeqNoPrimaryTermAndIndexTests.java
0.019,x-pack\plugin\transform\src\test\java\org\elasticsearch\xpack\transform\persistence\TransformIndexTests.java
0.024,x-pack\plugin\transform\src\test\java\org\elasticsearch\xpack\transform\persistence\TransformInternalIndexTests.java
0.222,x-pack\plugin\transform\src\test\java\org\elasticsearch\xpack\transform\schema\TimeRetentionPolicyConfigTests.java
0.222,x-pack\plugin\transform\src\test\java\org\elasticsearch\xpack\transform\schema\TransformCheckpointingInfoTests.java
0.222,x-pack\plugin\transform\src\test\java\org\elasticsearch\xpack\transform\schema\TransformCheckpointStatsTests.java
0.231,x-pack\plugin\transform\src\test\java\org\elasticsearch\xpack\transform\schema\TransformCheckpointTests.java
0.15,x-pack\plugin\transform\src\test\java\org\elasticsearch\xpack\transform\schema\TransformConfigTests.java
0.222,x-pack\plugin\transform\src\test\java\org\elasticsearch\xpack\transform\schema\TransformIndexerStatsTests.java
0.222,x-pack\plugin\transform\src\test\java\org\elasticsearch\xpack\transform\schema\TransformStatsTests.java
0.04,x-pack\plugin\transform\src\test\java\org\elasticsearch\xpack\transform\transforms\ClientTransformIndexerTests.java
0.133,x-pack\plugin\transform\src\test\java\org\elasticsearch\xpack\transform\transforms\FunctionFactoryTests.java
0.087,x-pack\plugin\transform\src\test\java\org\elasticsearch\xpack\transform\transforms\IDGeneratorTests.java
0.081,x-pack\plugin\transform\src\test\java\org\elasticsearch\xpack\transform\transforms\RetentionPolicyConfigToDeleteByQueryTests.java
0.038,x-pack\plugin\transform\src\test\java\org\elasticsearch\xpack\transform\transforms\TransformContextTests.java
0.025,x-pack\plugin\transform\src\test\java\org\elasticsearch\xpack\transform\transforms\TransformFailureHandlerTests.java
0.062,x-pack\plugin\transform\src\test\java\org\elasticsearch\xpack\transform\transforms\TransformHealthCheckerTests.java
0.037,x-pack\plugin\transform\src\test\java\org\elasticsearch\xpack\transform\transforms\TransformIndexerFailureHandlingTests.java
0.027,x-pack\plugin\transform\src\test\java\org\elasticsearch\xpack\transform\transforms\TransformIndexerFailureOnStatePersistenceTests.java
0.094,x-pack\plugin\transform\src\test\java\org\elasticsearch\xpack\transform\transforms\TransformIndexerStateTests.java
0.066,x-pack\plugin\transform\src\test\java\org\elasticsearch\xpack\transform\transforms\TransformIndexerTests.java
0.082,x-pack\plugin\transform\src\test\java\org\elasticsearch\xpack\transform\transforms\TransformNodeAssignmentsTests.java
0.047,x-pack\plugin\transform\src\test\java\org\elasticsearch\xpack\transform\transforms\TransformNodesTests.java
0.026,x-pack\plugin\transform\src\test\java\org\elasticsearch\xpack\transform\transforms\TransformPersistentTasksExecutorTests.java
0.172,x-pack\plugin\transform\src\test\java\org\elasticsearch\xpack\transform\transforms\TransformRetryableStartUpListenerTests.java
0.016,x-pack\plugin\transform\src\test\java\org\elasticsearch\xpack\transform\transforms\TransformTaskTests.java
0.057,x-pack\plugin\transform\src\test\java\org\elasticsearch\xpack\transform\utils\ExceptionRootCauseFinderTests.java
0.4,x-pack\plugin\transform\src\test\java\org\elasticsearch\xpack\transform\utils\OutputFieldNameConverterTests.java
0.095,x-pack\plugin\transform\src\test\java\org\elasticsearch\xpack\transform\utils\SecondaryAuthorizationUtilsTests.java
0.052,x-pack\plugin\transform\src\test\java\org\elasticsearch\xpack\transform\transforms\common\DocumentConversionUtilsTests.java
0.049,x-pack\plugin\transform\src\test\java\org\elasticsearch\xpack\transform\transforms\latest\LatestChangeCollectorTests.java
0.176,x-pack\plugin\transform\src\test\java\org\elasticsearch\xpack\transform\transforms\latest\LatestTests.java
0.006,x-pack\plugin\transform\src\test\java\org\elasticsearch\xpack\transform\transforms\pivot\AggregationResultUtilsTests.java
0.036,x-pack\plugin\transform\src\test\java\org\elasticsearch\xpack\transform\transforms\pivot\AggregationSchemaAndResultTests.java
0.092,x-pack\plugin\transform\src\test\java\org\elasticsearch\xpack\transform\transforms\pivot\CompositeBucketsChangeCollectorTests.java
0.084,x-pack\plugin\transform\src\test\java\org\elasticsearch\xpack\transform\transforms\pivot\DateHistogramFieldCollectorTests.java
0.101,x-pack\plugin\transform\src\test\java\org\elasticsearch\xpack\transform\transforms\pivot\GroupByOptimizerTests.java
0.021,x-pack\plugin\transform\src\test\java\org\elasticsearch\xpack\transform\transforms\pivot\PivotTests.java
0.059,x-pack\plugin\transform\src\test\java\org\elasticsearch\xpack\transform\transforms\pivot\SchemaUtilTests.java
0.073,x-pack\plugin\transform\src\test\java\org\elasticsearch\xpack\transform\transforms\pivot\TransformAggregationsTests.java
0.293,x-pack\plugin\transform\src\test\java\org\elasticsearch\xpack\transform\transforms\scheduling\FakeClock.java
0.159,x-pack\plugin\transform\src\test\java\org\elasticsearch\xpack\transform\transforms\scheduling\MonotonicClockTests.java
0.052,x-pack\plugin\transform\src\test\java\org\elasticsearch\xpack\transform\transforms\scheduling\TransformScheduledTaskQueueTests.java
0.175,x-pack\plugin\transform\src\test\java\org\elasticsearch\xpack\transform\transforms\scheduling\TransformScheduledTaskTests.java
0.028,x-pack\plugin\transform\src\test\java\org\elasticsearch\xpack\transform\transforms\scheduling\TransformSchedulerTests.java
0.091,x-pack\plugin\transform\src\test\java\org\elasticsearch\xpack\transform\transforms\scheduling\TransformSchedulingUtilsTests.java
0.055,x-pack\plugin\transform\src\test\java\org\elasticsearch\xpack\transform\rest\action\RestDeleteTransformActionTests.java
0.087,x-pack\plugin\transform\src\test\java\org\elasticsearch\xpack\transform\rest\action\RestScheduleNowTransformActionTests.java
0.098,x-pack\plugin\transform\src\test\java\org\elasticsearch\xpack\transform\rest\action\RestStartTransformActionTests.java
0.154,x-pack\plugin\transform\src\main\java\module-info.java
0.227,x-pack\plugin\transform\src\main\java\org\elasticsearch\xpack\transform\DefaultTransformExtension.java
0.048,x-pack\plugin\transform\src\main\java\org\elasticsearch\xpack\transform\Transform.java
0.196,x-pack\plugin\transform\src\main\java\org\elasticsearch\xpack\transform\TransformClusterStateListener.java
0.15,x-pack\plugin\transform\src\main\java\org\elasticsearch\xpack\transform\TransformConfigAutoMigration.java
0.4,x-pack\plugin\transform\src\main\java\org\elasticsearch\xpack\transform\TransformExtension.java
0.341,x-pack\plugin\transform\src\main\java\org\elasticsearch\xpack\transform\TransformExtensionHolder.java
0.039,x-pack\plugin\transform\src\main\java\org\elasticsearch\xpack\transform\TransformInfoTransportAction.java
0.367,x-pack\plugin\transform\src\main\java\org\elasticsearch\xpack\transform\TransformNode.java
0.279,x-pack\plugin\transform\src\main\java\org\elasticsearch\xpack\transform\TransformServices.java
0.112,x-pack\plugin\transform\src\main\java\org\elasticsearch\xpack\transform\TransformUsageTransportAction.java
0.312,x-pack\plugin\transform\src\main\java\org\elasticsearch\xpack\transform\action\TransformConfigLinter.java
0.071,x-pack\plugin\transform\src\main\java\org\elasticsearch\xpack\transform\action\TransformPrivilegeChecker.java
0.167,x-pack\plugin\transform\src\main\java\org\elasticsearch\xpack\transform\action\TransformUpdater.java
0.068,x-pack\plugin\transform\src\main\java\org\elasticsearch\xpack\transform\action\TransportDeleteTransformAction.java
0.062,x-pack\plugin\transform\src\main\java\org\elasticsearch\xpack\transform\action\TransportGetCheckpointAction.java
0.062,x-pack\plugin\transform\src\main\java\org\elasticsearch\xpack\transform\action\TransportGetCheckpointNodeAction.java
0.037,x-pack\plugin\transform\src\main\java\org\elasticsearch\xpack\transform\action\TransportGetTransformAction.java
0.106,x-pack\plugin\transform\src\main\java\org\elasticsearch\xpack\transform\action\TransportGetTransformNodeStatsAction.java
0.054,x-pack\plugin\transform\src\main\java\org\elasticsearch\xpack\transform\action\TransportGetTransformStatsAction.java
0.042,x-pack\plugin\transform\src\main\java\org\elasticsearch\xpack\transform\action\TransportPreviewTransformAction.java
0.048,x-pack\plugin\transform\src\main\java\org\elasticsearch\xpack\transform\action\TransportPutTransformAction.java
0.066,x-pack\plugin\transform\src\main\java\org\elasticsearch\xpack\transform\action\TransportResetTransformAction.java
0.06,x-pack\plugin\transform\src\main\java\org\elasticsearch\xpack\transform\action\TransportScheduleNowTransformAction.java
0.105,x-pack\plugin\transform\src\main\java\org\elasticsearch\xpack\transform\action\TransportSetTransformResetModeAction.java
0.074,x-pack\plugin\transform\src\main\java\org\elasticsearch\xpack\transform\action\TransportSetTransformUpgradeModeAction.java
0.077,x-pack\plugin\transform\src\main\java\org\elasticsearch\xpack\transform\action\TransportStartTransformAction.java
0.071,x-pack\plugin\transform\src\main\java\org\elasticsearch\xpack\transform\action\TransportStopTransformAction.java
0.047,x-pack\plugin\transform\src\main\java\org\elasticsearch\xpack\transform\action\TransportUpdateTransformAction.java
0.094,x-pack\plugin\transform\src\main\java\org\elasticsearch\xpack\transform\action\TransportUpgradeTransformsAction.java
0.074,x-pack\plugin\transform\src\main\java\org\elasticsearch\xpack\transform\action\TransportValidateTransformAction.java
0.294,x-pack\plugin\transform\src\main\java\org\elasticsearch\xpack\transform\checkpoint\CheckpointClient.java
0.3,x-pack\plugin\transform\src\main\java\org\elasticsearch\xpack\transform\checkpoint\CheckpointException.java
0.56,x-pack\plugin\transform\src\main\java\org\elasticsearch\xpack\transform\checkpoint\CheckpointProvider.java
0.077,x-pack\plugin\transform\src\main\java\org\elasticsearch\xpack\transform\checkpoint\DefaultCheckpointProvider.java
0.125,x-pack\plugin\transform\src\main\java\org\elasticsearch\xpack\transform\checkpoint\RemoteClusterResolver.java
0.113,x-pack\plugin\transform\src\main\java\org\elasticsearch\xpack\transform\checkpoint\TimeBasedCheckpointProvider.java
0.235,x-pack\plugin\transform\src\main\java\org\elasticsearch\xpack\transform\checkpoint\TransformCheckpointService.java
0.078,x-pack\plugin\transform\src\main\java\org\elasticsearch\xpack\transform\notifications\TransformAuditor.java
0.129,x-pack\plugin\transform\src\main\java\org\elasticsearch\xpack\transform\persistence\AuthorizationStatePersistenceUtils.java
0.071,x-pack\plugin\transform\src\main\java\org\elasticsearch\xpack\transform\persistence\IndexBasedTransformConfigManager.java
0.125,x-pack\plugin\transform\src\main\java\org\elasticsearch\xpack\transform\persistence\SeqNoPrimaryTermAndIndex.java
0.57,x-pack\plugin\transform\src\main\java\org\elasticsearch\xpack\transform\persistence\TransformConfigManager.java
0.171,x-pack\plugin\transform\src\main\java\org\elasticsearch\xpack\transform\persistence\TransformIndex.java
0.151,x-pack\plugin\transform\src\main\java\org\elasticsearch\xpack\transform\persistence\TransformInternalIndex.java
0.375,x-pack\plugin\transform\src\main\java\org\elasticsearch\xpack\transform\persistence\TransformStatePersistenceException.java
0.182,x-pack\plugin\transform\src\main\java\org\elasticsearch\xpack\transform\telemetry\TransformMeterRegistry.java
0.469,x-pack\plugin\transform\src\main\java\org\elasticsearch\xpack\transform\transforms\BulkIndexingException.java
0.375,x-pack\plugin\transform\src\main\java\org\elasticsearch\xpack\transform\transforms\CannotStartFailedTransformException.java
0.092,x-pack\plugin\transform\src\main\java\org\elasticsearch\xpack\transform\transforms\ClientTransformIndexer.java
0.047,x-pack\plugin\transform\src\main\java\org\elasticsearch\xpack\transform\transforms\ClientTransformIndexerBuilder.java
0.643,x-pack\plugin\transform\src\main\java\org\elasticsearch\xpack\transform\transforms\Function.java
0.366,x-pack\plugin\transform\src\main\java\org\elasticsearch\xpack\transform\transforms\FunctionFactory.java
0.277,x-pack\plugin\transform\src\main\java\org\elasticsearch\xpack\transform\transforms\IDGenerator.java
0.31,x-pack\plugin\transform\src\main\java\org\elasticsearch\xpack\transform\transforms\RetentionPolicyToDeleteByQueryRequestConverter.java
0.056,x-pack\plugin\transform\src\main\java\org\elasticsearch\xpack\transform\transforms\TransformContext.java
0.375,x-pack\plugin\transform\src\main\java\org\elasticsearch\xpack\transform\transforms\TransformException.java
0.355,x-pack\plugin\transform\src\main\java\org\elasticsearch\xpack\transform\transforms\TransformFailureHandler.java
0.1,x-pack\plugin\transform\src\main\java\org\elasticsearch\xpack\transform\transforms\TransformHealthChecker.java
0.147,x-pack\plugin\transform\src\main\java\org\elasticsearch\xpack\transform\transforms\TransformIndexer.java
0.329,x-pack\plugin\transform\src\main\java\org\elasticsearch\xpack\transform\transforms\TransformNodeAssignments.java
0.251,x-pack\plugin\transform\src\main\java\org\elasticsearch\xpack\transform\transforms\TransformNodes.java
0.126,x-pack\plugin\transform\src\main\java\org\elasticsearch\xpack\transform\transforms\TransformPersistentTasksExecutor.java
0.198,x-pack\plugin\transform\src\main\java\org\elasticsearch\xpack\transform\transforms\TransformRetryableStartUpListener.java
0.12,x-pack\plugin\transform\src\main\java\org\elasticsearch\xpack\transform\transforms\TransformTask.java
0.321,x-pack\plugin\transform\src\main\java\org\elasticsearch\xpack\transform\utils\ExceptionRootCauseFinder.java
0.333,x-pack\plugin\transform\src\main\java\org\elasticsearch\xpack\transform\utils\OutputFieldNameConverter.java
0.211,x-pack\plugin\transform\src\main\java\org\elasticsearch\xpack\transform\utils\SecondaryAuthorizationUtils.java
0.122,x-pack\plugin\transform\src\main\java\org\elasticsearch\xpack\transform\utils\SourceDestValidations.java
0.051,x-pack\plugin\transform\src\main\java\org\elasticsearch\xpack\transform\transforms\common\AbstractCompositeAggFunction.java
0.4,x-pack\plugin\transform\src\main\java\org\elasticsearch\xpack\transform\transforms\common\DocumentConversionUtils.java
0.081,x-pack\plugin\transform\src\main\java\org\elasticsearch\xpack\transform\transforms\latest\Latest.java
0.234,x-pack\plugin\transform\src\main\java\org\elasticsearch\xpack\transform\transforms\latest\LatestChangeCollector.java
0.095,x-pack\plugin\transform\src\main\java\org\elasticsearch\xpack\transform\transforms\pivot\AggregationResultUtils.java
0.199,x-pack\plugin\transform\src\main\java\org\elasticsearch\xpack\transform\transforms\pivot\CompositeBucketsChangeCollector.java
0.247,x-pack\plugin\transform\src\main\java\org\elasticsearch\xpack\transform\transforms\pivot\GroupByOptimizer.java
0.137,x-pack\plugin\transform\src\main\java\org\elasticsearch\xpack\transform\transforms\pivot\Pivot.java
0.213,x-pack\plugin\transform\src\main\java\org\elasticsearch\xpack\transform\transforms\pivot\SchemaUtil.java
0.204,x-pack\plugin\transform\src\main\java\org\elasticsearch\xpack\transform\transforms\pivot\TransformAggregations.java
0.239,x-pack\plugin\transform\src\main\java\org\elasticsearch\xpack\transform\transforms\scheduling\MonotonicClock.java
0.092,x-pack\plugin\transform\src\main\java\org\elasticsearch\xpack\transform\transforms\scheduling\TransformScheduledTask.java
0.381,x-pack\plugin\transform\src\main\java\org\elasticsearch\xpack\transform\transforms\scheduling\TransformScheduledTaskQueue.java
0.286,x-pack\plugin\transform\src\main\java\org\elasticsearch\xpack\transform\transforms\scheduling\TransformScheduler.java
0.478,x-pack\plugin\transform\src\main\java\org\elasticsearch\xpack\transform\transforms\scheduling\TransformSchedulingUtils.java
0.032,x-pack\plugin\transform\src\main\java\org\elasticsearch\xpack\transform\rest\action\RestCatTransformAction.java
0.115,x-pack\plugin\transform\src\main\java\org\elasticsearch\xpack\transform\rest\action\RestDeleteTransformAction.java
0.082,x-pack\plugin\transform\src\main\java\org\elasticsearch\xpack\transform\rest\action\RestGetTransformAction.java
0.143,x-pack\plugin\transform\src\main\java\org\elasticsearch\xpack\transform\rest\action\RestGetTransformNodeStatsAction.java
0.094,x-pack\plugin\transform\src\main\java\org\elasticsearch\xpack\transform\rest\action\RestGetTransformStatsAction.java
0.053,x-pack\plugin\transform\src\main\java\org\elasticsearch\xpack\transform\rest\action\RestPreviewTransformAction.java
0.171,x-pack\plugin\transform\src\main\java\org\elasticsearch\xpack\transform\rest\action\RestPutTransformAction.java
0.118,x-pack\plugin\transform\src\main\java\org\elasticsearch\xpack\transform\rest\action\RestResetTransformAction.java
0.125,x-pack\plugin\transform\src\main\java\org\elasticsearch\xpack\transform\rest\action\RestScheduleNowTransformAction.java
0.122,x-pack\plugin\transform\src\main\java\org\elasticsearch\xpack\transform\rest\action\RestSetTransformUpgradeModeAction.java
0.086,x-pack\plugin\transform\src\main\java\org\elasticsearch\xpack\transform\rest\action\RestStartTransformAction.java
0.107,x-pack\plugin\transform\src\main\java\org\elasticsearch\xpack\transform\rest\action\RestStopTransformAction.java
0.098,x-pack\plugin\transform\src\main\java\org\elasticsearch\xpack\transform\rest\action\RestUpdateTransformAction.java
0.111,x-pack\plugin\transform\src\main\java\org\elasticsearch\xpack\transform\rest\action\RestUpgradeTransformsAction.java
0.078,x-pack\plugin\transform\src\internalClusterTest\java\org\elasticsearch\xpack\transform\TransformSingleNodeTestCase.java
0.111,x-pack\plugin\transform\src\internalClusterTest\java\org\elasticsearch\xpack\transform\auditor\NotificationsIndexIT.java
0.013,x-pack\plugin\transform\src\internalClusterTest\java\org\elasticsearch\xpack\transform\checkpoint\TransformCCSCanMatchIT.java
0.064,x-pack\plugin\transform\src\internalClusterTest\java\org\elasticsearch\xpack\transform\checkpoint\TransformCheckpointServiceNodeTests.java
0.072,x-pack\plugin\transform\src\internalClusterTest\java\org\elasticsearch\xpack\transform\checkpoint\TransformGetCheckpointIT.java
0.022,x-pack\plugin\transform\src\internalClusterTest\java\org\elasticsearch\xpack\transform\checkpoint\TransformGetCheckpointTests.java
0.088,x-pack\plugin\transform\src\internalClusterTest\java\org\elasticsearch\xpack\transform\integration\TransformInternalIndexIT.java
0.052,x-pack\plugin\transform\src\internalClusterTest\java\org\elasticsearch\xpack\transform\integration\TransformNoRemoteClusterClientNodeIT.java
0.048,x-pack\plugin\transform\src\internalClusterTest\java\org\elasticsearch\xpack\transform\integration\TransformNoTransformNodeIT.java
0.053,x-pack\plugin\transform\src\internalClusterTest\java\org\elasticsearch\xpack\transform\integration\TransformOldTransformsIT.java
0.033,x-pack\plugin\transform\src\internalClusterTest\java\org\elasticsearch\xpack\transform\integration\TransformProgressIT.java
0.053,x-pack\plugin\transform\src\internalClusterTest\java\org\elasticsearch\xpack\transform\persistence\AuthorizationStatePersistenceUtilsTests.java
0.071,x-pack\plugin\transform\src\internalClusterTest\java\org\elasticsearch\xpack\transform\persistence\TransformConfigManagerTests.java
0.12,x-pack\plugin\transform\qa\single-node-tests\src\javaRestTest\java\org\elasticsearch\xpack\transform\integration\TransformAuditorIT.java
0.203,x-pack\plugin\transform\qa\single-node-tests\src\javaRestTest\java\org\elasticsearch\xpack\transform\integration\TransformConfigurationIndexIT.java
0.03,x-pack\plugin\transform\qa\single-node-tests\src\javaRestTest\java\org\elasticsearch\xpack\transform\integration\TransformDeleteIT.java
0.107,x-pack\plugin\transform\qa\single-node-tests\src\javaRestTest\java\org\elasticsearch\xpack\transform\integration\TransformDestIndexIT.java
0.083,x-pack\plugin\transform\qa\single-node-tests\src\javaRestTest\java\org\elasticsearch\xpack\transform\integration\TransformGetAndGetStatsIT.java
0.028,x-pack\plugin\transform\qa\single-node-tests\src\javaRestTest\java\org\elasticsearch\xpack\transform\integration\TransformLatestRestIT.java
0.023,x-pack\plugin\transform\qa\single-node-tests\src\javaRestTest\java\org\elasticsearch\xpack\transform\integration\TransformPivotRestIT.java
0.051,x-pack\plugin\transform\qa\single-node-tests\src\javaRestTest\java\org\elasticsearch\xpack\transform\integration\TransformPivotRestSpecialCasesIT.java
0.082,x-pack\plugin\transform\qa\single-node-tests\src\javaRestTest\java\org\elasticsearch\xpack\transform\integration\TransformResetIT.java
0.033,x-pack\plugin\transform\qa\single-node-tests\src\javaRestTest\java\org\elasticsearch\xpack\transform\integration\TransformRestTestCase.java
0.149,x-pack\plugin\transform\qa\single-node-tests\src\javaRestTest\java\org\elasticsearch\xpack\transform\integration\TransformRobustnessIT.java
0.109,x-pack\plugin\transform\qa\single-node-tests\src\javaRestTest\java\org\elasticsearch\xpack\transform\integration\TransformScheduleNowIT.java
0.092,x-pack\plugin\transform\qa\single-node-tests\src\javaRestTest\java\org\elasticsearch\xpack\transform\integration\TransformTaskFailedStateIT.java
0.09,x-pack\plugin\transform\qa\single-node-tests\src\javaRestTest\java\org\elasticsearch\xpack\transform\integration\TransformUpdateIT.java
0.111,x-pack\plugin\transform\qa\single-node-tests\src\javaRestTest\java\org\elasticsearch\xpack\transform\integration\TransformUpgradeModeIT.java
0.103,x-pack\plugin\transform\qa\single-node-tests\src\javaRestTest\java\org\elasticsearch\xpack\transform\integration\TransformUsageIT.java
0.048,x-pack\plugin\transform\qa\multi-node-tests\src\javaRestTest\java\org\elasticsearch\xpack\transform\integration\LatestIT.java
0.088,x-pack\plugin\transform\qa\multi-node-tests\src\javaRestTest\java\org\elasticsearch\xpack\transform\integration\TestFeatureResetIT.java
0.08,x-pack\plugin\transform\qa\multi-node-tests\src\javaRestTest\java\org\elasticsearch\xpack\transform\integration\TransformChainIT.java
0.129,x-pack\plugin\transform\qa\multi-node-tests\src\javaRestTest\java\org\elasticsearch\xpack\transform\integration\TransformInsufficientPermissionsIT.java
0.075,x-pack\plugin\transform\qa\multi-node-tests\src\javaRestTest\java\org\elasticsearch\xpack\transform\integration\TransformIT.java
0.06,x-pack\plugin\transform\qa\multi-node-tests\src\javaRestTest\java\org\elasticsearch\xpack\transform\integration\TransformNodeStatsIT.java
0.063,x-pack\plugin\transform\qa\multi-node-tests\src\javaRestTest\java\org\elasticsearch\xpack\transform\integration\TransformRestTestCase.java
0.052,x-pack\plugin\transform\qa\multi-node-tests\src\javaRestTest\java\org\elasticsearch\xpack\transform\integration\TransformUsingSearchRuntimeFieldsIT.java
0.17,x-pack\plugin\transform\qa\multi-node-tests\src\javaRestTest\java\org\elasticsearch\xpack\transform\integration\continuous\ContinuousTestCase.java
0.062,x-pack\plugin\transform\qa\multi-node-tests\src\javaRestTest\java\org\elasticsearch\xpack\transform\integration\continuous\DateHistogramGroupByIT.java
0.061,x-pack\plugin\transform\qa\multi-node-tests\src\javaRestTest\java\org\elasticsearch\xpack\transform\integration\continuous\DateHistogramGroupByOtherTimeFieldIT.java
0.063,x-pack\plugin\transform\qa\multi-node-tests\src\javaRestTest\java\org\elasticsearch\xpack\transform\integration\continuous\HistogramGroupByIT.java
0.079,x-pack\plugin\transform\qa\multi-node-tests\src\javaRestTest\java\org\elasticsearch\xpack\transform\integration\continuous\LatestContinuousIT.java
0.074,x-pack\plugin\transform\qa\multi-node-tests\src\javaRestTest\java\org\elasticsearch\xpack\transform\integration\continuous\TermsGroupByIT.java
0.095,x-pack\plugin\transform\qa\multi-node-tests\src\javaRestTest\java\org\elasticsearch\xpack\transform\integration\continuous\TermsOnDateGroupByIT.java
0.133,x-pack\plugin\transform\qa\multi-node-tests\src\javaRestTest\java\org\elasticsearch\xpack\transform\integration\continuous\TransformContinuousIT.java
0.118,x-pack\plugin\transform\qa\multi-cluster-tests-with-security\src\test\java\org\elasticsearch\multi_cluster\MultiClusterYamlTestSuiteIT.java
0.096,x-pack\plugin\transform\qa\common\src\main\java\org\elasticsearch\xpack\transform\integration\common\TransformCommonRestTestCase.java
0.098,x-pack\plugin\text-structure\src\test\java\org\elasticsearch\xpack\textstructure\structurefinder\DelimitedTextStructureFinderFactoryTests.java
0.012,x-pack\plugin\text-structure\src\test\java\org\elasticsearch\xpack\textstructure\structurefinder\DelimitedTextStructureFinderTests.java
0.111,x-pack\plugin\text-structure\src\test\java\org\elasticsearch\xpack\textstructure\structurefinder\EnhancedTimestampDetectionTests.java
0.019,x-pack\plugin\text-structure\src\test\java\org\elasticsearch\xpack\textstructure\structurefinder\FieldStatsCalculatorTests.java
0.023,x-pack\plugin\text-structure\src\test\java\org\elasticsearch\xpack\textstructure\structurefinder\GrokPatternCreatorTests.java
0.4,x-pack\plugin\text-structure\src\test\java\org\elasticsearch\xpack\textstructure\structurefinder\LogTextStructureFinderFactoryTests.java
0.03,x-pack\plugin\text-structure\src\test\java\org\elasticsearch\xpack\textstructure\structurefinder\LogTextStructureFinderTests.java
0.092,x-pack\plugin\text-structure\src\test\java\org\elasticsearch\xpack\textstructure\structurefinder\NdJsonTextStructureFinderFactoryTests.java
0.115,x-pack\plugin\text-structure\src\test\java\org\elasticsearch\xpack\textstructure\structurefinder\NdJsonTextStructureFinderTests.java
0.065,x-pack\plugin\text-structure\src\test\java\org\elasticsearch\xpack\textstructure\structurefinder\TextStructureFinderManagerTests.java
0.065,x-pack\plugin\text-structure\src\test\java\org\elasticsearch\xpack\textstructure\structurefinder\TextStructureTestCase.java
0.021,x-pack\plugin\text-structure\src\test\java\org\elasticsearch\xpack\textstructure\structurefinder\TextStructureUtilsTests.java
0.057,x-pack\plugin\text-structure\src\test\java\org\elasticsearch\xpack\textstructure\structurefinder\TimeoutCheckerTests.java
0.039,x-pack\plugin\text-structure\src\test\java\org\elasticsearch\xpack\textstructure\structurefinder\TimestampFormatFinderTests.java
0.113,x-pack\plugin\text-structure\src\test\java\org\elasticsearch\xpack\textstructure\structurefinder\XmlTextStructureFinderFactoryTests.java
0.115,x-pack\plugin\text-structure\src\test\java\org\elasticsearch\xpack\textstructure\structurefinder\XmlTextStructureFinderTests.java
0.13,x-pack\plugin\text-structure\src\main\java\org\elasticsearch\xpack\textstructure\TextStructurePlugin.java
0.118,x-pack\plugin\text-structure\src\main\java\org\elasticsearch\xpack\textstructure\rest\RestFindFieldStructureAction.java
0.109,x-pack\plugin\text-structure\src\main\java\org\elasticsearch\xpack\textstructure\rest\RestFindMessageStructureAction.java
0.105,x-pack\plugin\text-structure\src\main\java\org\elasticsearch\xpack\textstructure\rest\RestFindStructureAction.java
0.082,x-pack\plugin\text-structure\src\main\java\org\elasticsearch\xpack\textstructure\rest\RestFindStructureArgumentsParser.java
0.122,x-pack\plugin\text-structure\src\main\java\org\elasticsearch\xpack\textstructure\rest\RestTestGrokPatternAction.java
0.126,x-pack\plugin\text-structure\src\main\java\org\elasticsearch\xpack\textstructure\structurefinder\DelimitedTextStructureFinder.java
0.131,x-pack\plugin\text-structure\src\main\java\org\elasticsearch\xpack\textstructure\structurefinder\DelimitedTextStructureFinderFactory.java
0.176,x-pack\plugin\text-structure\src\main\java\org\elasticsearch\xpack\textstructure\structurefinder\FieldStatsCalculator.java
0.202,x-pack\plugin\text-structure\src\main\java\org\elasticsearch\xpack\textstructure\structurefinder\GrokPatternCreator.java
0.059,x-pack\plugin\text-structure\src\main\java\org\elasticsearch\xpack\textstructure\structurefinder\LogTextStructureFinder.java
0.145,x-pack\plugin\text-structure\src\main\java\org\elasticsearch\xpack\textstructure\structurefinder\LogTextStructureFinderFactory.java
0.089,x-pack\plugin\text-structure\src\main\java\org\elasticsearch\xpack\textstructure\structurefinder\NdJsonTextStructureFinder.java
0.103,x-pack\plugin\text-structure\src\main\java\org\elasticsearch\xpack\textstructure\structurefinder\NdJsonTextStructureFinderFactory.java
0.538,x-pack\plugin\text-structure\src\main\java\org\elasticsearch\xpack\textstructure\structurefinder\TextStructureFinder.java
0.544,x-pack\plugin\text-structure\src\main\java\org\elasticsearch\xpack\textstructure\structurefinder\TextStructureFinderFactory.java
0.093,x-pack\plugin\text-structure\src\main\java\org\elasticsearch\xpack\textstructure\structurefinder\TextStructureFinderManager.java
0.053,x-pack\plugin\text-structure\src\main\java\org\elasticsearch\xpack\textstructure\structurefinder\TextStructureOverrides.java
0.235,x-pack\plugin\text-structure\src\main\java\org\elasticsearch\xpack\textstructure\structurefinder\TextStructureUtils.java
0.273,x-pack\plugin\text-structure\src\main\java\org\elasticsearch\xpack\textstructure\structurefinder\TimeoutChecker.java
0.214,x-pack\plugin\text-structure\src\main\java\org\elasticsearch\xpack\textstructure\structurefinder\TimestampFormatFinder.java
0.041,x-pack\plugin\text-structure\src\main\java\org\elasticsearch\xpack\textstructure\structurefinder\XmlTextStructureFinder.java
0.139,x-pack\plugin\text-structure\src\main\java\org\elasticsearch\xpack\textstructure\structurefinder\XmlTextStructureFinderFactory.java
0.383,x-pack\plugin\text-structure\src\main\java\org\elasticsearch\xpack\textstructure\transport\TextStructExecutor.java
0.074,x-pack\plugin\text-structure\src\main\java\org\elasticsearch\xpack\textstructure\transport\TransportFindFieldStructureAction.java
0.097,x-pack\plugin\text-structure\src\main\java\org\elasticsearch\xpack\textstructure\transport\TransportFindMessageStructureAction.java
0.088,x-pack\plugin\text-structure\src\main\java\org\elasticsearch\xpack\textstructure\transport\TransportFindStructureAction.java
0.127,x-pack\plugin\text-structure\src\main\java\org\elasticsearch\xpack\textstructure\transport\TransportTestGrokPatternAction.java
0.074,x-pack\plugin\text-structure\src\javaRestTest\java\org\elasticsearch\xpack\textstructure\rest\TextStructureTimestampFormatsIT.java
0.158,x-pack\plugin\text-structure\qa\text-structure-with-security\src\yamlRestTest\java\org\elasticsearch\smoketest\TextStructureWithSecurityInsufficientRoleIT.java
0.109,x-pack\plugin\text-structure\qa\text-structure-with-security\src\yamlRestTest\java\org\elasticsearch\smoketest\TextStructureWithSecurityIT.java
0.094,x-pack\plugin\stack\src\yamlRestTest\java\org\elasticsearch\xpack\stack\StackYamlIT.java
0.095,x-pack\plugin\stack\src\test\java\org\elasticsearch\xpack\stack\LegacyStackTemplateRegistryTests.java
0.162,x-pack\plugin\stack\src\test\java\org\elasticsearch\xpack\stack\StackRegistryWithNonRequiredTemplates.java
0.049,x-pack\plugin\stack\src\test\java\org\elasticsearch\xpack\stack\StackTemplateRegistryTests.java
0.1,x-pack\plugin\stack\src\main\java\org\elasticsearch\xpack\stack\LegacyStackTemplateRegistry.java
0.122,x-pack\plugin\stack\src\main\java\org\elasticsearch\xpack\stack\StackPlugin.java
0.1,x-pack\plugin\stack\src\main\java\org\elasticsearch\xpack\stack\StackTemplateRegistry.java
0.037,x-pack\plugin\stack\src\javaRestTest\java\org\elasticsearch\xpack\stack\EcsDynamicTemplatesIT.java
0.141,x-pack\plugin\src\yamlRestTest\java\org\elasticsearch\xpack\test\rest\XPackRestIT.java
0.17,x-pack\plugin\src\test\java\org\elasticsearch\xpack\test\rest\AbstractXPackRestTest.java
0.191,x-pack\plugin\sql\src\test\java\org\elasticsearch\xpack\sql\AbstractSqlWireSerializingTestCase.java
0.054,x-pack\plugin\sql\src\test\java\org\elasticsearch\xpack\sql\SqlInfoTransportActionTests.java
0.037,x-pack\plugin\sql\src\test\java\org\elasticsearch\xpack\sql\SqlTestUtils.java
0.171,x-pack\plugin\sql\src\test\java\org\elasticsearch\xpack\sql\action\AbstractSqlIntegTestCase.java
0.18,x-pack\plugin\sql\src\test\java\org\elasticsearch\xpack\sql\action\BasicFormatterTests.java
0.214,x-pack\plugin\sql\src\test\java\org\elasticsearch\xpack\sql\action\LocalStateSQLXPackPlugin.java
0.041,x-pack\plugin\sql\src\test\java\org\elasticsearch\xpack\sql\analysis\CancellationTests.java
0.123,x-pack\plugin\sql\src\test\java\org\elasticsearch\xpack\sql\expression\ProcessorTests.java
0.13,x-pack\plugin\sql\src\test\java\org\elasticsearch\xpack\sql\expression\TypeResolutionTests.java
0.333,x-pack\plugin\sql\src\test\java\org\elasticsearch\xpack\sql\optimizer\FoldNull.java
0.035,x-pack\plugin\sql\src\test\java\org\elasticsearch\xpack\sql\optimizer\OptimizerRunTests.java
0.065,x-pack\plugin\sql\src\test\java\org\elasticsearch\xpack\sql\optimizer\OptimizerTests.java
0.017,x-pack\plugin\sql\src\test\java\org\elasticsearch\xpack\sql\parser\EscapedFunctionsTests.java
0.01,x-pack\plugin\sql\src\test\java\org\elasticsearch\xpack\sql\parser\ExpressionTests.java
0.056,x-pack\plugin\sql\src\test\java\org\elasticsearch\xpack\sql\parser\LikeEscapingParsingTests.java
0.061,x-pack\plugin\sql\src\test\java\org\elasticsearch\xpack\sql\parser\ParamLiteralTests.java
0.052,x-pack\plugin\sql\src\test\java\org\elasticsearch\xpack\sql\parser\SqlParserTests.java
0.009,x-pack\plugin\sql\src\test\java\org\elasticsearch\xpack\sql\planner\QueryFolderTests.java
0.058,x-pack\plugin\sql\src\test\java\org\elasticsearch\xpack\sql\planner\QueryTranslatorSpecTests.java
0.029,x-pack\plugin\sql\src\test\java\org\elasticsearch\xpack\sql\planner\QueryTranslatorTests.java
0.044,x-pack\plugin\sql\src\test\java\org\elasticsearch\xpack\sql\planner\VerifierTests.java
0.047,x-pack\plugin\sql\src\test\java\org\elasticsearch\xpack\sql\plugin\CursorTests.java
0.044,x-pack\plugin\sql\src\test\java\org\elasticsearch\xpack\sql\plugin\SqlMediaTypeParserTests.java
0.103,x-pack\plugin\sql\src\test\java\org\elasticsearch\xpack\sql\plugin\SqlPluginTests.java
0.042,x-pack\plugin\sql\src\test\java\org\elasticsearch\xpack\sql\plugin\TextFormatTests.java
0.143,x-pack\plugin\sql\src\test\java\org\elasticsearch\xpack\sql\session\ListCursorTests.java
0.023,x-pack\plugin\sql\src\test\java\org\elasticsearch\xpack\sql\stats\VerifierMetricsTests.java
0.288,x-pack\plugin\sql\src\test\java\org\elasticsearch\xpack\sql\tree\SqlNodeSubclassTests.java
0.028,x-pack\plugin\sql\src\test\java\org\elasticsearch\xpack\sql\type\SqlDataTypeConverterTests.java
0.032,x-pack\plugin\sql\src\test\java\org\elasticsearch\xpack\sql\type\SqlDataTypesTests.java
0.065,x-pack\plugin\sql\src\test\java\org\elasticsearch\xpack\sql\types\SqlTypesTests.java
0.044,x-pack\plugin\sql\src\test\java\org\elasticsearch\xpack\sql\util\LikeConversionTests.java
0.154,x-pack\plugin\sql\src\test\java\org\elasticsearch\xpack\sql\util\SqlVersionUtils.java
0.051,x-pack\plugin\sql\src\test\java\org\elasticsearch\xpack\sql\querydsl\container\QueryContainerTests.java
0.097,x-pack\plugin\sql\src\test\java\org\elasticsearch\xpack\sql\plan\logical\UnresolvedRelationTests.java
0.071,x-pack\plugin\sql\src\test\java\org\elasticsearch\xpack\sql\plan\logical\command\ShowColumnsTests.java
0.188,x-pack\plugin\sql\src\test\java\org\elasticsearch\xpack\sql\plan\logical\command\ShowFunctionsTests.java
0.028,x-pack\plugin\sql\src\test\java\org\elasticsearch\xpack\sql\plan\logical\command\sys\SysColumnsTests.java
0.046,x-pack\plugin\sql\src\test\java\org\elasticsearch\xpack\sql\plan\logical\command\sys\SysTablesTests.java
0.044,x-pack\plugin\sql\src\test\java\org\elasticsearch\xpack\sql\plan\logical\command\sys\SysTypesTests.java
0.125,x-pack\plugin\sql\src\test\java\org\elasticsearch\xpack\sql\expression\function\SqlFunctionRegistryTests.java
0.073,x-pack\plugin\sql\src\test\java\org\elasticsearch\xpack\sql\expression\parser\ParameterTests.java
0.056,x-pack\plugin\sql\src\test\java\org\elasticsearch\xpack\sql\expression\parser\QuotingTests.java
0.149,x-pack\plugin\sql\src\test\java\org\elasticsearch\xpack\sql\expression\predicate\conditional\CaseTests.java
0.089,x-pack\plugin\sql\src\test\java\org\elasticsearch\xpack\sql\expression\predicate\conditional\IifTests.java
0.018,x-pack\plugin\sql\src\test\java\org\elasticsearch\xpack\sql\expression\predicate\operator\arithmetic\SqlBinaryArithmeticTests.java
0.025,x-pack\plugin\sql\src\test\java\org\elasticsearch\xpack\sql\expression\literal\interval\IntervalsTests.java
0.107,x-pack\plugin\sql\src\test\java\org\elasticsearch\xpack\sql\expression\function\scalar\CastProcessorTests.java
0.102,x-pack\plugin\sql\src\test\java\org\elasticsearch\xpack\sql\expression\function\scalar\DatabaseFunctionTests.java
0.261,x-pack\plugin\sql\src\test\java\org\elasticsearch\xpack\sql\expression\function\scalar\SqlUnresolvedFunctionTests.java
0.103,x-pack\plugin\sql\src\test\java\org\elasticsearch\xpack\sql\expression\function\scalar\UserFunctionTests.java
0.12,x-pack\plugin\sql\src\test\java\org\elasticsearch\xpack\sql\expression\function\scalar\datetime\CurrentDateTests.java
0.067,x-pack\plugin\sql\src\test\java\org\elasticsearch\xpack\sql\expression\function\scalar\datetime\CurrentDateTimeTests.java
0.067,x-pack\plugin\sql\src\test\java\org\elasticsearch\xpack\sql\expression\function\scalar\datetime\CurrentTimeTests.java
0.051,x-pack\plugin\sql\src\test\java\org\elasticsearch\xpack\sql\expression\function\scalar\datetime\DateAddPipeTests.java
0.021,x-pack\plugin\sql\src\test\java\org\elasticsearch\xpack\sql\expression\function\scalar\datetime\DateAddProcessorTests.java
0.049,x-pack\plugin\sql\src\test\java\org\elasticsearch\xpack\sql\expression\function\scalar\datetime\DateDiffPipeTests.java
0.014,x-pack\plugin\sql\src\test\java\org\elasticsearch\xpack\sql\expression\function\scalar\datetime\DateDiffProcessorTests.java
0.123,x-pack\plugin\sql\src\test\java\org\elasticsearch\xpack\sql\expression\function\scalar\datetime\DateFormatRandomDatasetGenerator.java
0.063,x-pack\plugin\sql\src\test\java\org\elasticsearch\xpack\sql\expression\function\scalar\datetime\DatePartPipeTests.java
0.052,x-pack\plugin\sql\src\test\java\org\elasticsearch\xpack\sql\expression\function\scalar\datetime\DatePartProcessorTests.java
0.211,x-pack\plugin\sql\src\test\java\org\elasticsearch\xpack\sql\expression\function\scalar\datetime\DateTimeDateFormatProcessorTests.java
0.05,x-pack\plugin\sql\src\test\java\org\elasticsearch\xpack\sql\expression\function\scalar\datetime\DateTimeFormatPipeTests.java
0.016,x-pack\plugin\sql\src\test\java\org\elasticsearch\xpack\sql\expression\function\scalar\datetime\DateTimeFormatProcessorTests.java
0.047,x-pack\plugin\sql\src\test\java\org\elasticsearch\xpack\sql\expression\function\scalar\datetime\DateTimeParsePipeTests.java
0.044,x-pack\plugin\sql\src\test\java\org\elasticsearch\xpack\sql\expression\function\scalar\datetime\DateTimeParseProcessorTests.java
0.067,x-pack\plugin\sql\src\test\java\org\elasticsearch\xpack\sql\expression\function\scalar\datetime\DateTimeProcessorTests.java
0.081,x-pack\plugin\sql\src\test\java\org\elasticsearch\xpack\sql\expression\function\scalar\datetime\DateTimeTestUtils.java
0.234,x-pack\plugin\sql\src\test\java\org\elasticsearch\xpack\sql\expression\function\scalar\datetime\DateTimeToCharProcessorTests.java
0.063,x-pack\plugin\sql\src\test\java\org\elasticsearch\xpack\sql\expression\function\scalar\datetime\DateTruncPipeTests.java
0.013,x-pack\plugin\sql\src\test\java\org\elasticsearch\xpack\sql\expression\function\scalar\datetime\DateTruncProcessorTests.java
0.176,x-pack\plugin\sql\src\test\java\org\elasticsearch\xpack\sql\expression\function\scalar\datetime\DayOfYearTests.java
0.064,x-pack\plugin\sql\src\test\java\org\elasticsearch\xpack\sql\expression\function\scalar\datetime\NamedDateTimeProcessorTests.java
0.07,x-pack\plugin\sql\src\test\java\org\elasticsearch\xpack\sql\expression\function\scalar\datetime\NonIsoDateTimeProcessorTests.java
0.13,x-pack\plugin\sql\src\test\java\org\elasticsearch\xpack\sql\expression\function\scalar\datetime\QuarterProcessorTests.java
0.071,x-pack\plugin\sql\src\test\java\org\elasticsearch\xpack\sql\expression\function\scalar\datetime\TimeProcessorTests.java
0.092,x-pack\plugin\sql\src\test\java\org\elasticsearch\xpack\sql\expression\function\scalar\datetime\ToCharTestScript.java
0.065,x-pack\plugin\sql\src\test\java\org\elasticsearch\xpack\sql\expression\function\scalar\geo\GeoProcessorTests.java
0.072,x-pack\plugin\sql\src\test\java\org\elasticsearch\xpack\sql\expression\function\scalar\geo\StDistanceProcessorTests.java
0.113,x-pack\plugin\sql\src\test\java\org\elasticsearch\xpack\sql\expression\function\scalar\geo\StWkttosqlProcessorTests.java
0.052,x-pack\plugin\sql\src\test\java\org\elasticsearch\xpack\sql\expression\function\scalar\math\BinaryMathProcessorTests.java
0.065,x-pack\plugin\sql\src\test\java\org\elasticsearch\xpack\sql\expression\function\scalar\math\MathFunctionProcessorTests.java
0.091,x-pack\plugin\sql\src\test\java\org\elasticsearch\xpack\sql\expression\function\scalar\math\MathOperationTests.java
0.055,x-pack\plugin\sql\src\test\java\org\elasticsearch\xpack\sql\expression\function\scalar\string\BinaryStringNumericPipeTests.java
0.03,x-pack\plugin\sql\src\test\java\org\elasticsearch\xpack\sql\expression\function\scalar\string\BinaryStringNumericProcessorTests.java
0.07,x-pack\plugin\sql\src\test\java\org\elasticsearch\xpack\sql\expression\function\scalar\string\BinaryStringStringPipeTests.java
0.081,x-pack\plugin\sql\src\test\java\org\elasticsearch\xpack\sql\expression\function\scalar\string\BinaryStringStringProcessorTests.java
0.068,x-pack\plugin\sql\src\test\java\org\elasticsearch\xpack\sql\expression\function\scalar\string\ConcatFunctionPipeTests.java
0.078,x-pack\plugin\sql\src\test\java\org\elasticsearch\xpack\sql\expression\function\scalar\string\ConcatProcessorTests.java
0.072,x-pack\plugin\sql\src\test\java\org\elasticsearch\xpack\sql\expression\function\scalar\string\InsertFunctionPipeTests.java
0.041,x-pack\plugin\sql\src\test\java\org\elasticsearch\xpack\sql\expression\function\scalar\string\InsertProcessorTests.java
0.068,x-pack\plugin\sql\src\test\java\org\elasticsearch\xpack\sql\expression\function\scalar\string\LocateFunctionPipeTests.java
0.086,x-pack\plugin\sql\src\test\java\org\elasticsearch\xpack\sql\expression\function\scalar\string\LocateProcessorTests.java
0.078,x-pack\plugin\sql\src\test\java\org\elasticsearch\xpack\sql\expression\function\scalar\string\ReplaceFunctionPipeTests.java
0.067,x-pack\plugin\sql\src\test\java\org\elasticsearch\xpack\sql\expression\function\scalar\string\ReplaceProcessorTests.java
0.075,x-pack\plugin\sql\src\test\java\org\elasticsearch\xpack\sql\expression\function\scalar\string\StringFunctionProcessorTests.java
0.083,x-pack\plugin\sql\src\test\java\org\elasticsearch\xpack\sql\expression\function\scalar\string\SubstringFunctionPipeTests.java
0.053,x-pack\plugin\sql\src\test\java\org\elasticsearch\xpack\sql\expression\function\scalar\string\SubstringProcessorTests.java
0.065,x-pack\plugin\sql\src\test\java\org\elasticsearch\xpack\sql\execution\search\CompositeAggregationCursorTests.java
0.03,x-pack\plugin\sql\src\test\java\org\elasticsearch\xpack\sql\execution\search\QuerierTests.java
0.099,x-pack\plugin\sql\src\test\java\org\elasticsearch\xpack\sql\execution\search\SearchHitCursorTests.java
0.042,x-pack\plugin\sql\src\test\java\org\elasticsearch\xpack\sql\execution\search\SourceGeneratorTests.java
0.111,x-pack\plugin\sql\src\test\java\org\elasticsearch\xpack\sql\execution\search\SqlSourceBuilderTests.java
0.05,x-pack\plugin\sql\src\test\java\org\elasticsearch\xpack\sql\execution\search\extractor\CompositeKeyExtractorTests.java
0.067,x-pack\plugin\sql\src\test\java\org\elasticsearch\xpack\sql\execution\search\extractor\ComputingExtractorTests.java
0.023,x-pack\plugin\sql\src\test\java\org\elasticsearch\xpack\sql\execution\search\extractor\FieldHitExtractorTests.java
0.04,x-pack\plugin\sql\src\test\java\org\elasticsearch\xpack\sql\execution\search\extractor\MetricAggExtractorTests.java
0.231,x-pack\plugin\sql\src\test\java\org\elasticsearch\xpack\sql\execution\search\extractor\ScoreExtractorTests.java
0.133,x-pack\plugin\sql\src\test\java\org\elasticsearch\xpack\sql\execution\search\extractor\TestBucket.java
0.103,x-pack\plugin\sql\src\test\java\org\elasticsearch\xpack\sql\execution\search\extractor\TestMultiValueAggregation.java
0.094,x-pack\plugin\sql\src\test\java\org\elasticsearch\xpack\sql\execution\search\extractor\TestSingleValueAggregation.java
0.047,x-pack\plugin\sql\src\test\java\org\elasticsearch\xpack\sql\execution\search\extractor\TopHitsAggExtractorTests.java
0.083,x-pack\plugin\sql\src\test\java\org\elasticsearch\xpack\sql\common\io\SqlStreamTests.java
0.129,x-pack\plugin\sql\src\test\java\org\elasticsearch\xpack\sql\analysis\analyzer\AnalyzerTests.java
0.13,x-pack\plugin\sql\src\test\java\org\elasticsearch\xpack\sql\analysis\analyzer\AnalyzerTestUtils.java
0.024,x-pack\plugin\sql\src\test\java\org\elasticsearch\xpack\sql\analysis\analyzer\FieldAttributeTests.java
0.014,x-pack\plugin\sql\src\test\java\org\elasticsearch\xpack\sql\analysis\analyzer\VerifierErrorMessagesTests.java
0.024,x-pack\plugin\sql\src\test\java\org\elasticsearch\xpack\sql\analysis\index\IndexResolverTests.java
0.989,x-pack\plugin\sql\src\main\java\org\elasticsearch\xpack\sql\package-info.java
0.24,x-pack\plugin\sql\src\main\java\org\elasticsearch\xpack\sql\SqlClientException.java
0.171,x-pack\plugin\sql\src\main\java\org\elasticsearch\xpack\sql\SqlIllegalArgumentException.java
0.158,x-pack\plugin\sql\src\main\java\org\elasticsearch\xpack\sql\SqlInfoTransportAction.java
0.088,x-pack\plugin\sql\src\main\java\org\elasticsearch\xpack\sql\SqlUsageTransportAction.java
0.071,x-pack\plugin\sql\src\main\java\org\elasticsearch\xpack\sql\execution\PlanExecutor.java
0.128,x-pack\plugin\sql\src\main\java\org\elasticsearch\xpack\sql\expression\Exists.java
0.133,x-pack\plugin\sql\src\main\java\org\elasticsearch\xpack\sql\expression\ScalarSubquery.java
0.113,x-pack\plugin\sql\src\main\java\org\elasticsearch\xpack\sql\expression\SqlTypeResolutions.java
0.08,x-pack\plugin\sql\src\main\java\org\elasticsearch\xpack\sql\expression\SubQueryExpression.java
0.118,x-pack\plugin\sql\src\main\java\org\elasticsearch\xpack\sql\index\IndexCompatibility.java
0.122,x-pack\plugin\sql\src\main\java\org\elasticsearch\xpack\sql\index\VersionCompatibilityChecks.java
0.089,x-pack\plugin\sql\src\main\java\org\elasticsearch\xpack\sql\optimizer\Optimizer.java
0.345,x-pack\plugin\sql\src\main\java\org\elasticsearch\xpack\sql\parser\AbstractBuilder.java
0.355,x-pack\plugin\sql\src\main\java\org\elasticsearch\xpack\sql\parser\AstBuilder.java
0.048,x-pack\plugin\sql\src\main\java\org\elasticsearch\xpack\sql\parser\CommandBuilder.java
0.064,x-pack\plugin\sql\src\main\java\org\elasticsearch\xpack\sql\parser\ExpressionBuilder.java
0.058,x-pack\plugin\sql\src\main\java\org\elasticsearch\xpack\sql\parser\IdentifierBuilder.java
0.068,x-pack\plugin\sql\src\main\java\org\elasticsearch\xpack\sql\parser\LogicalPlanBuilder.java
0.107,x-pack\plugin\sql\src\main\java\org\elasticsearch\xpack\sql\parser\ParsingException.java
0.623,x-pack\plugin\sql\src\main\java\org\elasticsearch\xpack\sql\parser\SqlBaseBaseListener.java
0.546,x-pack\plugin\sql\src\main\java\org\elasticsearch\xpack\sql\parser\SqlBaseBaseVisitor.java
0.003,x-pack\plugin\sql\src\main\java\org\elasticsearch\xpack\sql\parser\SqlBaseLexer.java
0.693,x-pack\plugin\sql\src\main\java\org\elasticsearch\xpack\sql\parser\SqlBaseListener.java
0.0,x-pack\plugin\sql\src\main\java\org\elasticsearch\xpack\sql\parser\SqlBaseParser.java
0.733,x-pack\plugin\sql\src\main\java\org\elasticsearch\xpack\sql\parser\SqlBaseVisitor.java
0.103,x-pack\plugin\sql\src\main\java\org\elasticsearch\xpack\sql\parser\SqlParser.java
0.111,x-pack\plugin\sql\src\main\java\org\elasticsearch\xpack\sql\planner\FoldingException.java
0.081,x-pack\plugin\sql\src\main\java\org\elasticsearch\xpack\sql\planner\Mapper.java
0.132,x-pack\plugin\sql\src\main\java\org\elasticsearch\xpack\sql\planner\Planner.java
0.261,x-pack\plugin\sql\src\main\java\org\elasticsearch\xpack\sql\planner\PlanningException.java
0.145,x-pack\plugin\sql\src\main\java\org\elasticsearch\xpack\sql\planner\QueryFolder.java
0.039,x-pack\plugin\sql\src\main\java\org\elasticsearch\xpack\sql\planner\QueryTranslator.java
0.158,x-pack\plugin\sql\src\main\java\org\elasticsearch\xpack\sql\planner\SqlTranslatorHandler.java
0.071,x-pack\plugin\sql\src\main\java\org\elasticsearch\xpack\sql\planner\Verifier.java
0.304,x-pack\plugin\sql\src\main\java\org\elasticsearch\xpack\sql\plugin\BasicFormatter.java
0.146,x-pack\plugin\sql\src\main\java\org\elasticsearch\xpack\sql\plugin\RestSqlAsyncDeleteResultsAction.java
0.107,x-pack\plugin\sql\src\main\java\org\elasticsearch\xpack\sql\plugin\RestSqlAsyncGetResultsAction.java
0.15,x-pack\plugin\sql\src\main\java\org\elasticsearch\xpack\sql\plugin\RestSqlAsyncGetStatusAction.java
0.091,x-pack\plugin\sql\src\main\java\org\elasticsearch\xpack\sql\plugin\RestSqlClearCursorAction.java
0.086,x-pack\plugin\sql\src\main\java\org\elasticsearch\xpack\sql\plugin\RestSqlQueryAction.java
0.158,x-pack\plugin\sql\src\main\java\org\elasticsearch\xpack\sql\plugin\RestSqlStatsAction.java
0.176,x-pack\plugin\sql\src\main\java\org\elasticsearch\xpack\sql\plugin\RestSqlTranslateAction.java
0.286,x-pack\plugin\sql\src\main\java\org\elasticsearch\xpack\sql\plugin\SqlAsyncGetResultsAction.java
0.286,x-pack\plugin\sql\src\main\java\org\elasticsearch\xpack\sql\plugin\SqlAsyncGetStatusAction.java
0.4,x-pack\plugin\sql\src\main\java\org\elasticsearch\xpack\sql\plugin\SqlLicenseChecker.java
0.211,x-pack\plugin\sql\src\main\java\org\elasticsearch\xpack\sql\plugin\SqlMediaTypeParser.java
0.136,x-pack\plugin\sql\src\main\java\org\elasticsearch\xpack\sql\plugin\SqlPainlessExtension.java
0.066,x-pack\plugin\sql\src\main\java\org\elasticsearch\xpack\sql\plugin\SqlPlugin.java
0.127,x-pack\plugin\sql\src\main\java\org\elasticsearch\xpack\sql\plugin\SqlResponseListener.java
0.3,x-pack\plugin\sql\src\main\java\org\elasticsearch\xpack\sql\plugin\SqlStatsAction.java
0.143,x-pack\plugin\sql\src\main\java\org\elasticsearch\xpack\sql\plugin\SqlStatsRequest.java
0.063,x-pack\plugin\sql\src\main\java\org\elasticsearch\xpack\sql\plugin\SqlStatsResponse.java
0.143,x-pack\plugin\sql\src\main\java\org\elasticsearch\xpack\sql\plugin\TextFormat.java
0.25,x-pack\plugin\sql\src\main\java\org\elasticsearch\xpack\sql\plugin\Transports.java
0.118,x-pack\plugin\sql\src\main\java\org\elasticsearch\xpack\sql\plugin\TransportSqlAsyncGetResultsAction.java
0.12,x-pack\plugin\sql\src\main\java\org\elasticsearch\xpack\sql\plugin\TransportSqlAsyncGetStatusAction.java
0.105,x-pack\plugin\sql\src\main\java\org\elasticsearch\xpack\sql\plugin\TransportSqlClearCursorAction.java
0.059,x-pack\plugin\sql\src\main\java\org\elasticsearch\xpack\sql\plugin\TransportSqlQueryAction.java
0.122,x-pack\plugin\sql\src\main\java\org\elasticsearch\xpack\sql\plugin\TransportSqlStatsAction.java
0.099,x-pack\plugin\sql\src\main\java\org\elasticsearch\xpack\sql\plugin\TransportSqlTranslateAction.java
0.099,x-pack\plugin\sql\src\main\java\org\elasticsearch\xpack\sql\session\AbstractRowSet.java
0.294,x-pack\plugin\sql\src\main\java\org\elasticsearch\xpack\sql\session\Cursor.java
0.145,x-pack\plugin\sql\src\main\java\org\elasticsearch\xpack\sql\session\Cursors.java
0.153,x-pack\plugin\sql\src\main\java\org\elasticsearch\xpack\sql\session\EmptyCursor.java
0.103,x-pack\plugin\sql\src\main\java\org\elasticsearch\xpack\sql\session\EmptyExecutable.java
0.149,x-pack\plugin\sql\src\main\java\org\elasticsearch\xpack\sql\session\EmptyRowSet.java
0.286,x-pack\plugin\sql\src\main\java\org\elasticsearch\xpack\sql\session\Executable.java
0.076,x-pack\plugin\sql\src\main\java\org\elasticsearch\xpack\sql\session\ListCursor.java
0.088,x-pack\plugin\sql\src\main\java\org\elasticsearch\xpack\sql\session\ListRowSet.java
0.102,x-pack\plugin\sql\src\main\java\org\elasticsearch\xpack\sql\session\Rows.java
0.355,x-pack\plugin\sql\src\main\java\org\elasticsearch\xpack\sql\session\RowSet.java
0.206,x-pack\plugin\sql\src\main\java\org\elasticsearch\xpack\sql\session\RowView.java
0.52,x-pack\plugin\sql\src\main\java\org\elasticsearch\xpack\sql\session\SchemaRowSet.java
0.5,x-pack\plugin\sql\src\main\java\org\elasticsearch\xpack\sql\session\Session.java
0.125,x-pack\plugin\sql\src\main\java\org\elasticsearch\xpack\sql\session\SingletonExecutable.java
0.157,x-pack\plugin\sql\src\main\java\org\elasticsearch\xpack\sql\session\SingletonRowSet.java
0.05,x-pack\plugin\sql\src\main\java\org\elasticsearch\xpack\sql\session\SqlConfiguration.java
0.3,x-pack\plugin\sql\src\main\java\org\elasticsearch\xpack\sql\session\SqlExecutable.java
0.044,x-pack\plugin\sql\src\main\java\org\elasticsearch\xpack\sql\session\SqlSession.java
0.222,x-pack\plugin\sql\src\main\java\org\elasticsearch\xpack\sql\stats\FeatureMetric.java
0.213,x-pack\plugin\sql\src\main\java\org\elasticsearch\xpack\sql\stats\Metrics.java
0.14,x-pack\plugin\sql\src\main\java\org\elasticsearch\xpack\sql\stats\QueryMetric.java
0.167,x-pack\plugin\sql\src\main\java\org\elasticsearch\xpack\sql\type\ExtTypes.java
0.048,x-pack\plugin\sql\src\main\java\org\elasticsearch\xpack\sql\type\SqlDataTypeConverter.java
0.103,x-pack\plugin\sql\src\main\java\org\elasticsearch\xpack\sql\type\SqlDataTypeRegistry.java
0.091,x-pack\plugin\sql\src\main\java\org\elasticsearch\xpack\sql\type\SqlDataTypes.java
0.204,x-pack\plugin\sql\src\main\java\org\elasticsearch\xpack\sql\util\Check.java
0.155,x-pack\plugin\sql\src\main\java\org\elasticsearch\xpack\sql\util\DateUtils.java
