loc,file
130,dev-tools\prepare_release_update_documentation.py
200,x-pack\dev-tools\smoke_test_xpack_rc.py
50,x-pack\test\smb-fixture\src\main\java\org\elasticsearch\test\fixtures\smb\SmbTestContainer.java
42,x-pack\test\idp-fixture\src\main\java\org\elasticsearch\test\fixtures\idp\HttpProxyTestContainer.java
61,x-pack\test\idp-fixture\src\main\java\org\elasticsearch\test\fixtures\idp\IdpTestContainer.java
70,x-pack\test\idp-fixture\src\main\java\org\elasticsearch\test\fixtures\idp\OidcProviderTestContainer.java
80,x-pack\test\idp-fixture\src\main\java\org\elasticsearch\test\fixtures\idp\OpenLdapTestContainer.java
82,x-pack\test\deprecated-query\src\main\java\org\elasticsearch\query\DeprecatedQueryBuilder.java
25,x-pack\test\deprecated-query\src\main\java\org\elasticsearch\query\DeprecatedQueryPlugin.java
77,x-pack\qa\third-party\slack\src\yamlRestTest\java\org\elasticsearch\smoketest\WatcherSlackYamlTestSuiteIT.java
77,x-pack\qa\third-party\pagerduty\src\yamlRestTest\java\org\elasticsearch\smoketest\WatcherPagerDutyYamlTestSuiteIT.java
77,x-pack\qa\third-party\jira\src\yamlRestTest\java\org\elasticsearch\smoketest\WatcherJiraYamlTestSuiteIT.java
152,x-pack\qa\third-party\active-directory\src\test\java\org\elasticsearch\xpack\security\authc\ldap\AbstractActiveDirectoryTestCase.java
446,x-pack\qa\third-party\active-directory\src\test\java\org\elasticsearch\xpack\security\authc\ldap\AbstractAdLdapRealmTestCase.java
173,x-pack\qa\third-party\active-directory\src\test\java\org\elasticsearch\xpack\security\authc\ldap\ActiveDirectoryGroupsResolverTests.java
84,x-pack\qa\third-party\active-directory\src\test\java\org\elasticsearch\xpack\security\authc\ldap\ActiveDirectoryRunAsIT.java
620,x-pack\qa\third-party\active-directory\src\test\java\org\elasticsearch\xpack\security\authc\ldap\ActiveDirectorySessionFactoryTests.java
151,x-pack\qa\third-party\active-directory\src\test\java\org\elasticsearch\xpack\security\authc\ldap\ADLdapUserSearchSessionFactoryTests.java
47,x-pack\qa\third-party\active-directory\src\test\java\org\elasticsearch\xpack\security\authc\ldap\GroupMappingIT.java
61,x-pack\qa\third-party\active-directory\src\test\java\org\elasticsearch\xpack\security\authc\ldap\MultiGroupMappingIT.java
84,x-pack\qa\third-party\active-directory\src\test\java\org\elasticsearch\xpack\security\authc\ldap\MultipleAdRealmIT.java
140,x-pack\qa\third-party\active-directory\src\test\java\org\elasticsearch\xpack\security\authc\ldap\UserAttributeGroupsResolverTests.java
43,x-pack\qa\src\main\java\org\elasticsearch\xpack\test\SecuritySettingsSourceField.java
374,x-pack\qa\src\main\java\org\elasticsearch\xpack\test\rest\IndexMappingTemplateAsserter.java
31,x-pack\qa\src\main\java\org\elasticsearch\xpack\test\rest\XPackRestTestConstants.java
85,x-pack\qa\src\main\java\org\elasticsearch\xpack\test\rest\XPackRestTestHelper.java
38,x-pack\qa\smoke-test-security-with-mustache\src\yamlRestTest\java\org\elasticsearch\smoketest\SmokeTestSecurityWithMustacheClientYamlTestSuiteIT.java
211,x-pack\qa\smoke-test-plugins-ssl\src\yamlRestTest\java\org\elasticsearch\smoketest\SmokeTestMonitoringWithSecurityIT.java
73,x-pack\qa\smoke-test-plugins-ssl\src\yamlRestTest\java\org\elasticsearch\smoketest\SmokeTestPluginsSslClientYamlTestSuiteIT.java
38,x-pack\qa\smoke-test-plugins\src\yamlRestTest\java\org\elasticsearch\smoketest\XSmokeTestPluginsClientYamlTestSuiteIT.java
119,x-pack\qa\security-tools-tests\src\test\java\org\elasticsearch\xpack\security\support\FileAttributesCheckerTests.java
157,x-pack\qa\security-tools-tests\src\test\java\org\elasticsearch\xpack\security\support\SecurityFilesTests.java
317,x-pack\qa\security-tools-tests\src\test\java\org\elasticsearch\xpack\security\tool\BaseRunAsSuperuserCommandTests.java
116,x-pack\qa\security-tools-tests\src\test\java\org\elasticsearch\xpack\security\enrollment\tool\AutoConfigGenerateElasticPasswordHashTests.java
263,x-pack\qa\security-tools-tests\src\test\java\org\elasticsearch\xpack\security\enrollment\tool\CreateEnrollmentTokenToolTests.java
111,x-pack\qa\security-tools-tests\src\test\java\org\elasticsearch\xpack\security\crypto\tool\SystemKeyToolTests.java
334,x-pack\qa\security-tools-tests\src\test\java\org\elasticsearch\xpack\security\authc\service\FileTokensToolTests.java
626,x-pack\qa\security-tools-tests\src\test\java\org\elasticsearch\xpack\security\authc\file\tool\UsersToolTests.java
313,x-pack\qa\security-tools-tests\src\test\java\org\elasticsearch\xpack\security\authc\esnative\tool\ResetPasswordToolTests.java
91,x-pack\qa\security-setup-password-tests\src\javaRestTest\java\org\elasticsearch\xpack\security\authc\esnative\tool\AbstractPasswordToolTestCase.java
143,x-pack\qa\security-setup-password-tests\src\javaRestTest\java\org\elasticsearch\xpack\security\authc\esnative\tool\ResetPasswordToolIT.java
73,x-pack\qa\security-setup-password-tests\src\javaRestTest\java\org\elasticsearch\xpack\security\authc\esnative\tool\SetupPasswordToolIT.java
94,x-pack\qa\security-example-spi-extension\src\test\java\org\elasticsearch\example\realm\CustomRealmTests.java
75,x-pack\qa\security-example-spi-extension\src\test\java\org\elasticsearch\example\realm\CustomRoleMappingRealmTests.java
62,x-pack\qa\security-example-spi-extension\src\main\java\org\elasticsearch\example\ExampleSecurityExtension.java
45,x-pack\qa\security-example-spi-extension\src\main\java\org\elasticsearch\example\SpiExtensionPlugin.java
60,x-pack\qa\security-example-spi-extension\src\main\java\org\elasticsearch\example\realm\CustomAuthenticationFailureHandler.java
108,x-pack\qa\security-example-spi-extension\src\main\java\org\elasticsearch\example\realm\CustomRealm.java
97,x-pack\qa\security-example-spi-extension\src\main\java\org\elasticsearch\example\realm\CustomRoleMappingRealm.java
57,x-pack\qa\security-example-spi-extension\src\main\java\org\elasticsearch\example\role\CustomInMemoryRolesProvider.java
70,x-pack\qa\security-example-spi-extension\src\javaRestTest\java\org\elasticsearch\example\realm\CustomRealmIT.java
74,x-pack\qa\security-example-spi-extension\src\javaRestTest\java\org\elasticsearch\example\realm\CustomRoleMappingRealmIT.java
101,x-pack\qa\security-example-spi-extension\src\javaRestTest\java\org\elasticsearch\example\role\CustomRolesProviderIT.java
589,x-pack\qa\saml-idp-tests\src\javaRestTest\java\org\elasticsearch\xpack\security\authc\saml\SamlAuthenticationIT.java
333,x-pack\qa\runtime-fields\with-security\src\javaRestTest\java\org\elasticsearch\xpack\security\PermissionsIT.java
408,x-pack\qa\runtime-fields\src\main\java\org\elasticsearch\xpack\runtimefields\test\CoreTestTranslater.java
231,x-pack\qa\runtime-fields\core-with-search\src\yamlRestTest\java\org\elasticsearch\xpack\runtimefields\test\search\CoreTestsWithSearchRuntimeFieldsIT.java
64,x-pack\qa\runtime-fields\core-with-mapped\src\yamlRestTest\java\org\elasticsearch\xpack\runtimefields\test\mapped\CoreWithMappedRuntimeFieldsIT.java
179,x-pack\qa\rolling-upgrade-multi-cluster\src\test\java\org\elasticsearch\upgrades\AbstractMultiClusterUpgradeTestCase.java
412,x-pack\qa\rolling-upgrade-multi-cluster\src\test\java\org\elasticsearch\upgrades\CcrRollingUpgradeIT.java
54,x-pack\qa\rolling-upgrade-basic\src\test\java\org\elasticsearch\upgrades\AbstractUpgradeTestCase.java
55,x-pack\qa\rolling-upgrade-basic\src\test\java\org\elasticsearch\upgrades\BasicLicenseUpgradeIT.java
297,x-pack\qa\rolling-upgrade\src\test\java\org\elasticsearch\upgrades\AbstractUpgradeTestCase.java
469,x-pack\qa\rolling-upgrade\src\test\java\org\elasticsearch\upgrades\ApiKeyBackwardsCompatibilityIT.java
860,x-pack\qa\rolling-upgrade\src\test\java\org\elasticsearch\upgrades\DataStreamsUpgradeIT.java
35,x-pack\qa\rolling-upgrade\src\test\java\org\elasticsearch\upgrades\GeoIpUpgradeIT.java
47,x-pack\qa\rolling-upgrade\src\test\java\org\elasticsearch\upgrades\ILMHistoryManagedTemplateUpgradeIT.java
135,x-pack\qa\rolling-upgrade\src\test\java\org\elasticsearch\upgrades\IndexingIT.java
294,x-pack\qa\rolling-upgrade\src\test\java\org\elasticsearch\upgrades\MlAssignmentPlannerUpgradeIT.java
404,x-pack\qa\rolling-upgrade\src\test\java\org\elasticsearch\upgrades\MlJobSnapshotUpgradeIT.java
272,x-pack\qa\rolling-upgrade\src\test\java\org\elasticsearch\upgrades\MlMappingsUpgradeIT.java
301,x-pack\qa\rolling-upgrade\src\test\java\org\elasticsearch\upgrades\MLModelDeploymentsUpgradeIT.java
270,x-pack\qa\rolling-upgrade\src\test\java\org\elasticsearch\upgrades\MlTrainedModelsUpgradeIT.java
102,x-pack\qa\rolling-upgrade\src\test\java\org\elasticsearch\upgrades\QueryableBuiltInRolesUpgradeIT.java
338,x-pack\qa\rolling-upgrade\src\test\java\org\elasticsearch\upgrades\RolesBackwardsCompatibilityIT.java
402,x-pack\qa\rolling-upgrade\src\test\java\org\elasticsearch\upgrades\SearchableSnapshotsRollingUpgradeIT.java
190,x-pack\qa\rolling-upgrade\src\test\java\org\elasticsearch\upgrades\SecurityIndexRolesMetadataMigrationIT.java
247,x-pack\qa\rolling-upgrade\src\test\java\org\elasticsearch\upgrades\SemanticTextUpgradeIT.java
47,x-pack\qa\rolling-upgrade\src\test\java\org\elasticsearch\upgrades\SLMHistoryManagedTemplateUpgradeIT.java
192,x-pack\qa\rolling-upgrade\src\test\java\org\elasticsearch\upgrades\SystemIndicesUpgradeIT.java
461,x-pack\qa\rolling-upgrade\src\test\java\org\elasticsearch\upgrades\TokenBackwardsCompatibilityIT.java
389,x-pack\qa\rolling-upgrade\src\test\java\org\elasticsearch\upgrades\TransformSurvivesUpgradeIT.java
137,x-pack\qa\rolling-upgrade\src\test\java\org\elasticsearch\upgrades\UpgradeClusterClientYamlTestSuiteIT.java
78,x-pack\qa\rolling-upgrade\src\test\java\org\elasticsearch\upgrades\WatcherRestartIT.java
337,x-pack\qa\repository-old-versions-compatibility\src\javaRestTest\java\org\elasticsearch\oldrepos\AbstractUpgradeCompatibilityTestCase.java
175,x-pack\qa\repository-old-versions-compatibility\src\javaRestTest\java\org\elasticsearch\oldrepos\OldRepositoriesIT.java
202,x-pack\qa\repository-old-versions\src\test\java\org\elasticsearch\oldrepos\DocValueOnlyFieldsIT.java
438,x-pack\qa\repository-old-versions\src\test\java\org\elasticsearch\oldrepos\OldMappingsIT.java
513,x-pack\qa\repository-old-versions\src\test\java\org\elasticsearch\oldrepos\OldRepositoryAccessIT.java
81,x-pack\qa\reindex-tests-with-security\src\yamlRestTest\java\org\elasticsearch\xpack\security\ReindexWithSecurityClientYamlTestSuiteIT.java
271,x-pack\qa\reindex-tests-with-security\src\yamlRestTest\java\org\elasticsearch\xpack\security\ReindexWithSecurityIT.java
185,x-pack\qa\password-protected-keystore\src\javaRestTest\java\org\elasticsearch\password_protected_keystore\ReloadSecureSettingsWithPasswordProtectedKeystoreRestIT.java
361,x-pack\qa\openldap-tests\src\test\java\org\elasticsearch\test\OpenLdapTests.java
190,x-pack\qa\openldap-tests\src\test\java\org\elasticsearch\xpack\security\authc\ldap\OpenLdapUserSearchSessionFactoryTests.java
238,x-pack\qa\openldap-tests\src\test\java\org\elasticsearch\xpack\security\authc\ldap\SearchGroupsResolverTests.java
199,x-pack\qa\oidc-op-tests\src\javaRestTest\java\org\elasticsearch\xpack\security\authc\jwt\JwtWithOidcAuthIT.java
358,x-pack\qa\oidc-op-tests\src\javaRestTest\java\org\elasticsearch\xpack\security\authc\oidc\C2IdOpTestCase.java
368,x-pack\qa\oidc-op-tests\src\javaRestTest\java\org\elasticsearch\xpack\security\authc\oidc\OpenIdConnectAuthIT.java
41,x-pack\qa\multi-project\yaml-test-framework\src\main\java\org\elasticsearch\multiproject\test\MultipleProjectsClientYamlSuiteTestCase.java
71,x-pack\qa\multi-project\xpack-rest-tests-with-multiple-projects\src\yamlRestTest\java\org\elasticsearch\multiproject\test\XpackWithMultipleProjectsClientYamlTestSuiteIT.java
68,x-pack\qa\multi-project\core-rest-tests-with-multiple-projects\src\yamlRestTest\java\org\elasticsearch\multiproject\test\CoreWithMultipleProjectsClientYamlTestSuiteIT.java
116,x-pack\qa\multi-node\src\javaRestTest\java\org\elasticsearch\multi_node\GlobalCheckpointSyncActionIT.java
326,x-pack\qa\multi-node\src\javaRestTest\java\org\elasticsearch\multi_node\RollupIT.java
69,x-pack\qa\multi-cluster-search-security\legacy-with-restricted-trust\src\test\java\org\elasticsearch\xpack\remotecluster\LegacyRemoteClusterSecuritySmokeIT.java
52,x-pack\qa\multi-cluster-search-security\legacy-with-full-license\src\test\java\org\elasticsearch\xpack\security\MultiClusterSearchWithSecurityYamlTestSuiteIT.java
52,x-pack\qa\multi-cluster-search-security\legacy-with-basic-license\src\test\java\org\elasticsearch\xpack\security\MultiClusterSearchWithSecurityYamlTestSuiteIT.java
18,x-pack\qa\mixed-tier-cluster\src\javaRestTest\java\org\elasticsearch\mixed\DataTierMixedIT.java
280,x-pack\qa\kerberos-tests\src\javaRestTest\java\org\elasticsearch\xpack\security\authc\kerberos\KerberosAuthenticationIT.java
425,x-pack\qa\kerberos-tests\src\javaRestTest\java\org\elasticsearch\xpack\security\authc\kerberos\SpnegoHttpClientConfigCallbackHandler.java
49,x-pack\qa\full-cluster-restart\src\javaRestTest\java\org\elasticsearch\xpack\restart\AbstractXpackFullClusterRestartTestCase.java
46,x-pack\qa\full-cluster-restart\src\javaRestTest\java\org\elasticsearch\xpack\restart\CoreFullClusterRestartIT.java
979,x-pack\qa\full-cluster-restart\src\javaRestTest\java\org\elasticsearch\xpack\restart\FullClusterRestartIT.java
116,x-pack\qa\full-cluster-restart\src\javaRestTest\java\org\elasticsearch\xpack\restart\MlConfigIndexMappingsFullClusterRestartIT.java
168,x-pack\qa\full-cluster-restart\src\javaRestTest\java\org\elasticsearch\xpack\restart\MlHiddenIndicesFullClusterRestartIT.java
226,x-pack\qa\full-cluster-restart\src\javaRestTest\java\org\elasticsearch\xpack\restart\MlMigrationFullClusterRestartIT.java
241,x-pack\qa\full-cluster-restart\src\javaRestTest\java\org\elasticsearch\xpack\restart\MLModelDeploymentFullClusterRestartIT.java
42,x-pack\qa\full-cluster-restart\src\javaRestTest\java\org\elasticsearch\xpack\restart\QueryBuilderBWCIT.java
206,x-pack\qa\evil-tests\src\test\java\org\elasticsearch\xpack\security\authc\kerberos\KerberosTestCase.java
157,x-pack\qa\evil-tests\src\test\java\org\elasticsearch\xpack\security\authc\kerberos\KerberosTicketValidatorTests.java
288,x-pack\qa\evil-tests\src\test\java\org\elasticsearch\xpack\security\authc\kerberos\SimpleKdcLdapServer.java
84,x-pack\qa\evil-tests\src\test\java\org\elasticsearch\xpack\security\authc\kerberos\SimpleKdcLdapServerTests.java
283,x-pack\qa\evil-tests\src\test\java\org\elasticsearch\xpack\security\authc\kerberos\SpnegoClient.java
77,x-pack\qa\core-rest-tests-with-security\src\yamlRestTest\java\org\elasticsearch\xpack\security\CoreWithSecurityClientYamlTestSuiteIT.java
628,x-pack\plugin\write-load-forecaster\src\test\java\org\elasticsearch\xpack\writeloadforecaster\LicensedWriteLoadForecasterTests.java
226,x-pack\plugin\write-load-forecaster\src\main\java\org\elasticsearch\xpack\writeloadforecaster\LicensedWriteLoadForecaster.java
60,x-pack\plugin\write-load-forecaster\src\main\java\org\elasticsearch\xpack\writeloadforecaster\WriteLoadForecasterPlugin.java
252,x-pack\plugin\write-load-forecaster\src\internalClusterTest\java\org\elasticsearch\xpack\writeloadforecaster\WriteLoadForecasterIT.java
37,x-pack\plugin\wildcard\src\yamlRestTest\java\org\elasticsearch\xpack\wildcard\WildcardClientYamlTestSuiteIT.java
85,x-pack\plugin\wildcard\src\test\java\org\elasticsearch\xpack\wildcard\mapper\TermsQueryTests.java
144,x-pack\plugin\wildcard\src\test\java\org\elasticsearch\xpack\wildcard\mapper\WildcardFieldAggregationTests.java
69,x-pack\plugin\wildcard\src\test\java\org\elasticsearch\xpack\wildcard\mapper\WildcardFieldBlockLoaderTests.java
1280,x-pack\plugin\wildcard\src\test\java\org\elasticsearch\xpack\wildcard\mapper\WildcardFieldMapperTests.java
40,x-pack\plugin\wildcard\src\test\java\org\elasticsearch\xpack\wildcard\mapper\WildcardFieldTypeTests.java
23,x-pack\plugin\wildcard\src\main\java\module-info.java
27,x-pack\plugin\wildcard\src\main\java\org\elasticsearch\xpack\wildcard\Wildcard.java
18,x-pack\plugin\wildcard\src\main\java\org\elasticsearch\xpack\wildcard\WildcardDocValuesField.java
37,x-pack\plugin\wildcard\src\main\java\org\elasticsearch\xpack\wildcard\WildcardPainlessExtension.java
378,x-pack\plugin\wildcard\src\main\java\org\elasticsearch\xpack\wildcard\mapper\BinaryDvConfirmedQuery.java
1173,x-pack\plugin\wildcard\src\main\java\org\elasticsearch\xpack\wildcard\mapper\WildcardFieldMapper.java
153,x-pack\plugin\wildcard\src\internalClusterTest\java\org\elasticsearch\xpack\wildcard\search\WildcardSearchIT.java
35,x-pack\plugin\watcher\src\yamlRestTest\java\org\elasticsearch\smoketest\WatcherYamlRestIT.java
54,x-pack\plugin\watcher\src\yamlRestTest\java\org\elasticsearch\smoketest\WatcherYamlRestWithSecurityIT.java
153,x-pack\plugin\watcher\src\yamlRestTest\java\org\elasticsearch\smoketest\WatcherYamlSuiteTestCase.java
38,x-pack\plugin\watcher\src\test\java\org\elasticsearch\xpack\watcher\EncryptSensitiveDataBootstrapCheckTests.java
752,x-pack\plugin\watcher\src\test\java\org\elasticsearch\xpack\watcher\WatcherIndexingListenerTests.java
173,x-pack\plugin\watcher\src\test\java\org\elasticsearch\xpack\watcher\WatcherInfoTransportActionTests.java
726,x-pack\plugin\watcher\src\test\java\org\elasticsearch\xpack\watcher\WatcherLifeCycleServiceTests.java
92,x-pack\plugin\watcher\src\test\java\org\elasticsearch\xpack\watcher\WatcherMetadataSerializationTests.java
144,x-pack\plugin\watcher\src\test\java\org\elasticsearch\xpack\watcher\WatcherPluginTests.java
382,x-pack\plugin\watcher\src\test\java\org\elasticsearch\xpack\watcher\WatcherServiceTests.java
307,x-pack\plugin\watcher\src\test\java\org\elasticsearch\xpack\watcher\actions\ActionWrapperTests.java
75,x-pack\plugin\watcher\src\test\java\org\elasticsearch\xpack\watcher\condition\AlwaysConditionTests.java
271,x-pack\plugin\watcher\src\test\java\org\elasticsearch\xpack\watcher\condition\ArrayCompareConditionTests.java
289,x-pack\plugin\watcher\src\test\java\org\elasticsearch\xpack\watcher\condition\CompareConditionTests.java
53,x-pack\plugin\watcher\src\test\java\org\elasticsearch\xpack\watcher\condition\NeverConditionTests.java
285,x-pack\plugin\watcher\src\test\java\org\elasticsearch\xpack\watcher\condition\ScriptConditionTests.java
1279,x-pack\plugin\watcher\src\test\java\org\elasticsearch\xpack\watcher\execution\ExecutionServiceTests.java
507,x-pack\plugin\watcher\src\test\java\org\elasticsearch\xpack\watcher\execution\TriggeredWatchStoreTests.java
284,x-pack\plugin\watcher\src\test\java\org\elasticsearch\xpack\watcher\history\HistoryStoreTests.java
42,x-pack\plugin\watcher\src\test\java\org\elasticsearch\xpack\watcher\input\InputRegistryTests.java
284,x-pack\plugin\watcher\src\test\java\org\elasticsearch\xpack\watcher\notification\NotificationServiceTests.java
118,x-pack\plugin\watcher\src\test\java\org\elasticsearch\xpack\watcher\notification\WebhookServiceTests.java
262,x-pack\plugin\watcher\src\test\java\org\elasticsearch\xpack\watcher\support\FilterXContentTests.java
58,x-pack\plugin\watcher\src\test\java\org\elasticsearch\xpack\watcher\support\VariablesTests.java
156,x-pack\plugin\watcher\src\test\java\org\elasticsearch\xpack\watcher\support\WatcherDateTimeUtilsTests.java
380,x-pack\plugin\watcher\src\test\java\org\elasticsearch\xpack\watcher\support\WatcherIndexTemplateRegistryTests.java
179,x-pack\plugin\watcher\src\test\java\org\elasticsearch\xpack\watcher\support\WatcherTemplateTests.java
252,x-pack\plugin\watcher\src\test\java\org\elasticsearch\xpack\watcher\support\WatcherUtilsTests.java
44,x-pack\plugin\watcher\src\test\java\org\elasticsearch\xpack\watcher\test\LocalStateWatcher.java
27,x-pack\plugin\watcher\src\test\java\org\elasticsearch\xpack\watcher\test\MockTextTemplateEngine.java
107,x-pack\plugin\watcher\src\test\java\org\elasticsearch\xpack\watcher\test\TimeWarpedWatcher.java
81,x-pack\plugin\watcher\src\test\java\org\elasticsearch\xpack\watcher\test\WatcherMockScriptPlugin.java
250,x-pack\plugin\watcher\src\test\java\org\elasticsearch\xpack\watcher\test\WatcherTestUtils.java
87,x-pack\plugin\watcher\src\test\java\org\elasticsearch\xpack\watcher\test\WatchExecutionContextMockBuilder.java
113,x-pack\plugin\watcher\src\test\java\org\elasticsearch\xpack\watcher\trigger\ScheduleTriggerEngineMock.java
185,x-pack\plugin\watcher\src\test\java\org\elasticsearch\xpack\watcher\trigger\TriggerServiceTests.java
103,x-pack\plugin\watcher\src\test\java\org\elasticsearch\xpack\watcher\watch\WatchStatusTests.java
156,x-pack\plugin\watcher\src\test\java\org\elasticsearch\xpack\watcher\watch\WatchStoreUtilsTests.java
734,x-pack\plugin\watcher\src\test\java\org\elasticsearch\xpack\watcher\watch\WatchTests.java
26,x-pack\plugin\watcher\src\test\java\org\elasticsearch\xpack\watcher\watch\clock\ClockTests.java
129,x-pack\plugin\watcher\src\test\java\org\elasticsearch\xpack\watcher\trigger\schedule\CronScheduleTests.java
190,x-pack\plugin\watcher\src\test\java\org\elasticsearch\xpack\watcher\trigger\schedule\DailyScheduleTests.java
197,x-pack\plugin\watcher\src\test\java\org\elasticsearch\xpack\watcher\trigger\schedule\HourlyScheduleTests.java
94,x-pack\plugin\watcher\src\test\java\org\elasticsearch\xpack\watcher\trigger\schedule\IntervalScheduleTests.java
147,x-pack\plugin\watcher\src\test\java\org\elasticsearch\xpack\watcher\trigger\schedule\MonthlyScheduleTests.java
119,x-pack\plugin\watcher\src\test\java\org\elasticsearch\xpack\watcher\trigger\schedule\ScheduleRegistryTests.java
395,x-pack\plugin\watcher\src\test\java\org\elasticsearch\xpack\watcher\trigger\schedule\ScheduleTestCase.java
37,x-pack\plugin\watcher\src\test\java\org\elasticsearch\xpack\watcher\trigger\schedule\ScheduleTriggerEventTests.java
162,x-pack\plugin\watcher\src\test\java\org\elasticsearch\xpack\watcher\trigger\schedule\WeeklyScheduleTests.java
159,x-pack\plugin\watcher\src\test\java\org\elasticsearch\xpack\watcher\trigger\schedule\YearlyScheduleTests.java
536,x-pack\plugin\watcher\src\test\java\org\elasticsearch\xpack\watcher\trigger\schedule\engine\TickerScheduleEngineTests.java
40,x-pack\plugin\watcher\src\test\java\org\elasticsearch\xpack\watcher\trigger\schedule\support\TimezoneUtilsTests.java
75,x-pack\plugin\watcher\src\test\java\org\elasticsearch\xpack\watcher\trigger\schedule\tool\CronEvalToolTests.java
86,x-pack\plugin\watcher\src\test\java\org\elasticsearch\xpack\watcher\transport\action\QueryWatchesRequestTests.java
138,x-pack\plugin\watcher\src\test\java\org\elasticsearch\xpack\watcher\transport\action\QueryWatchesResponseTests.java
158,x-pack\plugin\watcher\src\test\java\org\elasticsearch\xpack\watcher\transport\action\WatchRequestValidationTests.java
151,x-pack\plugin\watcher\src\test\java\org\elasticsearch\xpack\watcher\transport\actions\TransportAckWatchActionTests.java
127,x-pack\plugin\watcher\src\test\java\org\elasticsearch\xpack\watcher\transport\actions\TransportPutWatchActionTests.java
132,x-pack\plugin\watcher\src\test\java\org\elasticsearch\xpack\watcher\transport\actions\TransportWatcherStatsActionTests.java
33,x-pack\plugin\watcher\src\test\java\org\elasticsearch\xpack\watcher\transport\action\execute\ExecuteWatchRequestTests.java
63,x-pack\plugin\watcher\src\test\java\org\elasticsearch\xpack\watcher\transport\action\put\PutWatchSerializationTests.java
316,x-pack\plugin\watcher\src\test\java\org\elasticsearch\xpack\watcher\transform\chain\ChainTransformTests.java
215,x-pack\plugin\watcher\src\test\java\org\elasticsearch\xpack\watcher\transform\script\ScriptTransformTests.java
174,x-pack\plugin\watcher\src\test\java\org\elasticsearch\xpack\watcher\test\bench\ScheduleEngineTriggerBenchmark.java
233,x-pack\plugin\watcher\src\test\java\org\elasticsearch\xpack\watcher\test\bench\WatcherExecutorServiceBenchmark.java
400,x-pack\plugin\watcher\src\test\java\org\elasticsearch\xpack\watcher\test\bench\WatcherScheduleEngineBenchmark.java
240,x-pack\plugin\watcher\src\test\java\org\elasticsearch\xpack\watcher\test\integration\SearchInputTests.java
108,x-pack\plugin\watcher\src\test\java\org\elasticsearch\xpack\watcher\test\integration\SearchTransformTests.java
116,x-pack\plugin\watcher\src\test\java\org\elasticsearch\xpack\watcher\support\search\WatcherSearchTemplateRequestTests.java
39,x-pack\plugin\watcher\src\test\java\org\elasticsearch\xpack\watcher\support\xcontent\XContentSourceTests.java
63,x-pack\plugin\watcher\src\test\java\org\elasticsearch\xpack\watcher\rest\action\RestExecuteWatchActionTests.java
138,x-pack\plugin\watcher\src\test\java\org\elasticsearch\xpack\watcher\notification\email\AccountsTests.java
354,x-pack\plugin\watcher\src\test\java\org\elasticsearch\xpack\watcher\notification\email\AccountTests.java
45,x-pack\plugin\watcher\src\test\java\org\elasticsearch\xpack\watcher\notification\email\DataAttachmentTests.java
615,x-pack\plugin\watcher\src\test\java\org\elasticsearch\xpack\watcher\notification\email\EmailServiceTests.java
258,x-pack\plugin\watcher\src\test\java\org\elasticsearch\xpack\watcher\notification\email\EmailTemplateTests.java
67,x-pack\plugin\watcher\src\test\java\org\elasticsearch\xpack\watcher\notification\email\EmailTests.java
132,x-pack\plugin\watcher\src\test\java\org\elasticsearch\xpack\watcher\notification\email\HtmlSanitizerTests.java
76,x-pack\plugin\watcher\src\test\java\org\elasticsearch\xpack\watcher\notification\email\ProfileTests.java
246,x-pack\plugin\watcher\src\test\java\org\elasticsearch\xpack\watcher\notification\jira\JiraAccountTests.java
124,x-pack\plugin\watcher\src\test\java\org\elasticsearch\xpack\watcher\notification\jira\JiraIssueTests.java
111,x-pack\plugin\watcher\src\test\java\org\elasticsearch\xpack\watcher\notification\pagerduty\IncidentEventDefaultsTests.java
139,x-pack\plugin\watcher\src\test\java\org\elasticsearch\xpack\watcher\notification\pagerduty\IncidentEventTests.java
107,x-pack\plugin\watcher\src\test\java\org\elasticsearch\xpack\watcher\notification\pagerduty\PagerDutyAccountsTests.java
60,x-pack\plugin\watcher\src\test\java\org\elasticsearch\xpack\watcher\notification\pagerduty\SentEventTests.java
113,x-pack\plugin\watcher\src\test\java\org\elasticsearch\xpack\watcher\notification\slack\message\SlackMessageDefaultsTests.java
775,x-pack\plugin\watcher\src\test\java\org\elasticsearch\xpack\watcher\notification\slack\message\SlackMessageTests.java
54,x-pack\plugin\watcher\src\test\java\org\elasticsearch\xpack\watcher\notification\email\attachment\DataAttachmentParserTests.java
198,x-pack\plugin\watcher\src\test\java\org\elasticsearch\xpack\watcher\notification\email\attachment\EmailAttachmentParsersTests.java
198,x-pack\plugin\watcher\src\test\java\org\elasticsearch\xpack\watcher\notification\email\attachment\HttpEmailAttachementParserTests.java
702,x-pack\plugin\watcher\src\test\java\org\elasticsearch\xpack\watcher\notification\email\attachment\ReportingAttachmentParserTests.java
143,x-pack\plugin\watcher\src\test\java\org\elasticsearch\xpack\watcher\notification\email\support\EmailServer.java
279,x-pack\plugin\watcher\src\test\java\org\elasticsearch\xpack\watcher\input\chain\ChainInputTests.java
71,x-pack\plugin\watcher\src\test\java\org\elasticsearch\xpack\watcher\input\chain\ExecutableChainInputTests.java
361,x-pack\plugin\watcher\src\test\java\org\elasticsearch\xpack\watcher\input\http\HttpInputTests.java
71,x-pack\plugin\watcher\src\test\java\org\elasticsearch\xpack\watcher\input\simple\SimpleInputTests.java
137,x-pack\plugin\watcher\src\test\java\org\elasticsearch\xpack\watcher\input\transform\TransformInputTests.java
851,x-pack\plugin\watcher\src\test\java\org\elasticsearch\xpack\watcher\common\http\HttpClientTests.java
102,x-pack\plugin\watcher\src\test\java\org\elasticsearch\xpack\watcher\common\http\HttpConnectionTimeoutTests.java
118,x-pack\plugin\watcher\src\test\java\org\elasticsearch\xpack\watcher\common\http\HttpProxyTests.java
111,x-pack\plugin\watcher\src\test\java\org\elasticsearch\xpack\watcher\common\http\HttpReadTimeoutTests.java
199,x-pack\plugin\watcher\src\test\java\org\elasticsearch\xpack\watcher\common\http\HttpRequestTemplateTests.java
174,x-pack\plugin\watcher\src\test\java\org\elasticsearch\xpack\watcher\common\http\HttpRequestTests.java
114,x-pack\plugin\watcher\src\test\java\org\elasticsearch\xpack\watcher\common\http\HttpResponseTests.java
54,x-pack\plugin\watcher\src\test\java\org\elasticsearch\xpack\watcher\common\http\SizeLimitInputStreamTests.java
281,x-pack\plugin\watcher\src\test\java\org\elasticsearch\xpack\watcher\common\text\TextTemplateTests.java
686,x-pack\plugin\watcher\src\test\java\org\elasticsearch\xpack\watcher\actions\email\EmailActionTests.java
110,x-pack\plugin\watcher\src\test\java\org\elasticsearch\xpack\watcher\actions\email\EmailMessageIdTests.java
224,x-pack\plugin\watcher\src\test\java\org\elasticsearch\xpack\watcher\actions\email\EmailSslTests.java
446,x-pack\plugin\watcher\src\test\java\org\elasticsearch\xpack\watcher\actions\index\IndexActionTests.java
360,x-pack\plugin\watcher\src\test\java\org\elasticsearch\xpack\watcher\actions\jira\ExecutableJiraActionTests.java
44,x-pack\plugin\watcher\src\test\java\org\elasticsearch\xpack\watcher\actions\jira\JiraActionFactoryTests.java
312,x-pack\plugin\watcher\src\test\java\org\elasticsearch\xpack\watcher\actions\jira\JiraActionTests.java
195,x-pack\plugin\watcher\src\test\java\org\elasticsearch\xpack\watcher\actions\logging\LoggingActionTests.java
63,x-pack\plugin\watcher\src\test\java\org\elasticsearch\xpack\watcher\actions\pagerduty\PagerDutyActionFactoryTests.java
276,x-pack\plugin\watcher\src\test\java\org\elasticsearch\xpack\watcher\actions\pagerduty\PagerDutyActionTests.java
69,x-pack\plugin\watcher\src\test\java\org\elasticsearch\xpack\watcher\actions\slack\ExecutableSlackActionTests.java
64,x-pack\plugin\watcher\src\test\java\org\elasticsearch\xpack\watcher\actions\slack\SlackActionFactoryTests.java
203,x-pack\plugin\watcher\src\test\java\org\elasticsearch\xpack\watcher\actions\slack\SlackActionTests.java
76,x-pack\plugin\watcher\src\test\java\org\elasticsearch\xpack\watcher\actions\throttler\AckThrottlerTests.java
72,x-pack\plugin\watcher\src\test\java\org\elasticsearch\xpack\watcher\actions\throttler\PeriodThrottlerTests.java
401,x-pack\plugin\watcher\src\test\java\org\elasticsearch\xpack\watcher\actions\webhook\WebhookActionTests.java
24,x-pack\plugin\watcher\src\main\java\org\elasticsearch\xpack\watcher\ClockHolder.java
59,x-pack\plugin\watcher\src\main\java\org\elasticsearch\xpack\watcher\EncryptSensitiveDataBootstrapCheck.java
1028,x-pack\plugin\watcher\src\main\java\org\elasticsearch\xpack\watcher\Watcher.java
407,x-pack\plugin\watcher\src\main\java\org\elasticsearch\xpack\watcher\WatcherIndexingListener.java
52,x-pack\plugin\watcher\src\main\java\org\elasticsearch\xpack\watcher\WatcherInfoTransportAction.java
225,x-pack\plugin\watcher\src\main\java\org\elasticsearch\xpack\watcher\WatcherLifeCycleService.java
35,x-pack\plugin\watcher\src\main\java\org\elasticsearch\xpack\watcher\WatcherPainlessExtension.java
459,x-pack\plugin\watcher\src\main\java\org\elasticsearch\xpack\watcher\WatcherService.java
101,x-pack\plugin\watcher\src\main\java\org\elasticsearch\xpack\watcher\WatcherUsageTransportAction.java
79,x-pack\plugin\watcher\src\main\java\org\elasticsearch\xpack\watcher\actions\ActionBuilders.java
18,x-pack\plugin\watcher\src\main\java\org\elasticsearch\xpack\watcher\client\WatchSourceBuilders.java
77,x-pack\plugin\watcher\src\main\java\org\elasticsearch\xpack\watcher\condition\AbstractCompareCondition.java
355,x-pack\plugin\watcher\src\main\java\org\elasticsearch\xpack\watcher\condition\ArrayCompareCondition.java
232,x-pack\plugin\watcher\src\main\java\org\elasticsearch\xpack\watcher\condition\CompareCondition.java
50,x-pack\plugin\watcher\src\main\java\org\elasticsearch\xpack\watcher\condition\InternalAlwaysCondition.java
90,x-pack\plugin\watcher\src\main\java\org\elasticsearch\xpack\watcher\condition\LenientCompare.java
71,x-pack\plugin\watcher\src\main\java\org\elasticsearch\xpack\watcher\condition\NeverCondition.java
92,x-pack\plugin\watcher\src\main\java\org\elasticsearch\xpack\watcher\condition\ScriptCondition.java
54,x-pack\plugin\watcher\src\main\java\org\elasticsearch\xpack\watcher\condition\WatcherConditionScript.java
40,x-pack\plugin\watcher\src\main\java\org\elasticsearch\xpack\watcher\execution\AsyncTriggerEventConsumer.java
105,x-pack\plugin\watcher\src\main\java\org\elasticsearch\xpack\watcher\execution\CurrentExecutions.java
683,x-pack\plugin\watcher\src\main\java\org\elasticsearch\xpack\watcher\execution\ExecutionService.java
50,x-pack\plugin\watcher\src\main\java\org\elasticsearch\xpack\watcher\execution\InternalWatchExecutor.java
195,x-pack\plugin\watcher\src\main\java\org\elasticsearch\xpack\watcher\execution\ManualExecutionContext.java
41,x-pack\plugin\watcher\src\main\java\org\elasticsearch\xpack\watcher\execution\SyncTriggerEventConsumer.java
68,x-pack\plugin\watcher\src\main\java\org\elasticsearch\xpack\watcher\execution\TriggeredExecutionContext.java
121,x-pack\plugin\watcher\src\main\java\org\elasticsearch\xpack\watcher\execution\TriggeredWatch.java
195,x-pack\plugin\watcher\src\main\java\org\elasticsearch\xpack\watcher\execution\TriggeredWatchStore.java
22,x-pack\plugin\watcher\src\main\java\org\elasticsearch\xpack\watcher\execution\WatchExecutor.java
103,x-pack\plugin\watcher\src\main\java\org\elasticsearch\xpack\watcher\history\HistoryStore.java
56,x-pack\plugin\watcher\src\main\java\org\elasticsearch\xpack\watcher\input\InputBuilders.java
41,x-pack\plugin\watcher\src\main\java\org\elasticsearch\xpack\watcher\input\InputFactory.java
89,x-pack\plugin\watcher\src\main\java\org\elasticsearch\xpack\watcher\input\InputRegistry.java
179,x-pack\plugin\watcher\src\main\java\org\elasticsearch\xpack\watcher\notification\NotificationService.java
235,x-pack\plugin\watcher\src\main\java\org\elasticsearch\xpack\watcher\notification\WebhookService.java
52,x-pack\plugin\watcher\src\main\java\org\elasticsearch\xpack\watcher\support\ArrayObjectIterator.java
29,x-pack\plugin\watcher\src\main\java\org\elasticsearch\xpack\watcher\support\Strings.java
49,x-pack\plugin\watcher\src\main\java\org\elasticsearch\xpack\watcher\support\Variables.java
105,x-pack\plugin\watcher\src\main\java\org\elasticsearch\xpack\watcher\support\WatcherIndexTemplateRegistry.java
169,x-pack\plugin\watcher\src\main\java\org\elasticsearch\xpack\watcher\support\XContentFilterKeysUtils.java
43,x-pack\plugin\watcher\src\main\java\org\elasticsearch\xpack\watcher\transform\TransformBuilders.java
19,x-pack\plugin\watcher\src\main\java\org\elasticsearch\xpack\watcher\trigger\TriggerBuilders.java
55,x-pack\plugin\watcher\src\main\java\org\elasticsearch\xpack\watcher\trigger\TriggerEngine.java
283,x-pack\plugin\watcher\src\main\java\org\elasticsearch\xpack\watcher\trigger\TriggerService.java
76,x-pack\plugin\watcher\src\main\java\org\elasticsearch\xpack\watcher\trigger\TriggerWatchStats.java
258,x-pack\plugin\watcher\src\main\java\org\elasticsearch\xpack\watcher\watch\WatchParser.java
59,x-pack\plugin\watcher\src\main\java\org\elasticsearch\xpack\watcher\watch\WatchStoreUtils.java
50,x-pack\plugin\watcher\src\main\java\org\elasticsearch\xpack\watcher\trigger\manual\ManualTrigger.java
82,x-pack\plugin\watcher\src\main\java\org\elasticsearch\xpack\watcher\trigger\manual\ManualTriggerEngine.java
51,x-pack\plugin\watcher\src\main\java\org\elasticsearch\xpack\watcher\trigger\manual\ManualTriggerEvent.java
86,x-pack\plugin\watcher\src\main\java\org\elasticsearch\xpack\watcher\trigger\schedule\CronnableSchedule.java
80,x-pack\plugin\watcher\src\main\java\org\elasticsearch\xpack\watcher\trigger\schedule\CronSchedule.java
157,x-pack\plugin\watcher\src\main\java\org\elasticsearch\xpack\watcher\trigger\schedule\DailySchedule.java
165,x-pack\plugin\watcher\src\main\java\org\elasticsearch\xpack\watcher\trigger\schedule\HourlySchedule.java
214,x-pack\plugin\watcher\src\main\java\org\elasticsearch\xpack\watcher\trigger\schedule\IntervalSchedule.java
125,x-pack\plugin\watcher\src\main\java\org\elasticsearch\xpack\watcher\trigger\schedule\MonthlySchedule.java
32,x-pack\plugin\watcher\src\main\java\org\elasticsearch\xpack\watcher\trigger\schedule\Schedule.java
95,x-pack\plugin\watcher\src\main\java\org\elasticsearch\xpack\watcher\trigger\schedule\ScheduleRegistry.java
94,x-pack\plugin\watcher\src\main\java\org\elasticsearch\xpack\watcher\trigger\schedule\Schedules.java
79,x-pack\plugin\watcher\src\main\java\org\elasticsearch\xpack\watcher\trigger\schedule\ScheduleTrigger.java
83,x-pack\plugin\watcher\src\main\java\org\elasticsearch\xpack\watcher\trigger\schedule\ScheduleTriggerEngine.java
113,x-pack\plugin\watcher\src\main\java\org\elasticsearch\xpack\watcher\trigger\schedule\ScheduleTriggerEvent.java
124,x-pack\plugin\watcher\src\main\java\org\elasticsearch\xpack\watcher\trigger\schedule\WeeklySchedule.java
125,x-pack\plugin\watcher\src\main\java\org\elasticsearch\xpack\watcher\trigger\schedule\YearlySchedule.java
280,x-pack\plugin\watcher\src\main\java\org\elasticsearch\xpack\watcher\trigger\schedule\engine\TickerScheduleTriggerEngine.java
71,x-pack\plugin\watcher\src\main\java\org\elasticsearch\xpack\watcher\trigger\schedule\support\DayOfWeek.java
303,x-pack\plugin\watcher\src\main\java\org\elasticsearch\xpack\watcher\trigger\schedule\support\DayTimes.java
86,x-pack\plugin\watcher\src\main\java\org\elasticsearch\xpack\watcher\trigger\schedule\support\Month.java
245,x-pack\plugin\watcher\src\main\java\org\elasticsearch\xpack\watcher\trigger\schedule\support\MonthTimes.java
20,x-pack\plugin\watcher\src\main\java\org\elasticsearch\xpack\watcher\trigger\schedule\support\Times.java
55,x-pack\plugin\watcher\src\main\java\org\elasticsearch\xpack\watcher\trigger\schedule\support\TimezoneUtils.java
197,x-pack\plugin\watcher\src\main\java\org\elasticsearch\xpack\watcher\trigger\schedule\support\WeekTimes.java
249,x-pack\plugin\watcher\src\main\java\org\elasticsearch\xpack\watcher\trigger\schedule\support\YearTimes.java
119,x-pack\plugin\watcher\src\main\java\org\elasticsearch\xpack\watcher\trigger\schedule\tool\CronEvalTool.java
23,x-pack\plugin\watcher\src\main\java\org\elasticsearch\xpack\watcher\trigger\schedule\tool\CronEvalToolProvider.java
161,x-pack\plugin\watcher\src\main\java\org\elasticsearch\xpack\watcher\transport\actions\TransportAckWatchAction.java
133,x-pack\plugin\watcher\src\main\java\org\elasticsearch\xpack\watcher\transport\actions\TransportActivateWatchAction.java
59,x-pack\plugin\watcher\src\main\java\org\elasticsearch\xpack\watcher\transport\actions\TransportDeleteWatchAction.java
206,x-pack\plugin\watcher\src\main\java\org\elasticsearch\xpack\watcher\transport\actions\TransportExecuteWatchAction.java
112,x-pack\plugin\watcher\src\main\java\org\elasticsearch\xpack\watcher\transport\actions\TransportGetWatchAction.java
121,x-pack\plugin\watcher\src\main\java\org\elasticsearch\xpack\watcher\transport\actions\TransportGetWatcherSettingsAction.java
175,x-pack\plugin\watcher\src\main\java\org\elasticsearch\xpack\watcher\transport\actions\TransportPutWatchAction.java
132,x-pack\plugin\watcher\src\main\java\org\elasticsearch\xpack\watcher\transport\actions\TransportQueryWatchesAction.java
143,x-pack\plugin\watcher\src\main\java\org\elasticsearch\xpack\watcher\transport\actions\TransportUpdateWatcherSettingsAction.java
110,x-pack\plugin\watcher\src\main\java\org\elasticsearch\xpack\watcher\transport\actions\TransportWatcherServiceAction.java
120,x-pack\plugin\watcher\src\main\java\org\elasticsearch\xpack\watcher\transport\actions\TransportWatcherStatsAction.java
55,x-pack\plugin\watcher\src\main\java\org\elasticsearch\xpack\watcher\transport\actions\WatcherTransportAction.java
60,x-pack\plugin\watcher\src\main\java\org\elasticsearch\xpack\watcher\transform\script\ExecutableScriptTransform.java
104,x-pack\plugin\watcher\src\main\java\org\elasticsearch\xpack\watcher\transform\script\ScriptTransform.java
39,x-pack\plugin\watcher\src\main\java\org\elasticsearch\xpack\watcher\transform\script\ScriptTransformFactory.java
55,x-pack\plugin\watcher\src\main\java\org\elasticsearch\xpack\watcher\transform\script\WatcherTransformScript.java
81,x-pack\plugin\watcher\src\main\java\org\elasticsearch\xpack\watcher\transform\search\ExecutableSearchTransform.java
224,x-pack\plugin\watcher\src\main\java\org\elasticsearch\xpack\watcher\transform\search\SearchTransform.java
56,x-pack\plugin\watcher\src\main\java\org\elasticsearch\xpack\watcher\transform\search\SearchTransformFactory.java
286,x-pack\plugin\watcher\src\main\java\org\elasticsearch\xpack\watcher\support\search\WatcherSearchTemplateRequest.java
90,x-pack\plugin\watcher\src\main\java\org\elasticsearch\xpack\watcher\support\search\WatcherSearchTemplateService.java
68,x-pack\plugin\watcher\src\main\java\org\elasticsearch\xpack\watcher\rest\action\RestAckWatchAction.java
96,x-pack\plugin\watcher\src\main\java\org\elasticsearch\xpack\watcher\rest\action\RestActivateWatchAction.java
56,x-pack\plugin\watcher\src\main\java\org\elasticsearch\xpack\watcher\rest\action\RestDeleteWatchAction.java
190,x-pack\plugin\watcher\src\main\java\org\elasticsearch\xpack\watcher\rest\action\RestExecuteWatchAction.java
51,x-pack\plugin\watcher\src\main\java\org\elasticsearch\xpack\watcher\rest\action\RestGetWatchAction.java
47,x-pack\plugin\watcher\src\main\java\org\elasticsearch\xpack\watcher\rest\action\RestGetWatcherSettingsAction.java
77,x-pack\plugin\watcher\src\main\java\org\elasticsearch\xpack\watcher\rest\action\RestPutWatchAction.java
43,x-pack\plugin\watcher\src\main\java\org\elasticsearch\xpack\watcher\rest\action\RestQueryWatchesAction.java
49,x-pack\plugin\watcher\src\main\java\org\elasticsearch\xpack\watcher\rest\action\RestUpdateWatcherSettingsAction.java
71,x-pack\plugin\watcher\src\main\java\org\elasticsearch\xpack\watcher\rest\action\RestWatcherStatsAction.java
58,x-pack\plugin\watcher\src\main\java\org\elasticsearch\xpack\watcher\rest\action\RestWatchServiceAction.java
398,x-pack\plugin\watcher\src\main\java\org\elasticsearch\xpack\watcher\notification\email\Account.java
286,x-pack\plugin\watcher\src\main\java\org\elasticsearch\xpack\watcher\notification\email\Attachment.java
43,x-pack\plugin\watcher\src\main\java\org\elasticsearch\xpack\watcher\notification\email\Authentication.java
121,x-pack\plugin\watcher\src\main\java\org\elasticsearch\xpack\watcher\notification\email\DataAttachment.java
650,x-pack\plugin\watcher\src\main\java\org\elasticsearch\xpack\watcher\notification\email\Email.java
441,x-pack\plugin\watcher\src\main\java\org\elasticsearch\xpack\watcher\notification\email\EmailService.java
501,x-pack\plugin\watcher\src\main\java\org\elasticsearch\xpack\watcher\notification\email\EmailTemplate.java
222,x-pack\plugin\watcher\src\main\java\org\elasticsearch\xpack\watcher\notification\email\HtmlSanitizer.java
215,x-pack\plugin\watcher\src\main\java\org\elasticsearch\xpack\watcher\notification\email\Profile.java
131,x-pack\plugin\watcher\src\main\java\org\elasticsearch\xpack\watcher\notification\jira\JiraAccount.java
206,x-pack\plugin\watcher\src\main\java\org\elasticsearch\xpack\watcher\notification\jira\JiraIssue.java
97,x-pack\plugin\watcher\src\main\java\org\elasticsearch\xpack\watcher\notification\jira\JiraService.java
546,x-pack\plugin\watcher\src\main\java\org\elasticsearch\xpack\watcher\notification\pagerduty\IncidentEvent.java
316,x-pack\plugin\watcher\src\main\java\org\elasticsearch\xpack\watcher\notification\pagerduty\IncidentEventContext.java
94,x-pack\plugin\watcher\src\main\java\org\elasticsearch\xpack\watcher\notification\pagerduty\IncidentEventDefaults.java
62,x-pack\plugin\watcher\src\main\java\org\elasticsearch\xpack\watcher\notification\pagerduty\PagerDutyAccount.java
76,x-pack\plugin\watcher\src\main\java\org\elasticsearch\xpack\watcher\notification\pagerduty\PagerDutyService.java
190,x-pack\plugin\watcher\src\main\java\org\elasticsearch\xpack\watcher\notification\pagerduty\SentEvent.java
150,x-pack\plugin\watcher\src\main\java\org\elasticsearch\xpack\watcher\notification\slack\SentMessages.java
138,x-pack\plugin\watcher\src\main\java\org\elasticsearch\xpack\watcher\notification\slack\SlackAccount.java
80,x-pack\plugin\watcher\src\main\java\org\elasticsearch\xpack\watcher\notification\slack\SlackService.java
171,x-pack\plugin\watcher\src\main\java\org\elasticsearch\xpack\watcher\notification\slack\message\Action.java
803,x-pack\plugin\watcher\src\main\java\org\elasticsearch\xpack\watcher\notification\slack\message\Attachment.java
122,x-pack\plugin\watcher\src\main\java\org\elasticsearch\xpack\watcher\notification\slack\message\DynamicAttachments.java
180,x-pack\plugin\watcher\src\main\java\org\elasticsearch\xpack\watcher\notification\slack\message\Field.java
18,x-pack\plugin\watcher\src\main\java\org\elasticsearch\xpack\watcher\notification\slack\message\MessageElement.java
450,x-pack\plugin\watcher\src\main\java\org\elasticsearch\xpack\watcher\notification\slack\message\SlackMessage.java
177,x-pack\plugin\watcher\src\main\java\org\elasticsearch\xpack\watcher\notification\slack\message\SlackMessageDefaults.java
90,x-pack\plugin\watcher\src\main\java\org\elasticsearch\xpack\watcher\notification\email\attachment\DataAttachment.java
67,x-pack\plugin\watcher\src\main\java\org\elasticsearch\xpack\watcher\notification\email\attachment\DataAttachmentParser.java
67,x-pack\plugin\watcher\src\main\java\org\elasticsearch\xpack\watcher\notification\email\attachment\EmailAttachmentParser.java
64,x-pack\plugin\watcher\src\main\java\org\elasticsearch\xpack\watcher\notification\email\attachment\EmailAttachments.java
59,x-pack\plugin\watcher\src\main\java\org\elasticsearch\xpack\watcher\notification\email\attachment\EmailAttachmentsParser.java
123,x-pack\plugin\watcher\src\main\java\org\elasticsearch\xpack\watcher\notification\email\attachment\HttpEmailAttachementParser.java
120,x-pack\plugin\watcher\src\main\java\org\elasticsearch\xpack\watcher\notification\email\attachment\HttpRequestAttachment.java
140,x-pack\plugin\watcher\src\main\java\org\elasticsearch\xpack\watcher\notification\email\attachment\ReportingAttachment.java
459,x-pack\plugin\watcher\src\main\java\org\elasticsearch\xpack\watcher\notification\email\attachment\ReportingAttachmentParser.java
61,x-pack\plugin\watcher\src\main\java\org\elasticsearch\xpack\watcher\notification\email\support\BodyPartSource.java
149,x-pack\plugin\watcher\src\main\java\org\elasticsearch\xpack\watcher\input\chain\ChainInput.java
50,x-pack\plugin\watcher\src\main\java\org\elasticsearch\xpack\watcher\input\chain\ChainInputFactory.java
53,x-pack\plugin\watcher\src\main\java\org\elasticsearch\xpack\watcher\input\chain\ExecutableChainInput.java
123,x-pack\plugin\watcher\src\main\java\org\elasticsearch\xpack\watcher\input\http\ExecutableHttpInput.java
252,x-pack\plugin\watcher\src\main\java\org\elasticsearch\xpack\watcher\input\http\HttpInput.java
41,x-pack\plugin\watcher\src\main\java\org\elasticsearch\xpack\watcher\input\http\HttpInputFactory.java
25,x-pack\plugin\watcher\src\main\java\org\elasticsearch\xpack\watcher\input\none\ExecutableNoneInput.java
30,x-pack\plugin\watcher\src\main\java\org\elasticsearch\xpack\watcher\input\none\NoneInputFactory.java
127,x-pack\plugin\watcher\src\main\java\org\elasticsearch\xpack\watcher\input\search\ExecutableSearchInput.java
284,x-pack\plugin\watcher\src\main\java\org\elasticsearch\xpack\watcher\input\search\SearchInput.java
54,x-pack\plugin\watcher\src\main\java\org\elasticsearch\xpack\watcher\input\search\SearchInputFactory.java
26,x-pack\plugin\watcher\src\main\java\org\elasticsearch\xpack\watcher\input\simple\ExecutableSimpleInput.java
98,x-pack\plugin\watcher\src\main\java\org\elasticsearch\xpack\watcher\input\simple\SimpleInput.java
29,x-pack\plugin\watcher\src\main\java\org\elasticsearch\xpack\watcher\input\simple\SimpleInputFactory.java
29,x-pack\plugin\watcher\src\main\java\org\elasticsearch\xpack\watcher\input\transform\ExecutableTransformInput.java
76,x-pack\plugin\watcher\src\main\java\org\elasticsearch\xpack\watcher\input\transform\TransformInput.java
57,x-pack\plugin\watcher\src\main\java\org\elasticsearch\xpack\watcher\input\transform\TransformInputFactory.java
120,x-pack\plugin\watcher\src\main\java\org\elasticsearch\xpack\watcher\common\http\BasicAuth.java
440,x-pack\plugin\watcher\src\main\java\org\elasticsearch\xpack\watcher\common\http\HttpClient.java
57,x-pack\plugin\watcher\src\main\java\org\elasticsearch\xpack\watcher\common\http\HttpContentType.java
44,x-pack\plugin\watcher\src\main\java\org\elasticsearch\xpack\watcher\common\http\HttpMethod.java
109,x-pack\plugin\watcher\src\main\java\org\elasticsearch\xpack\watcher\common\http\HttpProxy.java
617,x-pack\plugin\watcher\src\main\java\org\elasticsearch\xpack\watcher\common\http\HttpRequest.java
558,x-pack\plugin\watcher\src\main\java\org\elasticsearch\xpack\watcher\common\http\HttpRequestTemplate.java
253,x-pack\plugin\watcher\src\main\java\org\elasticsearch\xpack\watcher\common\http\HttpResponse.java
85,x-pack\plugin\watcher\src\main\java\org\elasticsearch\xpack\watcher\common\http\HttpSettings.java
46,x-pack\plugin\watcher\src\main\java\org\elasticsearch\xpack\watcher\common\http\Scheme.java
71,x-pack\plugin\watcher\src\main\java\org\elasticsearch\xpack\watcher\common\http\SizeLimitInputStream.java
135,x-pack\plugin\watcher\src\main\java\org\elasticsearch\xpack\watcher\common\text\TextTemplate.java
104,x-pack\plugin\watcher\src\main\java\org\elasticsearch\xpack\watcher\common\text\TextTemplateEngine.java
334,x-pack\plugin\watcher\src\main\java\org\elasticsearch\xpack\watcher\actions\email\EmailAction.java
52,x-pack\plugin\watcher\src\main\java\org\elasticsearch\xpack\watcher\actions\email\EmailActionFactory.java
95,x-pack\plugin\watcher\src\main\java\org\elasticsearch\xpack\watcher\actions\email\ExecutableEmailAction.java
291,x-pack\plugin\watcher\src\main\java\org\elasticsearch\xpack\watcher\actions\index\ExecutableIndexAction.java
379,x-pack\plugin\watcher\src\main\java\org\elasticsearch\xpack\watcher\actions\index\IndexAction.java
41,x-pack\plugin\watcher\src\main\java\org\elasticsearch\xpack\watcher\actions\index\IndexActionFactory.java
114,x-pack\plugin\watcher\src\main\java\org\elasticsearch\xpack\watcher\actions\jira\ExecutableJiraAction.java
191,x-pack\plugin\watcher\src\main\java\org\elasticsearch\xpack\watcher\actions\jira\JiraAction.java
34,x-pack\plugin\watcher\src\main\java\org\elasticsearch\xpack\watcher\actions\jira\JiraActionFactory.java
54,x-pack\plugin\watcher\src\main\java\org\elasticsearch\xpack\watcher\actions\logging\ExecutableLoggingAction.java
222,x-pack\plugin\watcher\src\main\java\org\elasticsearch\xpack\watcher\actions\logging\LoggingAction.java
30,x-pack\plugin\watcher\src\main\java\org\elasticsearch\xpack\watcher\actions\logging\LoggingActionFactory.java
57,x-pack\plugin\watcher\src\main\java\org\elasticsearch\xpack\watcher\actions\logging\LoggingLevel.java
59,x-pack\plugin\watcher\src\main\java\org\elasticsearch\xpack\watcher\actions\pagerduty\ExecutablePagerDutyAction.java
133,x-pack\plugin\watcher\src\main\java\org\elasticsearch\xpack\watcher\actions\pagerduty\PagerDutyAction.java
34,x-pack\plugin\watcher\src\main\java\org\elasticsearch\xpack\watcher\actions\pagerduty\PagerDutyActionFactory.java
55,x-pack\plugin\watcher\src\main\java\org\elasticsearch\xpack\watcher\actions\slack\ExecutableSlackAction.java
213,x-pack\plugin\watcher\src\main\java\org\elasticsearch\xpack\watcher\actions\slack\SlackAction.java
33,x-pack\plugin\watcher\src\main\java\org\elasticsearch\xpack\watcher\actions\slack\SlackActionFactory.java
32,x-pack\plugin\watcher\src\main\java\org\elasticsearch\xpack\watcher\actions\webhook\ExecutableWebhookAction.java
180,x-pack\plugin\watcher\src\main\java\org\elasticsearch\xpack\watcher\actions\webhook\WebhookAction.java
33,x-pack\plugin\watcher\src\main\java\org\elasticsearch\xpack\watcher\actions\webhook\WebhookActionFactory.java
219,x-pack\plugin\watcher\src\javaRestTest\java\org\elasticsearch\smoketest\SmokeTestWatcherTestSuiteIT.java
397,x-pack\plugin\watcher\src\javaRestTest\java\org\elasticsearch\smoketest\SmokeTestWatcherWithSecurityIT.java
132,x-pack\plugin\watcher\src\javaRestTest\java\org\elasticsearch\smoketest\WatcherRestTestCase.java
57,x-pack\plugin\watcher\src\internalClusterTest\java\org\elasticsearch\xpack\watcher\WatcherConcreteIndexTests.java
104,x-pack\plugin\watcher\src\internalClusterTest\java\org\elasticsearch\xpack\watcher\actions\ActionErrorIntegrationTests.java
128,x-pack\plugin\watcher\src\internalClusterTest\java\org\elasticsearch\xpack\watcher\actions\TimeThrottleIntegrationTests.java
134,x-pack\plugin\watcher\src\internalClusterTest\java\org\elasticsearch\xpack\watcher\condition\ArrayCompareConditionSearchTests.java
126,x-pack\plugin\watcher\src\internalClusterTest\java\org\elasticsearch\xpack\watcher\condition\CompareConditionSearchTests.java
139,x-pack\plugin\watcher\src\internalClusterTest\java\org\elasticsearch\xpack\watcher\execution\ExecuteWatchQueuedStatsTests.java
312,x-pack\plugin\watcher\src\internalClusterTest\java\org\elasticsearch\xpack\watcher\history\HistoryActionConditionTests.java
152,x-pack\plugin\watcher\src\internalClusterTest\java\org\elasticsearch\xpack\watcher\history\HistoryTemplateEmailMappingsTests.java
192,x-pack\plugin\watcher\src\internalClusterTest\java\org\elasticsearch\xpack\watcher\history\HistoryTemplateHttpMappingsTests.java
69,x-pack\plugin\watcher\src\internalClusterTest\java\org\elasticsearch\xpack\watcher\history\HistoryTemplateIndexActionMappingsTests.java
97,x-pack\plugin\watcher\src\internalClusterTest\java\org\elasticsearch\xpack\watcher\history\HistoryTemplateSearchInputMappingsTests.java
77,x-pack\plugin\watcher\src\internalClusterTest\java\org\elasticsearch\xpack\watcher\history\HistoryTemplateTimeMappingsTests.java
104,x-pack\plugin\watcher\src\internalClusterTest\java\org\elasticsearch\xpack\watcher\history\HistoryTemplateTransformMappingsTests.java
725,x-pack\plugin\watcher\src\internalClusterTest\java\org\elasticsearch\xpack\watcher\test\AbstractWatcherIntegrationTestCase.java
245,x-pack\plugin\watcher\src\internalClusterTest\java\org\elasticsearch\xpack\watcher\transform\TransformIntegrationTests.java
74,x-pack\plugin\watcher\src\internalClusterTest\java\org\elasticsearch\xpack\watcher\watch\WatchStatusIntegrationTests.java
161,x-pack\plugin\watcher\src\internalClusterTest\java\org\elasticsearch\xpack\watcher\transport\action\activate\ActivateWatchTests.java
97,x-pack\plugin\watcher\src\internalClusterTest\java\org\elasticsearch\xpack\watcher\transport\action\delete\DeleteWatchTests.java
171,x-pack\plugin\watcher\src\internalClusterTest\java\org\elasticsearch\xpack\watcher\transport\action\execute\ExecuteWatchTests.java
87,x-pack\plugin\watcher\src\internalClusterTest\java\org\elasticsearch\xpack\watcher\transport\action\get\GetWatchTests.java
550,x-pack\plugin\watcher\src\internalClusterTest\java\org\elasticsearch\xpack\watcher\test\integration\BasicWatcherTests.java
388,x-pack\plugin\watcher\src\internalClusterTest\java\org\elasticsearch\xpack\watcher\test\integration\BootStrapTests.java
242,x-pack\plugin\watcher\src\internalClusterTest\java\org\elasticsearch\xpack\watcher\test\integration\ExecutionVarsIntegrationTests.java
315,x-pack\plugin\watcher\src\internalClusterTest\java\org\elasticsearch\xpack\watcher\test\integration\HistoryIntegrationTests.java
276,x-pack\plugin\watcher\src\internalClusterTest\java\org\elasticsearch\xpack\watcher\test\integration\HttpSecretsIntegrationTests.java
86,x-pack\plugin\watcher\src\internalClusterTest\java\org\elasticsearch\xpack\watcher\test\integration\RejectedExecutionTests.java
77,x-pack\plugin\watcher\src\internalClusterTest\java\org\elasticsearch\xpack\watcher\test\integration\SingleNodeTests.java
276,x-pack\plugin\watcher\src\internalClusterTest\java\org\elasticsearch\xpack\watcher\test\integration\WatchAckTests.java
119,x-pack\plugin\watcher\src\internalClusterTest\java\org\elasticsearch\xpack\watcher\test\integration\WatchMetadataTests.java
153,x-pack\plugin\watcher\src\internalClusterTest\java\org\elasticsearch\xpack\watcher\notification\email\EmailSecretsIntegrationTests.java
93,x-pack\plugin\watcher\src\internalClusterTest\java\org\elasticsearch\xpack\watcher\input\chain\ChainIntegrationTests.java
221,x-pack\plugin\watcher\src\internalClusterTest\java\org\elasticsearch\xpack\watcher\actions\email\EmailAttachmentTests.java
449,x-pack\plugin\watcher\src\internalClusterTest\java\org\elasticsearch\xpack\watcher\actions\throttler\ActionThrottleTests.java
142,x-pack\plugin\watcher\src\internalClusterTest\java\org\elasticsearch\xpack\watcher\actions\webhook\WebhookHttpsIntegrationTests.java
173,x-pack\plugin\watcher\src\internalClusterTest\java\org\elasticsearch\xpack\watcher\actions\webhook\WebhookIntegrationTests.java
155,x-pack\plugin\watcher\src\internalClusterTest\java\org\elasticsearch\xpack\watcher\actions\webhook\WebhookTokenIntegrationTests.java
21,x-pack\plugin\voting-only-node\src\test\java\org\elasticsearch\cluster\coordination\votingonly\LocalStateVotingOnlyNodePlugin.java
44,x-pack\plugin\voting-only-node\src\test\java\org\elasticsearch\cluster\coordination\votingonly\VotingOnlyNodeCoordinationStateTests.java
71,x-pack\plugin\voting-only-node\src\test\java\org\elasticsearch\cluster\coordination\votingonly\VotingOnlyNodeCoordinatorTests.java
38,x-pack\plugin\voting-only-node\src\main\java\org\elasticsearch\cluster\coordination\votingonly\VotingOnlyInfoTransportAction.java
226,x-pack\plugin\voting-only-node\src\main\java\org\elasticsearch\cluster\coordination\votingonly\VotingOnlyNodePlugin.java
46,x-pack\plugin\voting-only-node\src\main\java\org\elasticsearch\cluster\coordination\votingonly\VotingOnlyUsageTransportAction.java
308,x-pack\plugin\voting-only-node\src\internalClusterTest\java\org\elasticsearch\cluster\coordination\votingonly\VotingOnlyNodePluginTests.java
86,x-pack\plugin\vector-tile\src\test\java\org\elasticsearch\xpack\vectortile\feature\FeatureFactoriesConsistencyTests.java
388,x-pack\plugin\vector-tile\src\test\java\org\elasticsearch\xpack\vectortile\feature\FeatureFactoryTests.java
53,x-pack\plugin\vector-tile\src\test\java\org\elasticsearch\xpack\vectortile\rest\GridAggregationTests.java
339,x-pack\plugin\vector-tile\src\test\java\org\elasticsearch\xpack\vectortile\rest\VectorTileRequestTests.java
61,x-pack\plugin\vector-tile\src\test\java\org\elasticsearch\xpack\vectortile\rest\VectorTileUtilTests.java
49,x-pack\plugin\vector-tile\src\main\java\org\elasticsearch\xpack\vectortile\SpatialGeometryFormatterExtension.java
50,x-pack\plugin\vector-tile\src\main\java\org\elasticsearch\xpack\vectortile\VectorTilePlugin.java
357,x-pack\plugin\vector-tile\src\main\java\org\elasticsearch\xpack\vectortile\feature\FeatureFactory.java
446,x-pack\plugin\vector-tile\src\main\java\org\elasticsearch\xpack\vectortile\feature\PatchedJtsAdapter.java
235,x-pack\plugin\vector-tile\src\main\java\org\elasticsearch\xpack\vectortile\rest\GridAggregation.java
70,x-pack\plugin\vector-tile\src\main\java\org\elasticsearch\xpack\vectortile\rest\GridType.java
435,x-pack\plugin\vector-tile\src\main\java\org\elasticsearch\xpack\vectortile\rest\RestVectorTileAction.java
413,x-pack\plugin\vector-tile\src\main\java\org\elasticsearch\xpack\vectortile\rest\VectorTileRequest.java
91,x-pack\plugin\vector-tile\src\main\java\org\elasticsearch\xpack\vectortile\rest\VectorTileUtils.java
180,x-pack\plugin\vector-tile\src\javaRestTest\java\org\elasticsearch\xpack\vectortile\VectorTileCCSIT.java
1107,x-pack\plugin\vector-tile\src\javaRestTest\java\org\elasticsearch\xpack\vectortile\VectorTileRestIT.java
29,x-pack\plugin\transform\src\test\java\org\elasticsearch\xpack\transform\LocalStateTransform.java
214,x-pack\plugin\transform\src\test\java\org\elasticsearch\xpack\transform\TransformConfigAutoMigrationTests.java
89,x-pack\plugin\transform\src\test\java\org\elasticsearch\xpack\transform\TransformInfoTransportActionTests.java
38,x-pack\plugin\transform\src\test\java\org\elasticsearch\xpack\transform\TransformMetadataTests.java
113,x-pack\plugin\transform\src\test\java\org\elasticsearch\xpack\transform\TransformNodeTests.java
97,x-pack\plugin\transform\src\test\java\org\elasticsearch\xpack\transform\TransformTests.java
26,x-pack\plugin\transform\src\test\java\org\elasticsearch\xpack\transform\action\GetTransformStatsActionResponseTests.java
131,x-pack\plugin\transform\src\test\java\org\elasticsearch\xpack\transform\action\TransformConfigLinterTests.java
421,x-pack\plugin\transform\src\test\java\org\elasticsearch\xpack\transform\action\TransformPrivilegeCheckerTests.java
518,x-pack\plugin\transform\src\test\java\org\elasticsearch\xpack\transform\action\TransformUpdaterTests.java
135,x-pack\plugin\transform\src\test\java\org\elasticsearch\xpack\transform\action\TransportGetCheckpointActionTests.java
217,x-pack\plugin\transform\src\test\java\org\elasticsearch\xpack\transform\action\TransportGetCheckpointNodeActionTests.java
392,x-pack\plugin\transform\src\test\java\org\elasticsearch\xpack\transform\action\TransportGetTransformStatsActionTests.java
215,x-pack\plugin\transform\src\test\java\org\elasticsearch\xpack\transform\action\TransportSetTransformUpgradeModeActionTests.java
320,x-pack\plugin\transform\src\test\java\org\elasticsearch\xpack\transform\action\TransportStopTransformActionTests.java
515,x-pack\plugin\transform\src\test\java\org\elasticsearch\xpack\transform\checkpoint\DefaultCheckpointProviderTests.java
115,x-pack\plugin\transform\src\test\java\org\elasticsearch\xpack\transform\checkpoint\MockTimebasedCheckpointProvider.java
356,x-pack\plugin\transform\src\test\java\org\elasticsearch\xpack\transform\checkpoint\TimeBasedCheckpointProviderTests.java
316,x-pack\plugin\transform\src\test\java\org\elasticsearch\xpack\transform\checkpoint\TransformsCheckpointServiceTests.java
229,x-pack\plugin\transform\src\test\java\org\elasticsearch\xpack\transform\notifications\MockTransformAuditor.java
402,x-pack\plugin\transform\src\test\java\org\elasticsearch\xpack\transform\persistence\InMemoryTransformConfigManager.java
60,x-pack\plugin\transform\src\test\java\org\elasticsearch\xpack\transform\persistence\SeqNoPrimaryTermAndIndexTests.java
314,x-pack\plugin\transform\src\test\java\org\elasticsearch\xpack\transform\persistence\TransformIndexTests.java
340,x-pack\plugin\transform\src\test\java\org\elasticsearch\xpack\transform\persistence\TransformInternalIndexTests.java
27,x-pack\plugin\transform\src\test\java\org\elasticsearch\xpack\transform\schema\TimeRetentionPolicyConfigTests.java
27,x-pack\plugin\transform\src\test\java\org\elasticsearch\xpack\transform\schema\TransformCheckpointingInfoTests.java
27,x-pack\plugin\transform\src\test\java\org\elasticsearch\xpack\transform\schema\TransformCheckpointStatsTests.java
26,x-pack\plugin\transform\src\test\java\org\elasticsearch\xpack\transform\schema\TransformCheckpointTests.java
40,x-pack\plugin\transform\src\test\java\org\elasticsearch\xpack\transform\schema\TransformConfigTests.java
27,x-pack\plugin\transform\src\test\java\org\elasticsearch\xpack\transform\schema\TransformIndexerStatsTests.java
27,x-pack\plugin\transform\src\test\java\org\elasticsearch\xpack\transform\schema\TransformStatsTests.java
755,x-pack\plugin\transform\src\test\java\org\elasticsearch\xpack\transform\transforms\ClientTransformIndexerTests.java
45,x-pack\plugin\transform\src\test\java\org\elasticsearch\xpack\transform\transforms\FunctionFactoryTests.java
69,x-pack\plugin\transform\src\test\java\org\elasticsearch\xpack\transform\transforms\IDGeneratorTests.java
99,x-pack\plugin\transform\src\test\java\org\elasticsearch\xpack\transform\transforms\RetentionPolicyConfigToDeleteByQueryTests.java
183,x-pack\plugin\transform\src\test\java\org\elasticsearch\xpack\transform\transforms\TransformContextTests.java
275,x-pack\plugin\transform\src\test\java\org\elasticsearch\xpack\transform\transforms\TransformFailureHandlerTests.java
144,x-pack\plugin\transform\src\test\java\org\elasticsearch\xpack\transform\transforms\TransformHealthCheckerTests.java
1136,x-pack\plugin\transform\src\test\java\org\elasticsearch\xpack\transform\transforms\TransformIndexerFailureHandlingTests.java
597,x-pack\plugin\transform\src\test\java\org\elasticsearch\xpack\transform\transforms\TransformIndexerFailureOnStatePersistenceTests.java
1129,x-pack\plugin\transform\src\test\java\org\elasticsearch\xpack\transform\transforms\TransformIndexerStateTests.java
724,x-pack\plugin\transform\src\test\java\org\elasticsearch\xpack\transform\transforms\TransformIndexerTests.java
73,x-pack\plugin\transform\src\test\java\org\elasticsearch\xpack\transform\transforms\TransformNodeAssignmentsTests.java
317,x-pack\plugin\transform\src\test\java\org\elasticsearch\xpack\transform\transforms\TransformNodesTests.java
695,x-pack\plugin\transform\src\test\java\org\elasticsearch\xpack\transform\transforms\TransformPersistentTasksExecutorTests.java
303,x-pack\plugin\transform\src\test\java\org\elasticsearch\xpack\transform\transforms\TransformRetryableStartUpListenerTests.java
767,x-pack\plugin\transform\src\test\java\org\elasticsearch\xpack\transform\transforms\TransformTaskTests.java
106,x-pack\plugin\transform\src\test\java\org\elasticsearch\xpack\transform\utils\ExceptionRootCauseFinderTests.java
30,x-pack\plugin\transform\src\test\java\org\elasticsearch\xpack\transform\utils\OutputFieldNameConverterTests.java
95,x-pack\plugin\transform\src\test\java\org\elasticsearch\xpack\transform\utils\SecondaryAuthorizationUtilsTests.java
115,x-pack\plugin\transform\src\test\java\org\elasticsearch\xpack\transform\transforms\common\DocumentConversionUtilsTests.java
247,x-pack\plugin\transform\src\test\java\org\elasticsearch\xpack\transform\transforms\latest\LatestChangeCollectorTests.java
34,x-pack\plugin\transform\src\test\java\org\elasticsearch\xpack\transform\transforms\latest\LatestTests.java
1172,x-pack\plugin\transform\src\test\java\org\elasticsearch\xpack\transform\transforms\pivot\AggregationResultUtilsTests.java
331,x-pack\plugin\transform\src\test\java\org\elasticsearch\xpack\transform\transforms\pivot\AggregationSchemaAndResultTests.java
152,x-pack\plugin\transform\src\test\java\org\elasticsearch\xpack\transform\transforms\pivot\CompositeBucketsChangeCollectorTests.java
178,x-pack\plugin\transform\src\test\java\org\elasticsearch\xpack\transform\transforms\pivot\DateHistogramFieldCollectorTests.java
99,x-pack\plugin\transform\src\test\java\org\elasticsearch\xpack\transform\transforms\pivot\GroupByOptimizerTests.java
608,x-pack\plugin\transform\src\test\java\org\elasticsearch\xpack\transform\transforms\pivot\PivotTests.java
322,x-pack\plugin\transform\src\test\java\org\elasticsearch\xpack\transform\transforms\pivot\SchemaUtilTests.java
438,x-pack\plugin\transform\src\test\java\org\elasticsearch\xpack\transform\transforms\pivot\TransformAggregationsTests.java
58,x-pack\plugin\transform\src\test\java\org\elasticsearch\xpack\transform\transforms\scheduling\FakeClock.java
44,x-pack\plugin\transform\src\test\java\org\elasticsearch\xpack\transform\transforms\scheduling\MonotonicClockTests.java
229,x-pack\plugin\transform\src\test\java\org\elasticsearch\xpack\transform\transforms\scheduling\TransformScheduledTaskQueueTests.java
57,x-pack\plugin\transform\src\test\java\org\elasticsearch\xpack\transform\transforms\scheduling\TransformScheduledTaskTests.java
541,x-pack\plugin\transform\src\test\java\org\elasticsearch\xpack\transform\transforms\scheduling\TransformSchedulerTests.java
66,x-pack\plugin\transform\src\test\java\org\elasticsearch\xpack\transform\transforms\scheduling\TransformSchedulingUtilsTests.java
110,x-pack\plugin\transform\src\test\java\org\elasticsearch\xpack\transform\rest\action\RestDeleteTransformActionTests.java
69,x-pack\plugin\transform\src\test\java\org\elasticsearch\xpack\transform\rest\action\RestScheduleNowTransformActionTests.java
61,x-pack\plugin\transform\src\test\java\org\elasticsearch\xpack\transform\rest\action\RestStartTransformActionTests.java
39,x-pack\plugin\transform\src\main\java\module-info.java
44,x-pack\plugin\transform\src\main\java\org\elasticsearch\xpack\transform\DefaultTransformExtension.java
578,x-pack\plugin\transform\src\main\java\org\elasticsearch\xpack\transform\Transform.java
56,x-pack\plugin\transform\src\main\java\org\elasticsearch\xpack\transform\TransformClusterStateListener.java
107,x-pack\plugin\transform\src\main\java\org\elasticsearch\xpack\transform\TransformConfigAutoMigration.java
30,x-pack\plugin\transform\src\main\java\org\elasticsearch\xpack\transform\TransformExtension.java
41,x-pack\plugin\transform\src\main\java\org\elasticsearch\xpack\transform\TransformExtensionHolder.java
154,x-pack\plugin\transform\src\main\java\org\elasticsearch\xpack\transform\TransformInfoTransportAction.java
49,x-pack\plugin\transform\src\main\java\org\elasticsearch\xpack\transform\TransformNode.java
43,x-pack\plugin\transform\src\main\java\org\elasticsearch\xpack\transform\TransformServices.java
178,x-pack\plugin\transform\src\main\java\org\elasticsearch\xpack\transform\TransformUsageTransportAction.java
64,x-pack\plugin\transform\src\main\java\org\elasticsearch\xpack\transform\action\TransformConfigLinter.java
184,x-pack\plugin\transform\src\main\java\org\elasticsearch\xpack\transform\action\TransformPrivilegeChecker.java
366,x-pack\plugin\transform\src\main\java\org\elasticsearch\xpack\transform\action\TransformUpdater.java
249,x-pack\plugin\transform\src\main\java\org\elasticsearch\xpack\transform\action\TransportDeleteTransformAction.java
306,x-pack\plugin\transform\src\main\java\org\elasticsearch\xpack\transform\action\TransportGetCheckpointAction.java
112,x-pack\plugin\transform\src\main\java\org\elasticsearch\xpack\transform\action\TransportGetCheckpointNodeAction.java
269,x-pack\plugin\transform\src\main\java\org\elasticsearch\xpack\transform\action\TransportGetTransformAction.java
85,x-pack\plugin\transform\src\main\java\org\elasticsearch\xpack\transform\action\TransportGetTransformNodeStatsAction.java
445,x-pack\plugin\transform\src\main\java\org\elasticsearch\xpack\transform\action\TransportGetTransformStatsAction.java
332,x-pack\plugin\transform\src\main\java\org\elasticsearch\xpack\transform\action\TransportPreviewTransformAction.java
209,x-pack\plugin\transform\src\main\java\org\elasticsearch\xpack\transform\action\TransportPutTransformAction.java
226,x-pack\plugin\transform\src\main\java\org\elasticsearch\xpack\transform\action\TransportResetTransformAction.java
182,x-pack\plugin\transform\src\main\java\org\elasticsearch\xpack\transform\action\TransportScheduleNowTransformAction.java
57,x-pack\plugin\transform\src\main\java\org\elasticsearch\xpack\transform\action\TransportSetTransformResetModeAction.java
203,x-pack\plugin\transform\src\main\java\org\elasticsearch\xpack\transform\action\TransportSetTransformUpgradeModeAction.java
416,x-pack\plugin\transform\src\main\java\org\elasticsearch\xpack\transform\action\TransportStartTransformAction.java
560,x-pack\plugin\transform\src\main\java\org\elasticsearch\xpack\transform\action\TransportStopTransformAction.java
298,x-pack\plugin\transform\src\main\java\org\elasticsearch\xpack\transform\action\TransportUpdateTransformAction.java
245,x-pack\plugin\transform\src\main\java\org\elasticsearch\xpack\transform\action\TransportUpgradeTransformsAction.java
163,x-pack\plugin\transform\src\main\java\org\elasticsearch\xpack\transform\action\TransportValidateTransformAction.java
85,x-pack\plugin\transform\src\main\java\org\elasticsearch\xpack\transform\checkpoint\CheckpointClient.java
20,x-pack\plugin\transform\src\main\java\org\elasticsearch\xpack\transform\checkpoint\CheckpointException.java
75,x-pack\plugin\transform\src\main\java\org\elasticsearch\xpack\transform\checkpoint\CheckpointProvider.java
508,x-pack\plugin\transform\src\main\java\org\elasticsearch\xpack\transform\checkpoint\DefaultCheckpointProvider.java
72,x-pack\plugin\transform\src\main\java\org\elasticsearch\xpack\transform\checkpoint\RemoteClusterResolver.java
141,x-pack\plugin\transform\src\main\java\org\elasticsearch\xpack\transform\checkpoint\TimeBasedCheckpointProvider.java
136,x-pack\plugin\transform\src\main\java\org\elasticsearch\xpack\transform\checkpoint\TransformCheckpointService.java
116,x-pack\plugin\transform\src\main\java\org\elasticsearch\xpack\transform\notifications\TransformAuditor.java
140,x-pack\plugin\transform\src\main\java\org\elasticsearch\xpack\transform\persistence\AuthorizationStatePersistenceUtils.java
1049,x-pack\plugin\transform\src\main\java\org\elasticsearch\xpack\transform\persistence\IndexBasedTransformConfigManager.java
72,x-pack\plugin\transform\src\main\java\org\elasticsearch\xpack\transform\persistence\SeqNoPrimaryTermAndIndex.java
214,x-pack\plugin\transform\src\main\java\org\elasticsearch\xpack\transform\persistence\TransformConfigManager.java
333,x-pack\plugin\transform\src\main\java\org\elasticsearch\xpack\transform\persistence\TransformIndex.java
470,x-pack\plugin\transform\src\main\java\org\elasticsearch\xpack\transform\persistence\TransformInternalIndex.java
16,x-pack\plugin\transform\src\main\java\org\elasticsearch\xpack\transform\persistence\TransformStatePersistenceException.java
33,x-pack\plugin\transform\src\main\java\org\elasticsearch\xpack\transform\telemetry\TransformMeterRegistry.java
32,x-pack\plugin\transform\src\main\java\org\elasticsearch\xpack\transform\transforms\BulkIndexingException.java
16,x-pack\plugin\transform\src\main\java\org\elasticsearch\xpack\transform\transforms\CannotStartFailedTransformException.java
714,x-pack\plugin\transform\src\main\java\org\elasticsearch\xpack\transform\transforms\ClientTransformIndexer.java
149,x-pack\plugin\transform\src\main\java\org\elasticsearch\xpack\transform\transforms\ClientTransformIndexerBuilder.java
252,x-pack\plugin\transform\src\main\java\org\elasticsearch\xpack\transform\transforms\Function.java
41,x-pack\plugin\transform\src\main\java\org\elasticsearch\xpack\transform\transforms\FunctionFactory.java
101,x-pack\plugin\transform\src\main\java\org\elasticsearch\xpack\transform\transforms\IDGenerator.java
100,x-pack\plugin\transform\src\main\java\org\elasticsearch\xpack\transform\transforms\RetentionPolicyToDeleteByQueryRequestConverter.java
286,x-pack\plugin\transform\src\main\java\org\elasticsearch\xpack\transform\transforms\TransformContext.java
16,x-pack\plugin\transform\src\main\java\org\elasticsearch\xpack\transform\transforms\TransformException.java
313,x-pack\plugin\transform\src\main\java\org\elasticsearch\xpack\transform\transforms\TransformFailureHandler.java
170,x-pack\plugin\transform\src\main\java\org\elasticsearch\xpack\transform\transforms\TransformHealthChecker.java
1289,x-pack\plugin\transform\src\main\java\org\elasticsearch\xpack\transform\transforms\TransformIndexer.java
82,x-pack\plugin\transform\src\main\java\org\elasticsearch\xpack\transform\transforms\TransformNodeAssignments.java
255,x-pack\plugin\transform\src\main\java\org\elasticsearch\xpack\transform\transforms\TransformNodes.java
573,x-pack\plugin\transform\src\main\java\org\elasticsearch\xpack\transform\transforms\TransformPersistentTasksExecutor.java
101,x-pack\plugin\transform\src\main\java\org\elasticsearch\xpack\transform\transforms\TransformRetryableStartUpListener.java
675,x-pack\plugin\transform\src\main\java\org\elasticsearch\xpack\transform\transforms\TransformTask.java
106,x-pack\plugin\transform\src\main\java\org\elasticsearch\xpack\transform\utils\ExceptionRootCauseFinder.java
18,x-pack\plugin\transform\src\main\java\org\elasticsearch\xpack\transform\utils\OutputFieldNameConverter.java
57,x-pack\plugin\transform\src\main\java\org\elasticsearch\xpack\transform\utils\SecondaryAuthorizationUtils.java
74,x-pack\plugin\transform\src\main\java\org\elasticsearch\xpack\transform\utils\SourceDestValidations.java
217,x-pack\plugin\transform\src\main\java\org\elasticsearch\xpack\transform\transforms\common\AbstractCompositeAggFunction.java
85,x-pack\plugin\transform\src\main\java\org\elasticsearch\xpack\transform\transforms\common\DocumentConversionUtils.java
148,x-pack\plugin\transform\src\main\java\org\elasticsearch\xpack\transform\transforms\latest\Latest.java
77,x-pack\plugin\transform\src\main\java\org\elasticsearch\xpack\transform\transforms\latest\LatestChangeCollector.java
548,x-pack\plugin\transform\src\main\java\org\elasticsearch\xpack\transform\transforms\pivot\AggregationResultUtils.java
871,x-pack\plugin\transform\src\main\java\org\elasticsearch\xpack\transform\transforms\pivot\CompositeBucketsChangeCollector.java
77,x-pack\plugin\transform\src\main\java\org\elasticsearch\xpack\transform\transforms\pivot\GroupByOptimizer.java
212,x-pack\plugin\transform\src\main\java\org\elasticsearch\xpack\transform\transforms\pivot\Pivot.java
338,x-pack\plugin\transform\src\main\java\org\elasticsearch\xpack\transform\transforms\pivot\SchemaUtil.java
304,x-pack\plugin\transform\src\main\java\org\elasticsearch\xpack\transform\transforms\pivot\TransformAggregations.java
46,x-pack\plugin\transform\src\main\java\org\elasticsearch\xpack\transform\transforms\scheduling\MonotonicClock.java
130,x-pack\plugin\transform\src\main\java\org\elasticsearch\xpack\transform\transforms\scheduling\TransformScheduledTask.java
139,x-pack\plugin\transform\src\main\java\org\elasticsearch\xpack\transform\transforms\scheduling\TransformScheduledTaskQueue.java
318,x-pack\plugin\transform\src\main\java\org\elasticsearch\xpack\transform\transforms\scheduling\TransformScheduler.java
46,x-pack\plugin\transform\src\main\java\org\elasticsearch\xpack\transform\transforms\scheduling\TransformSchedulingUtils.java
308,x-pack\plugin\transform\src\main\java\org\elasticsearch\xpack\transform\rest\action\RestCatTransformAction.java
52,x-pack\plugin\transform\src\main\java\org\elasticsearch\xpack\transform\rest\action\RestDeleteTransformAction.java
73,x-pack\plugin\transform\src\main\java\org\elasticsearch\xpack\transform\rest\action\RestGetTransformAction.java
42,x-pack\plugin\transform\src\main\java\org\elasticsearch\xpack\transform\rest\action\RestGetTransformNodeStatsAction.java
64,x-pack\plugin\transform\src\main\java\org\elasticsearch\xpack\transform\rest\action\RestGetTransformStatsAction.java
113,x-pack\plugin\transform\src\main\java\org\elasticsearch\xpack\transform\rest\action\RestPreviewTransformAction.java
76,x-pack\plugin\transform\src\main\java\org\elasticsearch\xpack\transform\rest\action\RestPutTransformAction.java
51,x-pack\plugin\transform\src\main\java\org\elasticsearch\xpack\transform\rest\action\RestResetTransformAction.java
48,x-pack\plugin\transform\src\main\java\org\elasticsearch\xpack\transform\rest\action\RestScheduleNowTransformAction.java
49,x-pack\plugin\transform\src\main\java\org\elasticsearch\xpack\transform\rest\action\RestSetTransformUpgradeModeAction.java
70,x-pack\plugin\transform\src\main\java\org\elasticsearch\xpack\transform\rest\action\RestStartTransformAction.java
56,x-pack\plugin\transform\src\main\java\org\elasticsearch\xpack\transform\rest\action\RestStopTransformAction.java
61,x-pack\plugin\transform\src\main\java\org\elasticsearch\xpack\transform\rest\action\RestUpdateTransformAction.java
54,x-pack\plugin\transform\src\main\java\org\elasticsearch\xpack\transform\rest\action\RestUpgradeTransformsAction.java
77,x-pack\plugin\transform\src\internalClusterTest\java\org\elasticsearch\xpack\transform\TransformSingleNodeTestCase.java
72,x-pack\plugin\transform\src\internalClusterTest\java\org\elasticsearch\xpack\transform\auditor\NotificationsIndexIT.java
458,x-pack\plugin\transform\src\internalClusterTest\java\org\elasticsearch\xpack\transform\checkpoint\TransformCCSCanMatchIT.java
421,x-pack\plugin\transform\src\internalClusterTest\java\org\elasticsearch\xpack\transform\checkpoint\TransformCheckpointServiceNodeTests.java
223,x-pack\plugin\transform\src\internalClusterTest\java\org\elasticsearch\xpack\transform\checkpoint\TransformGetCheckpointIT.java
318,x-pack\plugin\transform\src\internalClusterTest\java\org\elasticsearch\xpack\transform\checkpoint\TransformGetCheckpointTests.java
137,x-pack\plugin\transform\src\internalClusterTest\java\org\elasticsearch\xpack\transform\integration\TransformInternalIndexIT.java
155,x-pack\plugin\transform\src\internalClusterTest\java\org\elasticsearch\xpack\transform\integration\TransformNoRemoteClusterClientNodeIT.java
165,x-pack\plugin\transform\src\internalClusterTest\java\org\elasticsearch\xpack\transform\integration\TransformNoTransformNodeIT.java
323,x-pack\plugin\transform\src\internalClusterTest\java\org\elasticsearch\xpack\transform\integration\TransformOldTransformsIT.java
243,x-pack\plugin\transform\src\internalClusterTest\java\org\elasticsearch\xpack\transform\integration\TransformProgressIT.java
114,x-pack\plugin\transform\src\internalClusterTest\java\org\elasticsearch\xpack\transform\persistence\AuthorizationStatePersistenceUtilsTests.java
793,x-pack\plugin\transform\src\internalClusterTest\java\org\elasticsearch\xpack\transform\persistence\TransformConfigManagerTests.java
92,x-pack\plugin\transform\qa\single-node-tests\src\javaRestTest\java\org\elasticsearch\xpack\transform\integration\TransformAuditorIT.java
74,x-pack\plugin\transform\qa\single-node-tests\src\javaRestTest\java\org\elasticsearch\xpack\transform\integration\TransformConfigurationIndexIT.java
302,x-pack\plugin\transform\qa\single-node-tests\src\javaRestTest\java\org\elasticsearch\xpack\transform\integration\TransformDeleteIT.java
328,x-pack\plugin\transform\qa\single-node-tests\src\javaRestTest\java\org\elasticsearch\xpack\transform\integration\TransformDestIndexIT.java
722,x-pack\plugin\transform\qa\single-node-tests\src\javaRestTest\java\org\elasticsearch\xpack\transform\integration\TransformGetAndGetStatsIT.java
286,x-pack\plugin\transform\qa\single-node-tests\src\javaRestTest\java\org\elasticsearch\xpack\transform\integration\TransformLatestRestIT.java
3054,x-pack\plugin\transform\qa\single-node-tests\src\javaRestTest\java\org\elasticsearch\xpack\transform\integration\TransformPivotRestIT.java
495,x-pack\plugin\transform\qa\single-node-tests\src\javaRestTest\java\org\elasticsearch\xpack\transform\integration\TransformPivotRestSpecialCasesIT.java
170,x-pack\plugin\transform\qa\single-node-tests\src\javaRestTest\java\org\elasticsearch\xpack\transform\integration\TransformResetIT.java
700,x-pack\plugin\transform\qa\single-node-tests\src\javaRestTest\java\org\elasticsearch\xpack\transform\integration\TransformRestTestCase.java
296,x-pack\plugin\transform\qa\single-node-tests\src\javaRestTest\java\org\elasticsearch\xpack\transform\integration\TransformRobustnessIT.java
202,x-pack\plugin\transform\qa\single-node-tests\src\javaRestTest\java\org\elasticsearch\xpack\transform\integration\TransformScheduleNowIT.java
207,x-pack\plugin\transform\qa\single-node-tests\src\javaRestTest\java\org\elasticsearch\xpack\transform\integration\TransformTaskFailedStateIT.java
354,x-pack\plugin\transform\qa\single-node-tests\src\javaRestTest\java\org\elasticsearch\xpack\transform\integration\TransformUpdateIT.java
190,x-pack\plugin\transform\qa\single-node-tests\src\javaRestTest\java\org\elasticsearch\xpack\transform\integration\TransformUpgradeModeIT.java
165,x-pack\plugin\transform\qa\single-node-tests\src\javaRestTest\java\org\elasticsearch\xpack\transform\integration\TransformUsageIT.java
165,x-pack\plugin\transform\qa\multi-node-tests\src\javaRestTest\java\org\elasticsearch\xpack\transform\integration\LatestIT.java
125,x-pack\plugin\transform\qa\multi-node-tests\src\javaRestTest\java\org\elasticsearch\xpack\transform\integration\TestFeatureResetIT.java
250,x-pack\plugin\transform\qa\multi-node-tests\src\javaRestTest\java\org\elasticsearch\xpack\transform\integration\TransformChainIT.java
607,x-pack\plugin\transform\qa\multi-node-tests\src\javaRestTest\java\org\elasticsearch\xpack\transform\integration\TransformInsufficientPermissionsIT.java
782,x-pack\plugin\transform\qa\multi-node-tests\src\javaRestTest\java\org\elasticsearch\xpack\transform\integration\TransformIT.java
100,x-pack\plugin\transform\qa\multi-node-tests\src\javaRestTest\java\org\elasticsearch\xpack\transform\integration\TransformNodeStatsIT.java
539,x-pack\plugin\transform\qa\multi-node-tests\src\javaRestTest\java\org\elasticsearch\xpack\transform\integration\TransformRestTestCase.java
309,x-pack\plugin\transform\qa\multi-node-tests\src\javaRestTest\java\org\elasticsearch\xpack\transform\integration\TransformUsingSearchRuntimeFieldsIT.java
141,x-pack\plugin\transform\qa\multi-node-tests\src\javaRestTest\java\org\elasticsearch\xpack\transform\integration\continuous\ContinuousTestCase.java
194,x-pack\plugin\transform\qa\multi-node-tests\src\javaRestTest\java\org\elasticsearch\xpack\transform\integration\continuous\DateHistogramGroupByIT.java
296,x-pack\plugin\transform\qa\multi-node-tests\src\javaRestTest\java\org\elasticsearch\xpack\transform\integration\continuous\DateHistogramGroupByOtherTimeFieldIT.java
158,x-pack\plugin\transform\qa\multi-node-tests\src\javaRestTest\java\org\elasticsearch\xpack\transform\integration\continuous\HistogramGroupByIT.java
177,x-pack\plugin\transform\qa\multi-node-tests\src\javaRestTest\java\org\elasticsearch\xpack\transform\integration\continuous\LatestContinuousIT.java
176,x-pack\plugin\transform\qa\multi-node-tests\src\javaRestTest\java\org\elasticsearch\xpack\transform\integration\continuous\TermsGroupByIT.java
190,x-pack\plugin\transform\qa\multi-node-tests\src\javaRestTest\java\org\elasticsearch\xpack\transform\integration\continuous\TermsOnDateGroupByIT.java
542,x-pack\plugin\transform\qa\multi-node-tests\src\javaRestTest\java\org\elasticsearch\xpack\transform\integration\continuous\TransformContinuousIT.java
51,x-pack\plugin\transform\qa\multi-cluster-tests-with-security\src\test\java\org\elasticsearch\multi_cluster\MultiClusterYamlTestSuiteIT.java
136,x-pack\plugin\transform\qa\common\src\main\java\org\elasticsearch\xpack\transform\integration\common\TransformCommonRestTestCase.java
112,x-pack\plugin\text-structure\src\test\java\org\elasticsearch\xpack\textstructure\structurefinder\DelimitedTextStructureFinderFactoryTests.java
1338,x-pack\plugin\text-structure\src\test\java\org\elasticsearch\xpack\textstructure\structurefinder\DelimitedTextStructureFinderTests.java
144,x-pack\plugin\text-structure\src\test\java\org\elasticsearch\xpack\textstructure\structurefinder\EnhancedTimestampDetectionTests.java
314,x-pack\plugin\text-structure\src\test\java\org\elasticsearch\xpack\textstructure\structurefinder\FieldStatsCalculatorTests.java
1192,x-pack\plugin\text-structure\src\test\java\org\elasticsearch\xpack\textstructure\structurefinder\GrokPatternCreatorTests.java
20,x-pack\plugin\text-structure\src\test\java\org\elasticsearch\xpack\textstructure\structurefinder\LogTextStructureFinderFactoryTests.java
564,x-pack\plugin\text-structure\src\test\java\org\elasticsearch\xpack\textstructure\structurefinder\LogTextStructureFinderTests.java
65,x-pack\plugin\text-structure\src\test\java\org\elasticsearch\xpack\textstructure\structurefinder\NdJsonTextStructureFinderFactoryTests.java
52,x-pack\plugin\text-structure\src\test\java\org\elasticsearch\xpack\textstructure\structurefinder\NdJsonTextStructureFinderTests.java
309,x-pack\plugin\text-structure\src\test\java\org\elasticsearch\xpack\textstructure\structurefinder\TextStructureFinderManagerTests.java
108,x-pack\plugin\text-structure\src\test\java\org\elasticsearch\xpack\textstructure\structurefinder\TextStructureTestCase.java
1162,x-pack\plugin\text-structure\src\test\java\org\elasticsearch\xpack\textstructure\structurefinder\TextStructureUtilsTests.java
106,x-pack\plugin\text-structure\src\test\java\org\elasticsearch\xpack\textstructure\structurefinder\TimeoutCheckerTests.java
1990,x-pack\plugin\text-structure\src\test\java\org\elasticsearch\xpack\textstructure\structurefinder\TimestampFormatFinderTests.java
62,x-pack\plugin\text-structure\src\test\java\org\elasticsearch\xpack\textstructure\structurefinder\XmlTextStructureFinderFactoryTests.java
52,x-pack\plugin\text-structure\src\test\java\org\elasticsearch\xpack\textstructure\structurefinder\XmlTextStructureFinderTests.java
77,x-pack\plugin\text-structure\src\main\java\org\elasticsearch\xpack\textstructure\TextStructurePlugin.java
51,x-pack\plugin\text-structure\src\main\java\org\elasticsearch\xpack\textstructure\rest\RestFindFieldStructureAction.java
55,x-pack\plugin\text-structure\src\main\java\org\elasticsearch\xpack\textstructure\rest\RestFindMessageStructureAction.java
57,x-pack\plugin\text-structure\src\main\java\org\elasticsearch\xpack\textstructure\rest\RestFindStructureAction.java
73,x-pack\plugin\text-structure\src\main\java\org\elasticsearch\xpack\textstructure\rest\RestFindStructureArgumentsParser.java
49,x-pack\plugin\text-structure\src\main\java\org\elasticsearch\xpack\textstructure\rest\RestTestGrokPatternAction.java
975,x-pack\plugin\text-structure\src\main\java\org\elasticsearch\xpack\textstructure\structurefinder\DelimitedTextStructureFinder.java
130,x-pack\plugin\text-structure\src\main\java\org\elasticsearch\xpack\textstructure\structurefinder\DelimitedTextStructureFinderFactory.java
262,x-pack\plugin\text-structure\src\main\java\org\elasticsearch\xpack\textstructure\structurefinder\FieldStatsCalculator.java
1040,x-pack\plugin\text-structure\src\main\java\org\elasticsearch\xpack\textstructure\structurefinder\GrokPatternCreator.java
507,x-pack\plugin\text-structure\src\main\java\org\elasticsearch\xpack\textstructure\structurefinder\LogTextStructureFinder.java
76,x-pack\plugin\text-structure\src\main\java\org\elasticsearch\xpack\textstructure\structurefinder\LogTextStructureFinderFactory.java
123,x-pack\plugin\text-structure\src\main\java\org\elasticsearch\xpack\textstructure\structurefinder\NdJsonTextStructureFinder.java
136,x-pack\plugin\text-structure\src\main\java\org\elasticsearch\xpack\textstructure\structurefinder\NdJsonTextStructureFinderFactory.java
26,x-pack\plugin\text-structure\src\main\java\org\elasticsearch\xpack\textstructure\structurefinder\TextStructureFinder.java
68,x-pack\plugin\text-structure\src\main\java\org\elasticsearch\xpack\textstructure\structurefinder\TextStructureFinderFactory.java
709,x-pack\plugin\text-structure\src\main\java\org\elasticsearch\xpack\textstructure\structurefinder\TextStructureFinderManager.java
262,x-pack\plugin\text-structure\src\main\java\org\elasticsearch\xpack\textstructure\structurefinder\TextStructureOverrides.java
711,x-pack\plugin\text-structure\src\main\java\org\elasticsearch\xpack\textstructure\structurefinder\TextStructureUtils.java
205,x-pack\plugin\text-structure\src\main\java\org\elasticsearch\xpack\textstructure\structurefinder\TimeoutChecker.java
1968,x-pack\plugin\text-structure\src\main\java\org\elasticsearch\xpack\textstructure\structurefinder\TimestampFormatFinder.java
218,x-pack\plugin\text-structure\src\main\java\org\elasticsearch\xpack\textstructure\structurefinder\XmlTextStructureFinder.java
202,x-pack\plugin\text-structure\src\main\java\org\elasticsearch\xpack\textstructure\structurefinder\XmlTextStructureFinderFactory.java
47,x-pack\plugin\text-structure\src\main\java\org\elasticsearch\xpack\textstructure\transport\TextStructExecutor.java
95,x-pack\plugin\text-structure\src\main\java\org\elasticsearch\xpack\textstructure\transport\TransportFindFieldStructureAction.java
62,x-pack\plugin\text-structure\src\main\java\org\elasticsearch\xpack\textstructure\transport\TransportFindMessageStructureAction.java
68,x-pack\plugin\text-structure\src\main\java\org\elasticsearch\xpack\textstructure\transport\TransportFindStructureAction.java
55,x-pack\plugin\text-structure\src\main\java\org\elasticsearch\xpack\textstructure\transport\TransportTestGrokPatternAction.java
175,x-pack\plugin\text-structure\src\javaRestTest\java\org\elasticsearch\xpack\textstructure\rest\TextStructureTimestampFormatsIT.java
57,x-pack\plugin\text-structure\qa\text-structure-with-security\src\yamlRestTest\java\org\elasticsearch\smoketest\TextStructureWithSecurityInsufficientRoleIT.java
55,x-pack\plugin\text-structure\qa\text-structure-with-security\src\yamlRestTest\java\org\elasticsearch\smoketest\TextStructureWithSecurityIT.java
64,x-pack\plugin\stack\src\yamlRestTest\java\org\elasticsearch\xpack\stack\StackYamlIT.java
63,x-pack\plugin\stack\src\test\java\org\elasticsearch\xpack\stack\LegacyStackTemplateRegistryTests.java
37,x-pack\plugin\stack\src\test\java\org\elasticsearch\xpack\stack\StackRegistryWithNonRequiredTemplates.java
714,x-pack\plugin\stack\src\test\java\org\elasticsearch\xpack\stack\StackTemplateRegistryTests.java
279,x-pack\plugin\stack\src\main\java\org\elasticsearch\xpack\stack\LegacyStackTemplateRegistry.java
49,x-pack\plugin\stack\src\main\java\org\elasticsearch\xpack\stack\StackPlugin.java
389,x-pack\plugin\stack\src\main\java\org\elasticsearch\xpack\stack\StackTemplateRegistry.java
591,x-pack\plugin\stack\src\javaRestTest\java\org\elasticsearch\xpack\stack\EcsDynamicTemplatesIT.java
78,x-pack\plugin\src\yamlRestTest\java\org\elasticsearch\xpack\test\rest\XPackRestIT.java
223,x-pack\plugin\src\test\java\org\elasticsearch\xpack\test\rest\AbstractXPackRestTest.java
47,x-pack\plugin\sql\src\test\java\org\elasticsearch\xpack\sql\AbstractSqlWireSerializingTestCase.java
112,x-pack\plugin\sql\src\test\java\org\elasticsearch\xpack\sql\SqlInfoTransportActionTests.java
164,x-pack\plugin\sql\src\test\java\org\elasticsearch\xpack\sql\SqlTestUtils.java
35,x-pack\plugin\sql\src\test\java\org\elasticsearch\xpack\sql\action\AbstractSqlIntegTestCase.java
111,x-pack\plugin\sql\src\test\java\org\elasticsearch\xpack\sql\action\BasicFormatterTests.java
28,x-pack\plugin\sql\src\test\java\org\elasticsearch\xpack\sql\action\LocalStateSQLXPackPlugin.java
269,x-pack\plugin\sql\src\test\java\org\elasticsearch\xpack\sql\analysis\CancellationTests.java
81,x-pack\plugin\sql\src\test\java\org\elasticsearch\xpack\sql\expression\ProcessorTests.java
46,x-pack\plugin\sql\src\test\java\org\elasticsearch\xpack\sql\expression\TypeResolutionTests.java
18,x-pack\plugin\sql\src\test\java\org\elasticsearch\xpack\sql\optimizer\FoldNull.java
288,x-pack\plugin\sql\src\test\java\org\elasticsearch\xpack\sql\optimizer\OptimizerRunTests.java
1199,x-pack\plugin\sql\src\test\java\org\elasticsearch\xpack\sql\optimizer\OptimizerTests.java
356,x-pack\plugin\sql\src\test\java\org\elasticsearch\xpack\sql\parser\EscapedFunctionsTests.java
583,x-pack\plugin\sql\src\test\java\org\elasticsearch\xpack\sql\parser\ExpressionTests.java
108,x-pack\plugin\sql\src\test\java\org\elasticsearch\xpack\sql\parser\LikeEscapingParsingTests.java
98,x-pack\plugin\sql\src\test\java\org\elasticsearch\xpack\sql\parser\ParamLiteralTests.java
520,x-pack\plugin\sql\src\test\java\org\elasticsearch\xpack\sql\parser\SqlParserTests.java
671,x-pack\plugin\sql\src\test\java\org\elasticsearch\xpack\sql\planner\QueryFolderTests.java
104,x-pack\plugin\sql\src\test\java\org\elasticsearch\xpack\sql\planner\QueryTranslatorSpecTests.java
1422,x-pack\plugin\sql\src\test\java\org\elasticsearch\xpack\sql\planner\QueryTranslatorTests.java
136,x-pack\plugin\sql\src\test\java\org\elasticsearch\xpack\sql\planner\VerifierTests.java
148,x-pack\plugin\sql\src\test\java\org\elasticsearch\xpack\sql\plugin\CursorTests.java
137,x-pack\plugin\sql\src\test\java\org\elasticsearch\xpack\sql\plugin\SqlMediaTypeParserTests.java
58,x-pack\plugin\sql\src\test\java\org\elasticsearch\xpack\sql\plugin\SqlPluginTests.java
237,x-pack\plugin\sql\src\test\java\org\elasticsearch\xpack\sql\plugin\TextFormatTests.java
56,x-pack\plugin\sql\src\test\java\org\elasticsearch\xpack\sql\session\ListCursorTests.java
265,x-pack\plugin\sql\src\test\java\org\elasticsearch\xpack\sql\stats\VerifierMetricsTests.java
104,x-pack\plugin\sql\src\test\java\org\elasticsearch\xpack\sql\tree\SqlNodeSubclassTests.java
815,x-pack\plugin\sql\src\test\java\org\elasticsearch\xpack\sql\type\SqlDataTypeConverterTests.java
221,x-pack\plugin\sql\src\test\java\org\elasticsearch\xpack\sql\type\SqlDataTypesTests.java
93,x-pack\plugin\sql\src\test\java\org\elasticsearch\xpack\sql\types\SqlTypesTests.java
137,x-pack\plugin\sql\src\test\java\org\elasticsearch\xpack\sql\util\LikeConversionTests.java
39,x-pack\plugin\sql\src\test\java\org\elasticsearch\xpack\sql\util\SqlVersionUtils.java
117,x-pack\plugin\sql\src\test\java\org\elasticsearch\xpack\sql\querydsl\container\QueryContainerTests.java
62,x-pack\plugin\sql\src\test\java\org\elasticsearch\xpack\sql\plan\logical\UnresolvedRelationTests.java
112,x-pack\plugin\sql\src\test\java\org\elasticsearch\xpack\sql\plan\logical\command\ShowColumnsTests.java
32,x-pack\plugin\sql\src\test\java\org\elasticsearch\xpack\sql\plan\logical\command\ShowFunctionsTests.java
431,x-pack\plugin\sql\src\test\java\org\elasticsearch\xpack\sql\plan\logical\command\sys\SysColumnsTests.java
411,x-pack\plugin\sql\src\test\java\org\elasticsearch\xpack\sql\plan\logical\command\sys\SysTablesTests.java
228,x-pack\plugin\sql\src\test\java\org\elasticsearch\xpack\sql\plan\logical\command\sys\SysTypesTests.java
128,x-pack\plugin\sql\src\test\java\org\elasticsearch\xpack\sql\expression\function\SqlFunctionRegistryTests.java
82,x-pack\plugin\sql\src\test\java\org\elasticsearch\xpack\sql\expression\parser\ParameterTests.java
108,x-pack\plugin\sql\src\test\java\org\elasticsearch\xpack\sql\expression\parser\QuotingTests.java
161,x-pack\plugin\sql\src\test\java\org\elasticsearch\xpack\sql\expression\predicate\conditional\CaseTests.java
112,x-pack\plugin\sql\src\test\java\org\elasticsearch\xpack\sql\expression\predicate\conditional\IifTests.java
334,x-pack\plugin\sql\src\test\java\org\elasticsearch\xpack\sql\expression\predicate\operator\arithmetic\SqlBinaryArithmeticTests.java
282,x-pack\plugin\sql\src\test\java\org\elasticsearch\xpack\sql\expression\literal\interval\IntervalsTests.java
56,x-pack\plugin\sql\src\test\java\org\elasticsearch\xpack\sql\expression\function\scalar\CastProcessorTests.java
59,x-pack\plugin\sql\src\test\java\org\elasticsearch\xpack\sql\expression\function\scalar\DatabaseFunctionTests.java
23,x-pack\plugin\sql\src\test\java\org\elasticsearch\xpack\sql\expression\function\scalar\SqlUnresolvedFunctionTests.java
58,x-pack\plugin\sql\src\test\java\org\elasticsearch\xpack\sql\expression\function\scalar\UserFunctionTests.java
50,x-pack\plugin\sql\src\test\java\org\elasticsearch\xpack\sql\expression\function\scalar\datetime\CurrentDateTests.java
104,x-pack\plugin\sql\src\test\java\org\elasticsearch\xpack\sql\expression\function\scalar\datetime\CurrentDateTimeTests.java
105,x-pack\plugin\sql\src\test\java\org\elasticsearch\xpack\sql\expression\function\scalar\datetime\CurrentTimeTests.java
156,x-pack\plugin\sql\src\test\java\org\elasticsearch\xpack\sql\expression\function\scalar\datetime\DateAddPipeTests.java
291,x-pack\plugin\sql\src\test\java\org\elasticsearch\xpack\sql\expression\function\scalar\datetime\DateAddProcessorTests.java
162,x-pack\plugin\sql\src\test\java\org\elasticsearch\xpack\sql\expression\function\scalar\datetime\DateDiffPipeTests.java
419,x-pack\plugin\sql\src\test\java\org\elasticsearch\xpack\sql\expression\function\scalar\datetime\DateDiffProcessorTests.java
114,x-pack\plugin\sql\src\test\java\org\elasticsearch\xpack\sql\expression\function\scalar\datetime\DateFormatRandomDatasetGenerator.java
126,x-pack\plugin\sql\src\test\java\org\elasticsearch\xpack\sql\expression\function\scalar\datetime\DatePartPipeTests.java
115,x-pack\plugin\sql\src\test\java\org\elasticsearch\xpack\sql\expression\function\scalar\datetime\DatePartProcessorTests.java
109,x-pack\plugin\sql\src\test\java\org\elasticsearch\xpack\sql\expression\function\scalar\datetime\DateTimeDateFormatProcessorTests.java
160,x-pack\plugin\sql\src\test\java\org\elasticsearch\xpack\sql\expression\function\scalar\datetime\DateTimeFormatPipeTests.java
368,x-pack\plugin\sql\src\test\java\org\elasticsearch\xpack\sql\expression\function\scalar\datetime\DateTimeFormatProcessorTests.java
169,x-pack\plugin\sql\src\test\java\org\elasticsearch\xpack\sql\expression\function\scalar\datetime\DateTimeParsePipeTests.java
273,x-pack\plugin\sql\src\test\java\org\elasticsearch\xpack\sql\expression\function\scalar\datetime\DateTimeParseProcessorTests.java
119,x-pack\plugin\sql\src\test\java\org\elasticsearch\xpack\sql\expression\function\scalar\datetime\DateTimeProcessorTests.java
74,x-pack\plugin\sql\src\test\java\org\elasticsearch\xpack\sql\expression\function\scalar\datetime\DateTimeTestUtils.java
171,x-pack\plugin\sql\src\test\java\org\elasticsearch\xpack\sql\expression\function\scalar\datetime\DateTimeToCharProcessorTests.java
126,x-pack\plugin\sql\src\test\java\org\elasticsearch\xpack\sql\expression\function\scalar\datetime\DateTruncPipeTests.java
445,x-pack\plugin\sql\src\test\java\org\elasticsearch\xpack\sql\expression\function\scalar\datetime\DateTruncProcessorTests.java
34,x-pack\plugin\sql\src\test\java\org\elasticsearch\xpack\sql\expression\function\scalar\datetime\DayOfYearTests.java
94,x-pack\plugin\sql\src\test\java\org\elasticsearch\xpack\sql\expression\function\scalar\datetime\NamedDateTimeProcessorTests.java
142,x-pack\plugin\sql\src\test\java\org\elasticsearch\xpack\sql\expression\function\scalar\datetime\NonIsoDateTimeProcessorTests.java
46,x-pack\plugin\sql\src\test\java\org\elasticsearch\xpack\sql\expression\function\scalar\datetime\QuarterProcessorTests.java
84,x-pack\plugin\sql\src\test\java\org\elasticsearch\xpack\sql\expression\function\scalar\datetime\TimeProcessorTests.java
251,x-pack\plugin\sql\src\test\java\org\elasticsearch\xpack\sql\expression\function\scalar\datetime\ToCharTestScript.java
123,x-pack\plugin\sql\src\test\java\org\elasticsearch\xpack\sql\expression\function\scalar\geo\GeoProcessorTests.java
83,x-pack\plugin\sql\src\test\java\org\elasticsearch\xpack\sql\expression\function\scalar\geo\StDistanceProcessorTests.java
53,x-pack\plugin\sql\src\test\java\org\elasticsearch\xpack\sql\expression\function\scalar\geo\StWkttosqlProcessorTests.java
191,x-pack\plugin\sql\src\test\java\org\elasticsearch\xpack\sql\expression\function\scalar\math\BinaryMathProcessorTests.java
93,x-pack\plugin\sql\src\test\java\org\elasticsearch\xpack\sql\expression\function\scalar\math\MathFunctionProcessorTests.java
66,x-pack\plugin\sql\src\test\java\org\elasticsearch\xpack\sql\expression\function\scalar\math\MathOperationTests.java
145,x-pack\plugin\sql\src\test\java\org\elasticsearch\xpack\sql\expression\function\scalar\string\BinaryStringNumericPipeTests.java
198,x-pack\plugin\sql\src\test\java\org\elasticsearch\xpack\sql\expression\function\scalar\string\BinaryStringNumericProcessorTests.java
128,x-pack\plugin\sql\src\test\java\org\elasticsearch\xpack\sql\expression\function\scalar\string\BinaryStringStringPipeTests.java
74,x-pack\plugin\sql\src\test\java\org\elasticsearch\xpack\sql\expression\function\scalar\string\BinaryStringStringProcessorTests.java
117,x-pack\plugin\sql\src\test\java\org\elasticsearch\xpack\sql\expression\function\scalar\string\ConcatFunctionPipeTests.java
77,x-pack\plugin\sql\src\test\java\org\elasticsearch\xpack\sql\expression\function\scalar\string\ConcatProcessorTests.java
125,x-pack\plugin\sql\src\test\java\org\elasticsearch\xpack\sql\expression\function\scalar\string\InsertFunctionPipeTests.java
145,x-pack\plugin\sql\src\test\java\org\elasticsearch\xpack\sql\expression\function\scalar\string\InsertProcessorTests.java
133,x-pack\plugin\sql\src\test\java\org\elasticsearch\xpack\sql\expression\function\scalar\string\LocateFunctionPipeTests.java
105,x-pack\plugin\sql\src\test\java\org\elasticsearch\xpack\sql\expression\function\scalar\string\LocateProcessorTests.java
116,x-pack\plugin\sql\src\test\java\org\elasticsearch\xpack\sql\expression\function\scalar\string\ReplaceFunctionPipeTests.java
89,x-pack\plugin\sql\src\test\java\org\elasticsearch\xpack\sql\expression\function\scalar\string\ReplaceProcessorTests.java
266,x-pack\plugin\sql\src\test\java\org\elasticsearch\xpack\sql\expression\function\scalar\string\StringFunctionProcessorTests.java
109,x-pack\plugin\sql\src\test\java\org\elasticsearch\xpack\sql\expression\function\scalar\string\SubstringFunctionPipeTests.java
114,x-pack\plugin\sql\src\test\java\org\elasticsearch\xpack\sql\expression\function\scalar\string\SubstringProcessorTests.java
93,x-pack\plugin\sql\src\test\java\org\elasticsearch\xpack\sql\execution\search\CompositeAggregationCursorTests.java
270,x-pack\plugin\sql\src\test\java\org\elasticsearch\xpack\sql\execution\search\QuerierTests.java
81,x-pack\plugin\sql\src\test\java\org\elasticsearch\xpack\sql\execution\search\SearchHitCursorTests.java
143,x-pack\plugin\sql\src\test\java\org\elasticsearch\xpack\sql\execution\search\SourceGeneratorTests.java
54,x-pack\plugin\sql\src\test\java\org\elasticsearch\xpack\sql\execution\search\SqlSourceBuilderTests.java
119,x-pack\plugin\sql\src\test\java\org\elasticsearch\xpack\sql\execution\search\extractor\CompositeKeyExtractorTests.java
90,x-pack\plugin\sql\src\test\java\org\elasticsearch\xpack\sql\execution\search\extractor\ComputingExtractorTests.java
265,x-pack\plugin\sql\src\test\java\org\elasticsearch\xpack\sql\execution\search\extractor\FieldHitExtractorTests.java
151,x-pack\plugin\sql\src\test\java\org\elasticsearch\xpack\sql\execution\search\extractor\MetricAggExtractorTests.java
26,x-pack\plugin\sql\src\test\java\org\elasticsearch\xpack\sql\execution\search\extractor\ScoreExtractorTests.java
45,x-pack\plugin\sql\src\test\java\org\elasticsearch\xpack\sql\execution\search\extractor\TestBucket.java
58,x-pack\plugin\sql\src\test\java\org\elasticsearch\xpack\sql\execution\search\extractor\TestMultiValueAggregation.java
64,x-pack\plugin\sql\src\test\java\org\elasticsearch\xpack\sql\execution\search\extractor\TestSingleValueAggregation.java
128,x-pack\plugin\sql\src\test\java\org\elasticsearch\xpack\sql\execution\search\extractor\TopHitsAggExtractorTests.java
84,x-pack\plugin\sql\src\test\java\org\elasticsearch\xpack\sql\common\io\SqlStreamTests.java
139,x-pack\plugin\sql\src\test\java\org\elasticsearch\xpack\sql\analysis\analyzer\AnalyzerTests.java
46,x-pack\plugin\sql\src\test\java\org\elasticsearch\xpack\sql\analysis\analyzer\AnalyzerTestUtils.java
533,x-pack\plugin\sql\src\test\java\org\elasticsearch\xpack\sql\analysis\analyzer\FieldAttributeTests.java
1767,x-pack\plugin\sql\src\test\java\org\elasticsearch\xpack\sql\analysis\analyzer\VerifierErrorMessagesTests.java
619,x-pack\plugin\sql\src\test\java\org\elasticsearch\xpack\sql\analysis\index\IndexResolverTests.java
184,x-pack\plugin\sql\src\main\java\org\elasticsearch\xpack\sql\package-info.java
25,x-pack\plugin\sql\src\main\java\org\elasticsearch\xpack\sql\SqlClientException.java
35,x-pack\plugin\sql\src\main\java\org\elasticsearch\xpack\sql\SqlIllegalArgumentException.java
38,x-pack\plugin\sql\src\main\java\org\elasticsearch\xpack\sql\SqlInfoTransportAction.java
68,x-pack\plugin\sql\src\main\java\org\elasticsearch\xpack\sql\SqlUsageTransportAction.java
141,x-pack\plugin\sql\src\main\java\org\elasticsearch\xpack\sql\execution\PlanExecutor.java
47,x-pack\plugin\sql\src\main\java\org\elasticsearch\xpack\sql\expression\Exists.java
45,x-pack\plugin\sql\src\main\java\org\elasticsearch\xpack\sql\expression\ScalarSubquery.java
53,x-pack\plugin\sql\src\main\java\org\elasticsearch\xpack\sql\expression\SqlTypeResolutions.java
75,x-pack\plugin\sql\src\main\java\org\elasticsearch\xpack\sql\expression\SubQueryExpression.java
51,x-pack\plugin\sql\src\main\java\org\elasticsearch\xpack\sql\index\IndexCompatibility.java
49,x-pack\plugin\sql\src\main\java\org\elasticsearch\xpack\sql\index\VersionCompatibilityChecks.java
1228,x-pack\plugin\sql\src\main\java\org\elasticsearch\xpack\sql\optimizer\Optimizer.java
58,x-pack\plugin\sql\src\main\java\org\elasticsearch\xpack\sql\parser\AbstractBuilder.java
31,x-pack\plugin\sql\src\main\java\org\elasticsearch\xpack\sql\parser\AstBuilder.java
208,x-pack\plugin\sql\src\main\java\org\elasticsearch\xpack\sql\parser\CommandBuilder.java
959,x-pack\plugin\sql\src\main\java\org\elasticsearch\xpack\sql\parser\ExpressionBuilder.java
103,x-pack\plugin\sql\src\main\java\org\elasticsearch\xpack\sql\parser\IdentifierBuilder.java
292,x-pack\plugin\sql\src\main\java\org\elasticsearch\xpack\sql\parser\LogicalPlanBuilder.java
56,x-pack\plugin\sql\src\main\java\org\elasticsearch\xpack\sql\parser\ParsingException.java
1710,x-pack\plugin\sql\src\main\java\org\elasticsearch\xpack\sql\parser\SqlBaseBaseListener.java
1159,x-pack\plugin\sql\src\main\java\org\elasticsearch\xpack\sql\parser\SqlBaseBaseVisitor.java
1242,x-pack\plugin\sql\src\main\java\org\elasticsearch\xpack\sql\parser\SqlBaseLexer.java
1372,x-pack\plugin\sql\src\main\java\org\elasticsearch\xpack\sql\parser\SqlBaseListener.java
9647,x-pack\plugin\sql\src\main\java\org\elasticsearch\xpack\sql\parser\SqlBaseParser.java
798,x-pack\plugin\sql\src\main\java\org\elasticsearch\xpack\sql\parser\SqlBaseVisitor.java
330,x-pack\plugin\sql\src\main\java\org\elasticsearch\xpack\sql\parser\SqlParser.java
54,x-pack\plugin\sql\src\main\java\org\elasticsearch\xpack\sql\planner\FoldingException.java
149,x-pack\plugin\sql\src\main\java\org\elasticsearch\xpack\sql\planner\Mapper.java
68,x-pack\plugin\sql\src\main\java\org\elasticsearch\xpack\sql\planner\Planner.java
23,x-pack\plugin\sql\src\main\java\org\elasticsearch\xpack\sql\planner\PlanningException.java
935,x-pack\plugin\sql\src\main\java\org\elasticsearch\xpack\sql\planner\QueryFolder.java
691,x-pack\plugin\sql\src\main\java\org\elasticsearch\xpack\sql\planner\QueryTranslator.java
38,x-pack\plugin\sql\src\main\java\org\elasticsearch\xpack\sql\planner\SqlTranslatorHandler.java
84,x-pack\plugin\sql\src\main\java\org\elasticsearch\xpack\sql\planner\Verifier.java
46,x-pack\plugin\sql\src\main\java\org\elasticsearch\xpack\sql\plugin\BasicFormatter.java
41,x-pack\plugin\sql\src\main\java\org\elasticsearch\xpack\sql\plugin\RestSqlAsyncDeleteResultsAction.java
56,x-pack\plugin\sql\src\main\java\org\elasticsearch\xpack\sql\plugin\RestSqlAsyncGetResultsAction.java
40,x-pack\plugin\sql\src\main\java\org\elasticsearch\xpack\sql\plugin\RestSqlAsyncGetStatusAction.java
66,x-pack\plugin\sql\src\main\java\org\elasticsearch\xpack\sql\plugin\RestSqlClearCursorAction.java
81,x-pack\plugin\sql\src\main\java\org\elasticsearch\xpack\sql\plugin\RestSqlQueryAction.java
38,x-pack\plugin\sql\src\main\java\org\elasticsearch\xpack\sql\plugin\RestSqlStatsAction.java
51,x-pack\plugin\sql\src\main\java\org\elasticsearch\xpack\sql\plugin\RestSqlTranslateAction.java
21,x-pack\plugin\sql\src\main\java\org\elasticsearch\xpack\sql\plugin\SqlAsyncGetResultsAction.java
21,x-pack\plugin\sql\src\main\java\org\elasticsearch\xpack\sql\plugin\SqlAsyncGetStatusAction.java
30,x-pack\plugin\sql\src\main\java\org\elasticsearch\xpack\sql\plugin\SqlLicenseChecker.java
90,x-pack\plugin\sql\src\main\java\org\elasticsearch\xpack\sql\plugin\SqlMediaTypeParser.java
44,x-pack\plugin\sql\src\main\java\org\elasticsearch\xpack\sql\plugin\SqlPainlessExtension.java
151,x-pack\plugin\sql\src\main\java\org\elasticsearch\xpack\sql\plugin\SqlPlugin.java
102,x-pack\plugin\sql\src\main\java\org\elasticsearch\xpack\sql\plugin\SqlResponseListener.java
20,x-pack\plugin\sql\src\main\java\org\elasticsearch\xpack\sql\plugin\SqlStatsAction.java
63,x-pack\plugin\sql\src\main\java\org\elasticsearch\xpack\sql\plugin\SqlStatsRequest.java
95,x-pack\plugin\sql\src\main\java\org\elasticsearch\xpack\sql\plugin\SqlStatsResponse.java
364,x-pack\plugin\sql\src\main\java\org\elasticsearch\xpack\sql\plugin\TextFormat.java
24,x-pack\plugin\sql\src\main\java\org\elasticsearch\xpack\sql\plugin\Transports.java
51,x-pack\plugin\sql\src\main\java\org\elasticsearch\xpack\sql\plugin\TransportSqlAsyncGetResultsAction.java
50,x-pack\plugin\sql\src\main\java\org\elasticsearch\xpack\sql\plugin\TransportSqlAsyncGetStatusAction.java
57,x-pack\plugin\sql\src\main\java\org\elasticsearch\xpack\sql\plugin\TransportSqlClearCursorAction.java
287,x-pack\plugin\sql\src\main\java\org\elasticsearch\xpack\sql\plugin\TransportSqlQueryAction.java
82,x-pack\plugin\sql\src\main\java\org\elasticsearch\xpack\sql\plugin\TransportSqlStatsAction.java
91,x-pack\plugin\sql\src\main\java\org\elasticsearch\xpack\sql\plugin\TransportSqlTranslateAction.java
81,x-pack\plugin\sql\src\main\java\org\elasticsearch\xpack\sql\session\AbstractRowSet.java
51,x-pack\plugin\sql\src\main\java\org\elasticsearch\xpack\sql\session\Cursor.java
159,x-pack\plugin\sql\src\main\java\org\elasticsearch\xpack\sql\session\Cursors.java
59,x-pack\plugin\sql\src\main\java\org\elasticsearch\xpack\sql\session\EmptyCursor.java
58,x-pack\plugin\sql\src\main\java\org\elasticsearch\xpack\sql\session\EmptyExecutable.java
47,x-pack\plugin\sql\src\main\java\org\elasticsearch\xpack\sql\session\EmptyRowSet.java
21,x-pack\plugin\sql\src\main\java\org\elasticsearch\xpack\sql\session\Executable.java
118,x-pack\plugin\sql\src\main\java\org\elasticsearch\xpack\sql\session\ListCursor.java
68,x-pack\plugin\sql\src\main\java\org\elasticsearch\xpack\sql\session\ListRowSet.java
59,x-pack\plugin\sql\src\main\java\org\elasticsearch\xpack\sql\session\Rows.java
31,x-pack\plugin\sql\src\main\java\org\elasticsearch\xpack\sql\session\RowSet.java
63,x-pack\plugin\sql\src\main\java\org\elasticsearch\xpack\sql\session\RowView.java
25,x-pack\plugin\sql\src\main\java\org\elasticsearch\xpack\sql\session\SchemaRowSet.java
12,x-pack\plugin\sql\src\main\java\org\elasticsearch\xpack\sql\session\Session.java
48,x-pack\plugin\sql\src\main\java\org\elasticsearch\xpack\sql\session\SingletonExecutable.java
51,x-pack\plugin\sql\src\main\java\org\elasticsearch\xpack\sql\session\SingletonRowSet.java
139,x-pack\plugin\sql\src\main\java\org\elasticsearch\xpack\sql\session\SqlConfiguration.java
20,x-pack\plugin\sql\src\main\java\org\elasticsearch\xpack\sql\session\SqlExecutable.java
204,x-pack\plugin\sql\src\main\java\org\elasticsearch\xpack\sql\session\SqlSession.java
27,x-pack\plugin\sql\src\main\java\org\elasticsearch\xpack\sql\stats\FeatureMetric.java
136,x-pack\plugin\sql\src\main\java\org\elasticsearch\xpack\sql\stats\Metrics.java
50,x-pack\plugin\sql\src\main\java\org\elasticsearch\xpack\sql\stats\QueryMetric.java
54,x-pack\plugin\sql\src\main\java\org\elasticsearch\xpack\sql\type\ExtTypes.java
455,x-pack\plugin\sql\src\main\java\org\elasticsearch\xpack\sql\type\SqlDataTypeConverter.java
58,x-pack\plugin\sql\src\main\java\org\elasticsearch\xpack\sql\type\SqlDataTypeRegistry.java
734,x-pack\plugin\sql\src\main\java\org\elasticsearch\xpack\sql\type\SqlDataTypes.java
49,x-pack\plugin\sql\src\main\java\org\elasticsearch\xpack\sql\util\Check.java
226,x-pack\plugin\sql\src\main\java\org\elasticsearch\xpack\sql\util\DateUtils.java
