file,filename,num_authors,num_commits,code_age,change_frequency,churn,additions,deletions,changes,wmc,dit,noc,cbo,rfc,lcom,cyclomatic_complexity,cognitive_complexity,essential_complexity,max_nesting_depth,afferent_coupling,efferent_coupling,instability,abstractness,bug_density,num_bugs,vulnerabilities,has_defect,halstead_volume,halstead_difficulty,halstead_effort,halstead_time,halstead_bugs,defect_type,severity,priority,kloc,loc,soc,cloc,bloc,maintainability_index,technical_debt,code_smells,npm,nprm,npa,npra,fanin,fanout,noi,nop,pre_release_bugs,post_release_bugs,bug_fix_time,revision_count,loc_added,loc_deleted,duplication,test_coverage,documentation,comment_ratio,num_files,num_classes,num_methods,num_statements
.mvn/wrapper/MavenWrapperDownloader.java,MavenWrapperDownloader.java,1,1,2,35.62,116,116,0,11,5,5,0,2,4,49.56,18,3,0,6,8,5,62.44,33.79,94.96,11,11,False,51.84,18.15,94.4,36.76,2.32,high,high,medium,0.076,76,76,31,9,57.26,77.04,3,4,4,11,2,0,5,11,9,5,7,92.32,6,43.44,89.11,95.08,19.16,58.43,44.45,3,1,1,1
core/src/main/java/com/alibaba/druid/Constants.java,Constants.java,1,1,1,9.51,22,22,0,2,2,0,0,0,2,10.53,3,2,2,1,1,1,7.19,15.6,16.16,1,1,False,10.16,5.29,18.82,10.8,6.48,high,low,low,0.005,5,5,15,2,2.63,15.97,2,2,1,1,2,1,1,2,0,1,1,10.54,1,16.75,19.48,11.87,1.68,2.22,7.38,1,0,0,1
core/src/main/java/com/alibaba/druid/DbType.java,DbType.java,1,1,7,81.43,166,166,0,3,4,8,11,12,9,37.12,13,3,0,3,10,5,77.39,39.67,55.51,11,12,True,90.22,51.88,20.99,61.8,46.38,medium,medium,high,0.117,117,117,12,37,17.8,57.23,14,4,0,1,8,1,3,3,14,9,15,62.04,7,15.44,31.2,20.55,96.34,45.51,26.69,13,0,0,15
core/src/main/java/com/alibaba/druid/DruidRuntimeException.java,DruidRuntimeException.java,1,1,0,3.07,37,37,0,0,0,2,0,3,3,15.16,3,0,3,2,0,2,35.55,32.2,19.96,2,2,True,8.17,19.52,19.47,5.08,23.97,low,low,low,0.016,16,16,15,6,34.38,9.63,2,3,0,0,1,3,2,3,3,2,1,13.13,1,2.84,16.13,15.66,9.45,20.27,8.2,2,1,0,2
core/src/main/java/com/alibaba/druid/FastsqlColumnAmbiguousException.java,FastsqlColumnAmbiguousException.java,1,1,1,4.85,10,10,0,0,0,1,1,0,0,4.41,1,1,1,2,1,1,2.48,7.66,0.2,0,0,True,4.34,9.53,2.48,3.53,6.01,high,high,low,0.008,8,8,0,2,3.76,6.93,0,0,0,0,0,1,0,0,1,1,0,7.33,1,3.66,6.16,2.97,3.98,1.88,0.94,0,1,0,0
core/src/main/java/com/alibaba/druid/FastsqlException.java,FastsqlException.java,1,1,2,17.46,37,37,0,0,3,1,3,0,3,34.77,3,3,1,2,3,2,12.27,7.12,34.68,2,3,False,15.57,25.1,30.19,11.92,27.49,medium,medium,low,0.016,16,16,15,6,25.38,5.29,1,1,0,0,0,3,3,2,3,0,2,19.06,3,20.82,6.37,33.88,6.48,4.59,17.5,0,1,0,2
core/src/main/java/com/alibaba/druid/TransactionTimeoutException.java,TransactionTimeoutException.java,1,1,2,14.53,23,23,0,1,2,2,0,0,2,17.2,3,0,0,1,2,0,13.72,14.35,9.27,0,2,False,17.09,6.3,5.44,12.46,19.83,low,high,high,0.005,5,5,15,3,20.3,22.37,1,2,2,2,2,2,1,2,0,1,2,7.23,1,22.37,10.88,6.14,2.15,15.49,15.23,1,1,0,1
core/src/main/java/com/alibaba/druid/VERSION.java,VERSION.java,1,1,0,15.25,26,26,0,1,2,0,0,1,0,21.55,3,1,1,2,2,0,7.96,25.29,7.1,2,0,True,18.02,25.39,8.6,16.31,14.56,high,medium,high,0.009,9,9,15,2,8.17,6.36,1,1,2,2,1,1,1,2,2,2,1,22.38,2,15.38,9.65,4.39,0.28,17.99,0.61,2,1,0,2
core/src/main/java/com/alibaba/druid/filter/AutoLoad.java,AutoLoad.java,1,1,0,26.66,31,31,0,2,2,1,2,0,0,1.78,3,3,0,1,1,3,6.49,2.93,0.12,0,2,True,14.17,10.7,13.18,2.54,7.56,low,high,high,0.01,10,10,18,3,2.32,4.64,0,1,3,1,1,1,1,0,1,0,2,4.62,3,9.93,20.05,6.13,14.89,15.72,1.48,2,0,0,1
core/src/main/java/com/alibaba/druid/filter/Filter.java,Filter.java,1,1,0,60.65,1378,1378,0,70,136,16,76,82,58,78.34,17,126,18,14,22,2,38.01,60.85,54.07,17,16,False,63.35,72.22,69.34,40.55,1.24,medium,low,high,0.858,858,858,23,497,95.01,30.37,89,117,132,53,3,50,67,102,122,59,41,33.07,136,62.83,73.68,22.46,67.2,82.3,62.53,38,0,0,137
core/src/main/java/com/alibaba/druid/filter/FilterAdapter.java,FilterAdapter.java,1,1,286,37.5,2891,2891,0,29,178,13,254,257,29,36.0,26,270,131,16,15,72,29.3,6.23,38.11,288,30,False,16.82,81.71,76.59,87.56,40.26,high,high,high,2.367,2367,2367,26,498,1.21,9.1,113,245,87,12,44,158,242,279,78,21,115,62.3,97,69.05,88.29,65.36,35.78,40.98,46.24,80,1,435,143
core/src/main/java/com/alibaba/druid/filter/FilterChain.java,FilterChain.java,1,1,51,88.26,1192,1192,0,87,17,5,101,31,95,93.72,14,4,111,13,104,115,47.2,61.24,65.33,73,9,True,38.4,19.65,96.06,34.24,67.2,medium,high,medium,0.671,671,671,25,496,70.23,39.68,11,108,13,74,18,17,81,34,79,66,63,52.91,108,60.21,70.44,26.45,35.09,68.56,25.96,74,0,0,101
core/src/main/java/com/alibaba/druid/filter/FilterChainImpl.java,FilterChainImpl.java,1,1,524,50.31,5287,5287,0,413,157,333,431,48,435,45.22,100,482,214,15,458,437,11.0,6.35,61.34,359,40,True,24.78,37.51,51.52,80.36,0.43,high,low,low,4.504,4504,4504,25,758,39.22,41.88,244,81,287,469,524,139,243,356,254,43,23,35.38,358,73.88,36.09,90.05,31.67,96.35,70.92,88,1,441,525
core/src/main/java/com/alibaba/druid/filter/FilterEventAdapter.java,FilterEventAdapter.java,1,1,3,10.97,541,541,0,33,7,7,6,7,2,81.7,78,32,11,15,18,16,91.54,9.98,48.01,16,22,False,23.3,72.36,5.49,67.56,40.58,low,medium,medium,0.404,404,404,18,119,2.83,39.32,45,53,49,20,26,23,53,25,23,43,29,58.88,22,87.6,8.95,73.25,0.16,3.85,77.73,35,1,42,10
core/src/main/java/com/alibaba/druid/filter/FilterManager.java,FilterManager.java,1,1,9,40.02,170,170,0,2,4,14,2,17,13,17.16,37,7,9,5,6,4,73.61,18.92,61.14,16,14,False,78.01,88.62,65.16,4.62,40.52,high,medium,high,0.125,125,125,15,30,76.39,47.74,17,15,11,17,17,1,17,16,5,6,12,81.75,6,34.05,41.89,47.76,20.11,6.31,86.46,7,1,0,6
core/src/main/java/com/alibaba/druid/filter/config/ConfigFilter.java,ConfigFilter.java,1,1,1,12.17,278,278,0,20,2,23,26,11,13,39.66,46,27,11,6,7,25,69.23,19.99,76.0,19,0,False,14.76,58.04,60.18,73.51,90.87,low,medium,medium,0.165,165,165,74,39,79.79,4.58,16,27,16,10,19,14,23,3,21,27,9,68.31,20,4.4,31.43,29.93,92.37,38.29,90.68,25,1,6,25
core/src/main/java/com/alibaba/druid/filter/config/ConfigTools.java,ConfigTools.java,1,1,11,4.33,210,210,0,8,11,12,11,3,1,79.25,29,19,8,5,11,2,86.67,58.51,93.52,10,21,False,96.81,56.08,31.83,4.11,2.8,low,high,medium,0.157,157,157,18,35,4.86,43.16,6,13,3,4,10,4,13,2,6,21,20,59.08,1,67.0,81.03,55.97,31.5,79.91,70.11,15,1,0,7
core/src/main/java/com/alibaba/druid/filter/encoding/CharsetConvert.java,CharsetConvert.java,1,1,6,40.51,78,78,0,6,0,1,5,1,1,38.69,25,4,5,3,0,6,0.77,49.24,24.81,5,7,True,64.67,48.55,77.49,33.66,27.28,high,high,low,0.027,27,27,42,9,7.06,36.05,0,7,0,2,2,7,5,0,3,0,6,72.03,1,3.05,52.86,59.18,31.33,60.61,62.19,4,1,3,2
core/src/main/java/com/alibaba/druid/filter/encoding/CharsetParameter.java,CharsetParameter.java,1,1,0,29.71,55,55,0,2,4,1,5,0,4,49.49,3,2,1,2,3,2,33.01,18.52,14.51,0,3,False,19.96,31.18,39.31,42.03,19.5,high,high,low,0.02,20,20,26,9,0.66,6.74,0,5,0,2,2,3,4,1,0,3,1,31.24,2,32.93,38.3,20.52,26.93,3.5,3.26,5,1,4,1
core/src/main/java/com/alibaba/druid/filter/encoding/EncodingConvertFilter.java,EncodingConvertFilter.java,1,1,51,45.23,645,645,0,13,38,35,60,34,8,9.16,63,28,0,15,58,19,47.47,62.45,65.02,32,7,True,39.31,4.21,8.0,72.23,57.15,medium,medium,low,0.528,528,528,26,91,68.3,86.87,33,59,40,16,40,50,62,14,9,2,26,77.01,39,12.9,35.16,85.68,74.87,9.19,15.21,20,1,56,53
core/src/main/java/com/alibaba/druid/filter/logging/CommonsLogFilter.java,CommonsLogFilter.java,1,1,6,63.84,161,161,0,7,13,1,1,0,10,31.12,14,14,9,3,7,7,85.13,66.96,38.29,14,14,True,69.27,9.73,46.86,16.2,91.33,high,low,high,0.117,117,117,18,26,72.22,4.85,13,6,4,7,14,15,9,13,8,4,15,74.51,1,35.3,42.11,31.67,62.94,13.63,94.04,7,1,24,11
core/src/main/java/com/alibaba/druid/filter/logging/CommonsLogFilterMBean.java,CommonsLogFilterMBean.java,1,1,1,6.74,22,22,0,1,2,2,2,1,0,4.58,3,0,2,0,2,2,21.79,21.13,4.29,0,0,False,20.31,5.88,16.95,19.1,21.67,medium,low,low,0.003,3,3,18,1,8.38,6.34,0,0,1,1,1,2,2,1,2,1,1,21.91,1,2.99,6.66,14.02,16.77,9.82,16.91,2,0,0,2
core/src/main/java/com/alibaba/druid/filter/logging/Log4j2Filter.java,Log4j2Filter.java,1,1,15,26.39,153,153,0,0,13,12,15,5,1,91.86,10,13,1,2,12,9,84.73,17.47,48.46,2,11,False,90.07,13.89,56.35,4.66,10.41,high,low,low,0.109,109,109,18,26,34.44,89.16,11,5,0,12,1,8,10,11,15,8,0,90.79,10,18.72,52.23,21.91,24.9,89.63,9.83,5,1,24,8
core/src/main/java/com/alibaba/druid/filter/logging/Log4j2FilterMBean.java,Log4j2FilterMBean.java,1,1,1,14.39,19,19,0,1,1,0,0,0,0,12.28,3,0,1,0,0,0,4.76,6.6,2.49,0,0,True,11.18,18.83,8.46,7.02,6.81,medium,low,low,0.003,3,3,15,1,11.08,6.29,1,1,1,0,0,1,0,1,1,0,1,11.9,0,15.54,17.51,3.96,9.16,17.94,10.98,1,0,0,1
core/src/main/java/com/alibaba/druid/filter/logging/Log4jFilter.java,Log4jFilter.java,1,1,15,10.82,153,153,0,9,12,12,0,7,10,84.85,10,13,12,2,3,9,13.21,26.1,63.75,1,14,True,54.85,16.65,42.85,99.48,18.53,high,medium,medium,0.109,109,109,18,26,62.34,4.45,13,10,13,2,7,12,7,7,8,10,11,80.09,4,51.81,5.76,57.12,32.74,75.41,17.06,6,1,24,0
core/src/main/java/com/alibaba/druid/filter/logging/Log4jFilterMBean.java,Log4jFilterMBean.java,1,1,1,6.91,22,22,0,0,1,0,1,1,2,20.41,3,2,2,0,0,1,21.98,19.54,0.82,1,0,False,2.9,1.86,19.92,7.39,13.3,low,high,high,0.003,3,3,18,1,19.42,1.32,1,1,2,2,0,1,0,0,2,2,1,12.29,2,3.67,9.05,7.26,14.31,3.99,6.98,0,0,0,1
core/src/main/java/com/alibaba/druid/filter/logging/LogFilter.java,LogFilter.java,1,1,83,74.26,973,973,0,51,33,87,32,74,67,6.23,100,20,22,14,37,5,97.12,58.42,45.19,50,45,False,76.66,30.61,55.28,37.96,13.15,low,medium,high,0.784,784,784,19,170,60.81,53.64,3,76,79,22,91,0,68,53,39,83,56,63.19,87,62.53,84.2,16.65,11.65,53.39,94.98,45,1,96,39
core/src/main/java/com/alibaba/druid/filter/logging/LogFilterMBean.java,LogFilterMBean.java,1,1,0,80.05,146,146,0,14,4,9,2,11,6,82.11,7,6,12,1,14,3,95.46,23.41,35.96,1,7,True,69.16,24.54,41.3,55.0,28.81,low,medium,low,0.062,62,62,21,63,77.43,98.78,11,8,3,13,0,2,3,6,5,4,12,44.68,13,26.02,33.24,42.03,78.26,21.87,2.07,8,0,0,2
core/src/main/java/com/alibaba/druid/filter/logging/Slf4jLogFilter.java,Slf4jLogFilter.java,1,1,13,56.43,160,160,0,0,4,3,7,8,1,48.45,10,6,8,2,10,0,81.98,1.67,97.81,10,10,False,29.62,24.3,8.74,3.46,11.81,medium,low,medium,0.115,115,115,15,30,48.13,13.3,10,14,9,11,4,7,8,0,14,11,7,99.14,11,31.57,42.03,60.03,4.24,8.7,12.51,5,1,24,7
core/src/main/java/com/alibaba/druid/filter/mysql8datetime/MySQL8DateTimeResultSetMetaData.java,MySQL8DateTimeResultSetMetaData.java,1,1,5,27.28,152,152,0,14,2,7,13,15,15,7.99,7,11,15,3,15,11,61.04,21.12,29.86,14,9,False,94.12,18.12,66.75,38.83,62.25,high,medium,low,0.108,108,108,17,27,31.99,74.61,0,2,1,15,2,11,1,12,4,15,13,43.3,9,9.23,51.64,9.8,92.21,56.94,73.66,12,1,22,5
core/src/main/java/com/alibaba/druid/filter/mysql8datetime/MySQL8DateTimeSqlTypeFilter.java,MySQL8DateTimeSqlTypeFilter.java,1,1,2,20.72,81,81,0,2,2,1,0,6,8,51.21,14,3,5,3,0,6,31.4,34.71,59.07,1,2,False,22.19,5.33,24.0,5.22,73.68,high,medium,low,0.028,28,28,47,6,65.17,5.09,1,0,2,4,0,4,7,3,1,4,5,4.91,6,36.53,36.52,35.16,72.07,37.26,19.78,5,1,3,8
core/src/main/java/com/alibaba/druid/filter/stat/MergeStatFilter.java,MergeStatFilter.java,1,1,3,14.22,35,35,0,2,2,3,0,2,0,16.57,13,2,2,3,2,0,32.83,11.37,6.17,1,0,True,19.2,30.07,6.07,15.91,25.51,low,high,high,0.017,17,17,15,3,17.69,22.76,1,1,1,1,2,3,3,1,3,1,0,1.57,3,29.16,31.77,27.37,13.02,10.16,20.19,0,1,1,1
core/src/main/java/com/alibaba/druid/filter/stat/StatFilter.java,StatFilter.java,1,1,83,67.31,1135,1135,0,10,48,66,89,36,40,53.59,100,87,64,14,71,40,48.08,5.37,25.4,33,11,False,8.36,93.84,5.34,94.2,26.93,low,low,low,0.875,875,875,23,237,1.23,76.61,83,14,23,68,87,68,42,43,63,62,87,48.35,37,20.39,49.55,37.25,82.64,30.74,74.71,12,1,71,109
core/src/main/java/com/alibaba/druid/filter/stat/StatFilterContext.java,StatFilterContext.java,1,1,12,93.82,140,140,0,14,13,4,1,3,3,80.54,19,3,4,3,6,3,71.89,87.53,3.71,4,8,True,28.47,42.25,5.5,75.23,6.82,low,medium,medium,0.103,103,103,15,22,5.52,76.5,12,6,8,7,1,0,10,2,4,12,14,35.67,14,40.38,80.94,93.83,92.45,8.49,7.59,9,1,16,9
core/src/main/java/com/alibaba/druid/filter/stat/StatFilterContextListener.java,StatFilterContextListener.java,1,1,1,1.17,46,46,0,3,2,1,0,2,0,25.76,4,1,1,1,0,1,29.91,32.41,18.61,3,3,True,28.45,3.07,2.36,18.84,13.16,high,medium,low,0.017,17,17,15,14,28.74,9.01,1,0,2,2,0,2,0,1,0,2,0,36.23,0,5.68,3.43,2.19,5.19,9.43,26.52,4,0,0,3
core/src/main/java/com/alibaba/druid/filter/stat/StatFilterContextListenerAdapter.java,StatFilterContextListenerAdapter.java,1,1,7,8.56,75,75,0,1,6,7,5,0,7,8.44,4,1,4,1,0,2,49.97,46.7,33.57,6,1,True,21.95,24.13,2.01,18.81,3.33,low,medium,low,0.045,45,45,15,15,18.2,70.07,4,1,0,4,3,1,2,6,3,7,4,40.68,0,39.85,19.12,70.75,61.11,27.91,21.07,3,1,14,2
core/src/main/java/com/alibaba/druid/filter/stat/StatFilterMBean.java,StatFilterMBean.java,1,1,2,21.43,35,35,0,1,2,1,2,0,2,19.32,3,3,1,1,2,3,10.74,13.38,5.53,2,2,False,22.0,23.02,20.65,32.12,23.86,high,low,high,0.01,10,10,18,7,0.15,9.2,1,2,3,0,1,1,0,3,2,3,1,34.7,0,1.33,22.63,14.45,22.06,14.0,2.83,3,0,0,1
core/src/main/java/com/alibaba/druid/mock/MockArray.java,MockArray.java,1,1,2,79.77,83,83,0,1,1,4,4,8,3,28.93,7,4,3,2,5,2,4.11,40.64,5.66,3,0,True,29.21,26.77,49.48,17.94,14.27,high,low,medium,0.053,53,53,15,15,4.11,75.16,2,1,8,0,7,5,0,8,3,0,2,24.99,5,42.6,76.22,50.71,45.85,53.15,8.63,1,1,11,1
core/src/main/java/com/alibaba/druid/mock/MockBlob.java,MockBlob.java,1,1,3,25.39,84,84,0,5,6,7,3,3,4,20.54,3,8,4,2,1,8,65.35,40.25,15.13,4,0,True,69.32,40.95,55.56,53.91,23.69,low,low,high,0.055,55,55,15,14,15.64,70.54,2,3,8,2,6,3,8,3,1,3,8,35.54,1,37.58,40.69,32.01,83.33,68.93,5.7,5,1,10,5
core/src/main/java/com/alibaba/druid/mock/MockCallableStatement.java,MockCallableStatement.java,1,1,44,26.38,661,661,0,48,16,20,66,27,14,22.96,16,64,56,3,16,60,91.55,27.57,92.71,58,6,True,79.39,84.83,73.65,92.27,96.7,medium,low,low,0.51,510,510,15,136,29.7,55.26,23,25,9,25,28,6,32,41,7,65,23,14.95,10,77.6,67.08,73.8,17.68,75.41,88.5,57,1,109,21
core/src/main/java/com/alibaba/druid/mock/MockClob.java,MockClob.java,1,1,5,13.85,100,100,0,3,6,7,8,1,2,52.7,4,8,0,3,2,1,73.86,76.06,18.39,1,1,False,32.03,5.8,24.89,44.61,47.28,low,low,medium,0.067,67,67,15,18,49.5,20.2,8,0,3,3,2,4,7,3,0,9,9,25.33,5,48.58,25.31,67.59,86.58,3.25,25.66,1,1,13,6
core/src/main/java/com/alibaba/druid/mock/MockConnection.java,MockConnection.java,1,1,36,52.72,486,486,0,28,11,22,19,47,43,69.28,31,9,4,11,8,25,29.12,70.54,43.46,0,45,False,34.38,83.39,95.52,10.74,71.46,medium,low,high,0.355,355,355,17,114,52.17,39.38,29,2,25,11,23,12,39,37,39,17,48,66.95,7,71.18,71.89,96.67,73.85,96.22,30.99,48,1,57,1
core/src/main/java/com/alibaba/druid/mock/MockConnectionClosedException.java,MockConnectionClosedException.java,1,1,2,12.94,26,26,0,2,0,1,1,0,0,9.32,3,1,0,2,2,1,25.92,3.47,6.33,0,2,True,11.73,1.69,8.48,11.1,5.55,low,high,low,0.008,8,8,15,3,8.02,20.42,2,0,1,0,2,2,0,0,2,0,2,1.92,2,14.03,9.68,24.04,4.05,0.58,15.73,1,1,0,1
core/src/main/java/com/alibaba/druid/mock/MockDriver.java,MockDriver.java,1,1,10,53.94,325,325,0,15,8,25,25,30,2,39.87,35,20,22,5,25,13,29.7,92.79,93.65,10,18,True,5.73,25.99,87.96,24.14,35.38,low,medium,low,0.232,232,232,16,77,45.45,50.17,0,29,28,30,29,32,2,8,15,3,21,51.94,24,41.07,16.76,66.57,58.78,2.99,6.54,6,1,30,4
core/src/main/java/com/alibaba/druid/mock/MockDriverMBean.java,MockDriverMBean.java,1,1,2,33.59,42,42,0,2,4,3,1,4,1,1.8,3,0,4,1,1,0,2.38,5.96,13.87,2,0,True,41.43,1.02,19.31,30.06,13.31,high,low,medium,0.015,15,15,15,12,3.24,21.5,0,1,1,1,0,3,3,3,3,3,0,17.05,1,6.98,23.86,17.28,1.17,21.4,30.87,4,0,0,4
core/src/main/java/com/alibaba/druid/mock/MockNClob.java,MockNClob.java,1,1,1,15.21,21,21,0,2,0,1,0,1,0,2.93,3,0,2,0,1,1,10.27,6.78,17.11,0,0,False,17.13,17.66,10.53,19.16,6.73,medium,high,low,0.004,4,4,15,2,7.78,7.85,2,2,2,2,0,2,2,2,2,2,0,10.04,1,2.38,2.83,12.55,10.43,0.92,12.1,1,1,0,1
core/src/main/java/com/alibaba/druid/mock/MockParameterMetaData.java,MockParameterMetaData.java,1,1,7,26.27,163,163,0,16,13,6,9,13,15,80.72,6,0,8,3,3,7,67.45,26.81,87.9,9,8,False,33.34,33.37,67.29,16.41,9.52,low,high,medium,0.115,115,115,15,33,78.83,27.75,0,12,9,11,15,13,1,16,7,6,2,78.77,10,24.61,63.88,91.04,45.99,3.09,97.12,7,2,26,9
core/src/main/java/com/alibaba/druid/mock/MockPreparedStatement.java,MockPreparedStatement.java,1,1,9,16.33,91,91,0,2,0,1,9,4,9,41.81,9,0,6,3,2,1,71.31,27.75,1.2,4,1,True,9.86,56.76,84.38,23.15,87.65,medium,high,medium,0.055,55,55,15,21,36.94,70.32,3,4,5,8,9,3,9,1,8,6,7,6.03,2,44.04,44.6,73.79,33.83,70.47,70.21,5,1,6,6
core/src/main/java/com/alibaba/druid/mock/MockRef.java,MockRef.java,1,1,0,27.86,50,50,0,0,4,1,3,1,3,45.48,4,3,1,2,0,4,40.93,41.98,36.26,3,5,False,26.11,29.7,44.61,18.25,15.85,medium,medium,low,0.027,27,27,15,8,41.5,47.68,5,3,4,1,3,2,0,4,3,3,2,16.46,1,17.13,12.91,11.13,7.75,21.56,27.14,3,1,5,5
core/src/main/java/com/alibaba/druid/mock/MockResultSet.java,MockResultSet.java,1,1,1,49.63,96,96,0,4,1,3,8,8,4,88.84,8,6,4,3,5,9,3.61,60.95,46.23,2,8,True,36.25,81.7,81.6,7.83,70.4,medium,medium,low,0.065,65,65,15,16,26.25,2.17,6,9,2,5,9,8,6,1,1,5,2,93.94,5,13.2,42.93,13.81,45.96,2.57,69.9,7,1,4,7
core/src/main/java/com/alibaba/druid/mock/MockResultSetMetaData.java,MockResultSetMetaData.java,1,1,1,6.63,26,26,0,1,0,2,0,2,0,1.46,3,2,1,1,1,2,16.83,25.52,17.38,2,1,True,18.88,3.89,1.09,19.94,12.83,low,high,medium,0.007,7,7,15,4,7.01,9.6,2,2,0,2,2,2,1,1,2,1,2,16.82,2,19.94,24.19,5.69,21.61,17.23,17.78,2,1,0,0
core/src/main/java/com/alibaba/druid/mock/MockRowId.java,MockRowId.java,1,1,0,29.72,39,39,0,2,2,1,2,3,3,26.91,3,1,1,2,3,0,22.29,11.23,1.33,0,2,False,1.66,13.15,10.39,2.92,3.59,low,medium,medium,0.017,17,17,15,7,11.32,35.21,2,0,3,0,0,3,0,3,1,0,0,26.52,1,38.69,11.24,6.14,38.24,2.74,37.37,0,1,1,1
core/src/main/java/com/alibaba/druid/mock/MockSQLXML.java,MockSQLXML.java,1,1,5,48.53,72,72,0,2,4,7,7,1,1,7.17,5,6,4,2,5,5,45.43,1.59,59.53,3,6,True,43.55,13.94,46.23,17.18,1.17,medium,high,low,0.045,45,45,15,12,23.36,1.76,4,1,0,7,1,6,1,3,4,7,0,47.48,0,25.4,32.55,28.61,13.47,11.83,0.93,0,1,7,7
core/src/main/java/com/alibaba/druid/mock/MockSavepoint.java,MockSavepoint.java,1,1,1,0.9,40,40,0,3,3,0,0,4,0,9.51,3,4,3,2,2,2,27.09,24.56,16.87,0,0,True,9.02,21.11,36.58,24.58,6.42,high,low,medium,0.018,18,18,15,7,8.37,8.53,3,3,1,4,3,1,4,4,3,1,3,20.62,2,6.0,5.0,9.25,36.37,25.27,10.46,1,1,4,2
core/src/main/java/com/alibaba/druid/mock/MockStatement.java,MockStatement.java,1,1,2,33.69,99,99,0,9,3,1,1,5,4,76.5,11,0,1,3,1,9,65.6,95.78,53.81,1,7,True,1.77,55.26,21.37,70.56,40.67,high,medium,high,0.063,63,63,15,21,72.59,97.83,6,2,5,3,2,4,8,8,5,7,3,67.3,4,22.83,19.99,19.08,31.83,37.67,69.6,1,1,6,4
core/src/main/java/com/alibaba/druid/mock/MockStatementBase.java,MockStatementBase.java,1,1,0,2.86,23,23,0,2,2,2,2,2,1,10.08,3,1,0,1,2,1,17.51,2.76,19.13,0,0,True,2.11,17.7,10.04,11.33,4.43,low,medium,high,0.006,6,6,15,2,7.04,8.19,0,2,0,2,1,1,0,2,2,2,0,14.76,0,18.39,17.48,19.96,2.53,12.4,8.39,2,0,0,2
core/src/main/java/com/alibaba/druid/mock/MockStruct.java,MockStruct.java,1,1,3,1.06,38,38,0,2,1,3,2,2,1,4.69,4,0,3,2,1,2,12.23,3.47,11.24,1,0,False,28.02,26.7,29.17,2.96,0.41,low,low,low,0.018,18,18,15,5,26.12,27.26,3,0,1,1,1,2,0,2,0,2,2,10.69,0,21.9,5.06,22.11,10.77,5.38,25.95,0,1,1,3
core/src/main/java/com/alibaba/druid/mock/handler/MockExecuteHandler.java,MockExecuteHandler.java,1,1,1,11.71,25,25,0,1,2,0,0,0,1,24.79,3,2,1,1,2,0,14.86,7.83,16.23,0,2,False,22.98,21.05,18.2,12.45,17.54,low,high,low,0.007,7,7,15,3,3.7,10.7,0,1,2,1,1,1,2,0,0,0,1,11.86,2,16.2,17.03,22.29,16.37,2.56,12.92,0,0,0,2
core/src/main/java/com/alibaba/druid/mock/handler/MySqlMockExecuteHandlerImpl.java,MySqlMockExecuteHandlerImpl.java,1,1,12,82.49,162,162,0,12,8,14,6,10,4,59.84,37,6,13,5,16,12,46.04,52.67,80.79,12,14,True,64.09,10.87,5.5,11.83,63.04,low,medium,medium,0.12,120,120,15,27,93.35,80.32,13,3,11,7,10,10,8,5,10,13,9,23.4,14,23.05,22.06,81.66,28.61,92.2,68.55,15,1,4,1
core/src/main/java/com/alibaba/druid/pool/DataSourceClosedException.java,DataSourceClosedException.java,1,1,0,6.07,27,27,0,2,0,2,1,1,2,8.77,3,0,2,2,1,1,19.41,10.33,4.48,2,2,False,12.2,12.11,20.3,4.29,25.2,low,high,low,0.008,8,8,15,4,26.06,5.6,1,1,0,0,0,1,0,1,0,2,2,22.56,0,24.63,10.67,6.42,10.04,2.4,14.08,1,1,0,2
core/src/main/java/com/alibaba/druid/pool/DataSourceDisableException.java,DataSourceDisableException.java,1,1,1,28.98,35,35,0,3,3,0,3,1,0,31.75,3,1,0,2,0,0,28.86,0.56,10.94,0,2,True,11.18,21.59,30.23,2.16,15.81,low,low,high,0.014,14,14,15,6,31.03,11.08,0,0,3,0,0,1,1,2,3,0,2,3.06,2,10.83,2.16,5.54,30.34,20.74,5.1,3,1,0,1
core/src/main/java/com/alibaba/druid/pool/DataSourceNotAvailableException.java,DataSourceNotAvailableException.java,1,1,0,7.65,27,27,0,1,0,0,1,1,0,0.87,3,0,0,2,2,0,19.58,8.76,8.14,2,2,True,20.7,22.14,10.96,7.19,17.33,low,medium,low,0.008,8,8,15,4,3.66,20.49,2,1,2,1,2,0,1,0,0,1,1,16.95,2,22.12,7.2,22.13,14.29,1.58,23.76,1,1,0,0
core/src/main/java/com/alibaba/druid/pool/DruidAbstractDataSource.java,DruidAbstractDataSource.java,1,1,149,20.72,2388,2388,0,110,171,186,185,199,222,85.83,100,150,236,9,219,226,96.34,96.66,80.3,86,180,True,66.34,91.07,61.29,97.86,58.48,low,high,medium,1.856,1856,1856,99,433,98.38,63.82,1,107,237,1,106,66,85,219,195,35,49,11.33,31,27.76,64.06,52.71,77.71,52.39,13.63,221,3,245,204
core/src/main/java/com/alibaba/druid/pool/DruidAbstractDataSourceMBean.java,DruidAbstractDataSourceMBean.java,1,1,12,45.42,175,175,0,3,8,0,8,5,6,27.67,4,4,0,1,14,16,43.44,70.65,33.97,13,8,True,26.49,40.18,43.91,67.21,53.65,medium,low,high,0.082,82,82,15,78,16.03,51.08,17,17,4,7,2,2,17,6,5,3,11,26.32,10,86.35,50.55,20.3,89.88,38.78,60.45,0,0,0,7
core/src/main/java/com/alibaba/druid/pool/DruidConnectionHolder.java,DruidConnectionHolder.java,1,1,27,40.34,476,476,0,23,0,45,27,25,42,5.1,51,27,41,6,15,18,28.02,51.91,92.37,28,13,False,68.29,46.9,28.66,49.56,43.52,medium,medium,low,0.374,374,374,24,78,95.5,83.43,33,30,12,25,26,35,19,40,12,33,47,29.99,11,17.71,82.81,35.38,24.54,37.23,34.56,35,1,37,7
core/src/main/java/com/alibaba/druid/pool/DruidDataSource.java,DruidDataSource.java,1,1,149,72.97,3984,3984,0,128,300,213,110,228,172,36.45,100,34,361,10,318,126,78.15,10.76,85.22,228,76,True,95.86,93.56,46.86,98.61,55.62,medium,high,low,3.236,3236,3236,115,633,64.44,92.55,95,297,299,120,66,18,381,218,227,328,78,68.4,131,96.82,81.74,76.28,57.85,21.58,68.15,185,6,139,110
core/src/main/java/com/alibaba/druid/pool/DruidDataSourceC3P0Adapter.java,DruidDataSourceC3P0Adapter.java,1,1,4,78.45,489,489,0,29,1,17,31,40,1,16.79,27,16,40,3,12,46,21.85,12.57,32.77,11,40,True,70.94,68.49,5.78,76.34,70.17,medium,high,high,0.359,359,359,18,112,11.55,74.52,41,9,37,37,0,31,6,26,48,23,23,77.38,16,34.58,0.32,89.93,0.39,17.07,36.9,31,1,97,14
core/src/main/java/com/alibaba/druid/pool/DruidDataSourceC3P0AdapterMBean.java,DruidDataSourceC3P0AdapterMBean.java,1,1,5,54.38,70,70,0,3,0,2,2,4,6,50.98,3,4,1,1,3,5,43.13,25.3,25.14,7,3,True,15.57,60.21,3.07,40.44,6.25,low,low,medium,0.028,28,28,16,26,21.24,14.82,1,1,7,6,4,5,2,6,3,3,5,5.72,1,35.14,52.12,46.26,9.86,11.85,46.79,2,0,0,6
core/src/main/java/com/alibaba/druid/pool/DruidDataSourceFactory.java,DruidDataSourceFactory.java,1,1,7,30.63,413,413,0,0,21,1,7,6,13,47.23,80,5,30,6,34,13,27.77,65.56,5.25,1,15,True,26.63,58.58,14.02,77.29,17.02,low,medium,high,0.342,342,342,17,54,14.22,10.77,24,23,27,36,30,11,16,20,22,7,2,44.49,28,8.07,65.09,74.45,34.51,16.41,67.83,38,2,2,25
core/src/main/java/com/alibaba/druid/pool/DruidDataSourceMBean.java,DruidDataSourceMBean.java,1,1,4,68.49,92,92,0,0,9,7,0,0,3,67.46,3,0,8,1,0,5,57.79,60.0,22.23,4,6,True,1.52,57.59,71.29,13.34,84.24,low,low,high,0.039,39,39,18,35,66.77,18.58,0,7,9,9,3,4,9,2,1,3,6,35.55,6,84.52,84.43,80.23,38.33,46.13,4.72,2,0,0,8
core/src/main/java/com/alibaba/druid/pool/DruidDataSourceStatLogger.java,DruidDataSourceStatLogger.java,1,1,1,10.66,38,38,0,0,3,1,2,2,0,12.7,4,3,1,1,0,0,21.4,17.36,4.31,0,1,True,12.81,24.2,1.07,29.57,35.06,low,medium,high,0.009,9,9,23,6,6.2,16.88,1,3,0,0,3,0,1,3,1,1,0,11.53,3,35.93,14.44,2.99,21.59,17.29,1.52,2,0,0,0
core/src/main/java/com/alibaba/druid/pool/DruidDataSourceStatLoggerAdapter.java,DruidDataSourceStatLoggerAdapter.java,1,1,4,38.09,43,43,0,1,0,4,1,1,4,2.54,3,3,4,1,0,4,42.8,22.03,28.4,0,2,False,33.06,31.3,30.18,22.58,14.77,low,medium,low,0.017,17,17,19,7,27.77,10.06,2,2,3,4,2,0,4,1,1,0,0,15.85,0,35.0,7.77,33.62,35.36,5.67,36.46,0,1,4,2
core/src/main/java/com/alibaba/druid/pool/DruidDataSourceStatLoggerImpl.java,DruidDataSourceStatLoggerImpl.java,1,1,23,32.59,249,249,0,24,21,11,16,6,7,77.99,40,1,19,5,10,7,95.95,66.42,90.73,24,8,True,88.58,67.7,17.5,89.24,38.34,medium,low,high,0.176,176,176,22,51,52.82,23.94,16,20,17,1,13,6,4,19,23,21,6,20.85,10,28.79,29.53,80.9,96.5,91.17,23.37,16,1,7,9
core/src/main/java/com/alibaba/druid/pool/DruidDataSourceStatValue.java,DruidDataSourceStatValue.java,1,1,54,52.01,576,576,0,41,19,22,47,3,18,24.67,5,7,53,4,51,30,45.77,23.3,52.38,54,0,False,77.1,94.64,36.41,14.69,39.25,low,low,low,0.425,425,425,16,135,41.77,94.36,40,31,6,32,38,28,30,12,46,48,24,12.99,14,12.89,87.46,35.4,40.31,77.6,22.46,0,1,97,12
core/src/main/java/com/alibaba/druid/pool/DruidPooledCallableStatement.java,DruidPooledCallableStatement.java,1,1,103,32.39,1078,1078,0,48,74,80,23,85,9,79.35,100,55,76,10,58,99,61.86,68.58,67.63,92,50,False,91.98,95.49,93.09,93.68,12.6,high,medium,high,0.936,936,936,18,124,66.16,44.37,13,5,36,31,3,25,52,80,35,60,13,44.85,3,75.98,12.65,69.19,90.05,20.64,10.79,21,1,93,78
core/src/main/java/com/alibaba/druid/pool/DruidPooledConnection.java,DruidPooledConnection.java,1,1,8,36.84,1298,1298,0,39,93,21,1,91,29,27.12,100,68,43,11,63,111,80.12,94.46,33.53,41,5,False,61.18,14.32,31.85,63.94,66.01,medium,low,high,0.985,985,985,40,273,13.02,16.29,56,105,31,7,0,111,71,121,58,2,112,51.95,104,71.64,39.71,92.74,24.57,58.92,64.98,57,1,88,114
core/src/main/java/com/alibaba/druid/pool/DruidPooledPreparedStatement.java,DruidPooledPreparedStatement.java,1,1,46,9.87,1077,1077,0,8,81,15,105,26,75,86.14,100,65,72,10,57,16,33.09,28.34,57.83,14,99,True,1.97,33.44,70.09,14.09,8.12,low,medium,low,0.854,854,854,20,203,77.39,9.81,15,52,54,96,8,44,46,107,104,14,58,14.18,42,94.57,54.18,94.52,0.32,33.73,28.64,8,2,76,51
core/src/main/java/com/alibaba/druid/pool/DruidPooledResultSet.java,DruidPooledResultSet.java,1,1,146,30.88,1770,1770,0,155,14,8,123,102,131,51.03,100,5,15,5,123,146,32.3,34.24,4.32,105,105,False,39.99,73.74,75.17,83.05,62.78,low,medium,medium,1.551,1551,1551,18,201,36.25,60.68,105,95,174,76,94,33,116,70,22,38,35,24.97,33,88.11,37.87,27.81,50.0,31.53,45.68,124,1,165,26
core/src/main/java/com/alibaba/druid/pool/DruidPooledStatement.java,DruidPooledStatement.java,1,1,65,61.3,890,890,0,49,77,57,24,89,7,59.84,100,83,53,5,88,82,67.49,25.98,81.1,42,49,False,80.13,25.44,98.16,83.36,98.92,low,medium,high,0.696,696,696,19,175,85.54,39.92,18,68,20,87,86,84,52,67,27,74,86,92.82,81,37.05,28.14,59.22,90.48,77.54,95.85,66,1,25,44
core/src/main/java/com/alibaba/druid/pool/DruidStatementConnection.java,DruidStatementConnection.java,1,1,17,25.89,333,333,0,11,11,6,1,27,21,44.62,10,18,27,3,3,12,43.55,28.98,39.34,17,4,True,39.55,94.59,3.03,4.39,43.66,high,high,medium,0.255,255,255,18,60,15.59,95.05,7,24,7,7,13,23,26,12,2,33,28,57.7,4,40.14,21.73,44.45,62.9,8.02,54.9,18,1,54,10
core/src/main/java/com/alibaba/druid/pool/ExceptionSorter.java,ExceptionSorter.java,1,1,1,1.6,34,34,0,0,1,2,2,3,3,23.13,5,1,0,1,2,3,13.54,21.9,18.35,3,0,True,20.55,6.51,24.09,22.6,17.49,medium,high,medium,0.007,7,7,24,3,21.95,3.14,1,3,0,2,2,0,1,0,3,2,0,20.2,3,24.41,9.98,17.22,29.34,28.65,22.8,3,0,0,2
core/src/main/java/com/alibaba/druid/pool/GetConnectionTimeoutException.java,GetConnectionTimeoutException.java,1,1,2,12.13,31,31,0,2,3,3,3,1,3,25.27,3,2,1,2,1,0,19.44,13.74,27.93,2,2,True,23.19,18.16,2.22,17.01,15.96,high,medium,medium,0.011,11,11,15,5,13.34,24.94,0,0,2,2,2,0,3,3,0,2,1,22.04,1,2.7,3.82,6.5,11.64,14.24,30.59,3,1,0,1
core/src/main/java/com/alibaba/druid/pool/JDBC4ValidConnectionChecker.java,JDBC4ValidConnectionChecker.java,1,1,0,16.68,41,41,0,3,0,4,1,2,1,25.86,5,3,4,3,3,3,35.93,1.11,8.95,4,3,False,2.06,13.79,6.35,18.38,10.98,low,high,high,0.016,16,16,22,3,2.69,28.18,0,4,2,0,3,2,3,4,2,3,3,28.31,1,35.81,22.32,32.82,21.07,28.13,21.22,3,1,2,1
core/src/main/java/com/alibaba/druid/pool/ManagedDataSource.java,ManagedDataSource.java,1,1,2,17.52,29,29,0,2,0,0,1,1,2,19.67,3,2,2,1,2,0,15.7,7.02,9.15,1,2,True,15.01,28.88,4.56,10.28,19.04,low,high,low,0.009,9,9,15,5,27.38,26.8,0,1,2,2,1,0,2,2,1,1,1,21.95,2,13.66,28.02,19.49,17.4,1.86,2.43,2,0,0,0
core/src/main/java/com/alibaba/druid/pool/PoolableWrapper.java,PoolableWrapper.java,1,1,9,29.18,104,104,0,8,0,1,5,9,4,0.22,34,10,9,4,3,8,46.3,63.51,16.79,8,10,False,27.56,33.06,22.19,23.71,35.75,low,medium,low,0.065,65,65,20,19,58.08,12.06,2,2,7,2,10,5,7,1,4,10,10,34.77,1,46.42,25.64,47.17,72.06,58.0,45.4,5,1,1,5
core/src/main/java/com/alibaba/druid/pool/PreparedStatementHolder.java,PreparedStatementHolder.java,1,1,5,16.51,111,111,0,2,8,5,11,1,8,0.81,4,5,9,3,2,9,39.7,55.91,56.79,1,11,True,32.09,98.94,54.04,60.77,60.25,medium,medium,medium,0.068,68,68,18,25,44.9,80.27,2,8,2,5,8,5,5,4,6,9,1,52.21,4,30.08,84.41,80.03,87.04,69.18,42.63,1,1,16,6
core/src/main/java/com/alibaba/druid/pool/PreparedStatementPool.java,PreparedStatementPool.java,1,1,11,23.43,202,202,0,7,5,9,7,9,13,90.3,42,17,7,7,0,9,76.02,89.4,46.91,10,1,True,71.79,1.62,36.75,89.02,30.99,medium,high,high,0.15,150,150,18,34,9.94,81.5,0,12,0,19,3,4,16,9,17,0,9,71.87,11,47.43,72.1,94.94,63.03,13.36,96.15,3,2,7,6
core/src/main/java/com/alibaba/druid/pool/ValidConnectionChecker.java,ValidConnectionChecker.java,1,1,2,16.48,29,29,0,2,0,0,1,1,2,26.09,4,2,2,1,2,2,0.05,3.51,18.49,0,0,True,20.76,16.17,16.75,22.66,11.22,low,medium,high,0.007,7,7,19,3,23.01,17.27,0,1,0,2,2,0,0,0,2,0,1,4.59,2,22.44,22.79,14.39,0.31,24.4,2.64,1,0,0,2
core/src/main/java/com/alibaba/druid/pool/ValidConnectionCheckerAdapter.java,ValidConnectionCheckerAdapter.java,1,1,7,11.68,82,82,0,5,3,0,7,2,6,44.61,14,0,5,4,6,4,5.77,60.75,32.17,7,2,False,42.3,54.83,11.7,48.09,79.45,medium,medium,high,0.055,55,55,20,7,28.75,34.9,4,0,0,2,6,4,8,0,4,5,3,73.13,0,81.12,9.11,62.42,59.49,53.61,42.53,2,1,2,5
core/src/main/java/com/alibaba/druid/pool/WrapperAdapter.java,WrapperAdapter.java,1,1,0,20.64,44,44,0,0,1,0,3,3,2,24.39,13,4,0,3,1,1,35.36,0.27,0.17,1,1,False,18.27,6.93,31.1,38.63,41.6,low,high,medium,0.021,21,21,15,8,13.94,26.88,1,2,4,2,2,4,3,0,3,3,4,20.51,2,39.52,15.76,16.86,29.25,32.4,34.61,2,1,1,1
core/src/main/java/com/alibaba/druid/pool/ha/DataSourceCreator.java,DataSourceCreator.java,1,1,6,13.19,78,78,0,0,3,7,0,7,6,34.3,3,3,6,10,6,5,29.51,66.76,37.82,6,4,False,60.11,21.73,5.57,66.83,65.42,high,high,low,0.044,44,44,20,14,70.59,35.59,1,5,0,5,3,2,0,6,1,6,3,51.6,5,67.54,70.53,51.06,40.2,15.27,67.93,1,2,0,6
core/src/main/java/com/alibaba/druid/pool/ha/HighAvailableDataSource.java,HighAvailableDataSource.java,1,1,32,75.53,558,558,0,35,12,40,54,35,4,67.3,40,6,17,5,53,9,34.45,85.57,47.22,13,3,False,39.91,50.19,97.18,10.03,65.7,high,medium,medium,0.424,424,424,27,107,6.23,8.33,35,39,45,54,2,23,28,48,29,12,15,46.66,47,19.8,90.84,48.91,32.75,81.87,81.76,30,2,83,47
core/src/main/java/com/alibaba/druid/pool/ha/PropertiesUtils.java,PropertiesUtils.java,1,1,3,40.25,112,112,0,11,10,4,5,8,4,32.31,29,0,4,5,0,7,68.46,64.45,51.51,3,5,False,74.32,33.08,44.37,87.52,7.41,low,high,medium,0.077,77,77,26,9,84.89,62.32,8,1,9,9,10,5,3,9,2,2,1,95.62,4,1.75,87.54,77.07,64.68,44.05,94.52,9,1,0,0
core/src/main/java/com/alibaba/druid/pool/ha/node/FileNodeListener.java,FileNodeListener.java,1,1,11,43.12,151,151,0,0,12,12,12,12,15,49.98,32,1,12,5,15,1,25.03,10.88,73.31,4,15,True,9.13,24.23,82.69,59.87,20.24,low,high,low,0.105,105,105,34,12,94.54,98.07,2,13,0,3,8,15,13,11,15,5,4,6.01,14,89.35,31.09,4.66,48.49,63.67,75.58,5,1,7,10
core/src/main/java/com/alibaba/druid/pool/ha/node/NodeEvent.java,NodeEvent.java,1,1,7,49.41,132,132,0,8,4,10,1,11,11,31.17,15,5,5,4,2,1,31.38,52.7,51.08,5,1,False,45.01,19.78,94.16,34.75,28.27,medium,medium,high,0.088,88,88,25,19,76.74,26.16,4,1,13,11,8,2,0,2,0,13,13,19.33,10,98.01,34.6,34.94,75.31,14.89,66.18,9,1,11,11
core/src/main/java/com/alibaba/druid/pool/ha/node/NodeEventTypeEnum.java,NodeEventTypeEnum.java,1,1,1,15.11,25,25,0,0,2,1,0,2,2,19.81,4,1,0,1,0,2,12.93,12.85,3.05,0,0,False,8.94,20.83,19.97,4.39,12.68,medium,medium,medium,0.004,4,4,20,1,14.72,17.53,1,2,0,2,1,2,2,2,2,0,0,9.51,0,21.76,10.01,19.33,21.55,0.0,16.19,0,0,0,1
core/src/main/java/com/alibaba/druid/pool/ha/node/NodeListener.java,NodeListener.java,1,1,2,59.79,116,116,0,8,3,10,5,0,3,8.42,11,5,1,4,8,4,30.08,44.79,23.29,7,0,False,32.12,60.35,38.77,35.5,54.67,high,low,low,0.058,58,58,41,17,52.03,42.86,10,10,3,9,6,11,6,10,0,5,5,50.42,1,39.85,68.95,15.43,31.87,97.78,23.23,2,2,11,5
core/src/main/java/com/alibaba/druid/pool/ha/node/PoolUpdater.java,PoolUpdater.java,1,1,25,28.42,270,270,0,6,8,12,27,17,15,80.92,54,17,27,9,14,26,12.72,7.23,94.39,16,0,False,51.31,30.7,59.16,17.04,72.04,low,medium,medium,0.214,214,214,29,27,52.03,76.55,20,18,7,24,17,17,2,9,11,13,4,62.81,22,27.88,77.73,25.05,3.36,12.6,93.55,25,1,16,21
core/src/main/java/com/alibaba/druid/pool/ha/node/ZookeeperNodeInfo.java,ZookeeperNodeInfo.java,1,1,3,5.28,89,89,0,2,6,8,6,6,4,73.67,7,1,3,4,7,4,80.74,62.61,34.74,2,5,False,0.45,30.11,41.23,38.72,83.62,high,low,high,0.05,50,50,26,13,78.27,1.91,7,0,4,6,6,5,7,3,8,4,7,5.64,5,33.91,82.32,23.52,54.48,86.28,5.16,8,1,12,1
core/src/main/java/com/alibaba/druid/pool/ha/node/ZookeeperNodeListener.java,ZookeeperNodeListener.java,1,1,2,69.59,327,327,0,15,15,32,9,22,21,83.43,57,12,8,7,23,21,27.06,56.19,44.03,13,8,False,90.05,87.34,93.96,4.06,34.96,high,high,high,0.24,240,240,65,22,19.99,11.84,24,7,2,3,6,12,3,24,28,19,3,97.51,5,39.55,7.01,88.69,96.38,83.77,30.08,23,1,18,9
core/src/main/java/com/alibaba/druid/pool/ha/node/ZookeeperNodeRegister.java,ZookeeperNodeRegister.java,1,1,13,51.74,179,179,0,4,2,1,1,8,6,97.54,34,0,4,5,5,3,53.92,84.34,55.2,7,5,True,47.68,25.07,82.51,26.66,45.9,high,medium,low,0.124,124,124,40,15,73.74,37.86,7,16,13,11,15,13,3,2,13,6,6,22.87,14,28.72,71.2,47.16,86.4,68.2,35.93,15,1,12,3
core/src/main/java/com/alibaba/druid/pool/ha/selector/DataSourceSelector.java,DataSourceSelector.java,1,1,4,5.25,53,53,0,4,0,5,5,4,3,7.99,5,5,1,1,1,1,29.98,21.76,52.95,3,5,True,4.05,28.13,7.47,12.0,0.45,medium,medium,high,0.009,9,9,38,6,31.85,29.66,4,3,5,3,5,1,4,5,0,1,4,12.5,3,41.32,3.04,25.29,23.13,39.69,49.87,0,0,0,5
core/src/main/java/com/alibaba/druid/pool/ha/selector/DataSourceSelectorEnum.java,DataSourceSelectorEnum.java,1,1,4,41.67,68,68,0,2,1,1,3,5,5,33.24,11,3,3,3,2,0,35.97,55.26,66.66,5,0,True,31.1,33.25,56.94,40.27,60.19,low,high,high,0.035,35,35,25,8,20.59,27.21,0,1,5,3,6,1,5,5,0,2,4,0.44,4,65.69,7.57,16.46,23.24,33.42,61.02,0,0,2,5
core/src/main/java/com/alibaba/druid/pool/ha/selector/DataSourceSelectorFactory.java,DataSourceSelectorFactory.java,1,1,3,32.93,39,39,0,0,0,0,3,3,0,29.43,7,2,0,4,2,0,23.42,31.37,37.5,2,0,True,36.06,38.44,21.34,35.55,2.17,high,medium,high,0.012,12,12,25,2,6.71,7.03,0,3,2,3,1,1,2,2,0,1,2,14.88,0,16.55,13.12,6.46,12.97,26.08,38.47,1,1,0,0
core/src/main/java/com/alibaba/druid/pool/ha/selector/NamedDataSourceSelector.java,NamedDataSourceSelector.java,1,1,3,7.06,98,98,0,1,4,8,8,8,8,56.46,11,3,0,4,4,6,42.32,87.76,2.36,8,3,True,44.77,16.91,91.17,84.72,31.23,medium,high,high,0.063,63,63,20,15,44.28,93.23,6,6,5,9,0,9,3,2,6,4,4,64.43,3,26.61,74.1,53.37,12.96,0.05,28.01,8,1,9,0
core/src/main/java/com/alibaba/druid/pool/ha/selector/RandomDataSourceRecoverThread.java,RandomDataSourceRecoverThread.java,1,1,12,12.73,126,126,0,0,5,7,7,6,6,28.93,27,8,9,6,3,4,67.58,45.21,4.04,11,8,True,26.2,3.53,47.37,31.06,58.52,high,low,low,0.088,88,88,22,16,48.68,87.06,0,8,8,0,7,8,9,7,12,3,12,40.01,7,7.51,45.41,58.81,0.12,85.02,72.62,6,1,10,2
core/src/main/java/com/alibaba/druid/pool/ha/selector/RandomDataSourceSelector.java,RandomDataSourceSelector.java,1,1,22,16.29,293,293,0,15,14,16,1,9,17,8.57,44,11,28,5,5,14,31.37,82.45,62.71,7,18,True,40.96,69.78,53.74,20.97,43.76,medium,low,low,0.228,228,228,24,41,76.93,90.63,28,26,26,11,10,3,6,13,6,27,25,47.63,4,48.92,40.27,45.62,97.59,99.79,65.03,29,1,26,9
core/src/main/java/com/alibaba/druid/pool/ha/selector/RandomDataSourceValidateFilter.java,RandomDataSourceValidateFilter.java,1,1,3,9.42,53,53,0,3,4,2,2,3,2,49.06,4,1,4,3,0,4,7.95,37.51,4.99,5,5,False,19.2,10.68,29.48,3.71,33.56,medium,medium,high,0.027,27,27,20,6,28.67,35.94,0,3,2,3,5,0,4,2,5,4,3,28.92,0,46.4,45.09,20.56,18.27,5.67,29.19,3,1,5,3
core/src/main/java/com/alibaba/druid/pool/ha/selector/RandomDataSourceValidateThread.java,RandomDataSourceValidateThread.java,1,1,19,12.09,314,314,0,17,12,28,20,2,31,99.46,74,10,3,7,30,0,99.72,71.56,97.11,14,25,False,76.04,83.7,74.91,0.64,67.26,medium,high,high,0.253,253,253,26,35,88.19,98.99,2,9,29,22,1,11,8,23,4,3,20,65.18,25,26.56,50.46,31.98,31.38,26.37,78.94,31,1,18,22
core/src/main/java/com/alibaba/druid/pool/ha/selector/StickyDataSourceHolder.java,StickyDataSourceHolder.java,1,1,2,10.54,55,55,0,4,4,1,5,0,1,40.99,4,0,0,2,0,4,44.7,1.0,11.76,0,2,False,32.96,13.23,47.88,35.47,26.15,medium,low,medium,0.026,26,26,20,9,30.54,15.56,3,3,3,5,5,0,2,2,1,3,4,49.79,1,52.22,43.68,22.27,48.02,0.85,14.59,5,2,5,3
core/src/main/java/com/alibaba/druid/pool/ha/selector/StickyRandomDataSourceSelector.java,StickyRandomDataSourceSelector.java,1,1,3,60.53,93,93,0,9,5,4,3,3,7,11.09,14,2,0,4,2,3,86.12,7.62,70.87,1,0,True,64.64,48.63,38.11,7.71,54.81,high,high,high,0.058,58,58,22,13,91.15,39.5,4,3,0,6,7,5,9,4,9,4,6,32.0,8,36.6,29.02,81.57,35.96,80.76,23.19,7,1,7,5
core/src/main/java/com/alibaba/druid/pool/vendor/AbstractOracleExceptionSorter.java,AbstractOracleExceptionSorter.java,1,1,3,11.72,38,38,0,3,1,2,0,2,1,5.47,8,2,2,6,0,1,33.74,6.36,22.64,1,3,False,19.24,22.2,37.49,13.83,12.31,high,low,medium,0.031,31,31,3,4,6.35,35.02,3,0,0,2,0,2,2,1,1,3,2,17.46,2,30.05,11.03,18.01,22.47,11.03,32.29,1,1,1,0
core/src/main/java/com/alibaba/druid/pool/vendor/DB2ExceptionSorter.java,DB2ExceptionSorter.java,1,1,5,35.2,58,58,0,2,3,0,4,5,4,49.54,14,5,2,4,1,3,27.95,40.66,36.06,4,5,False,48.79,8.65,53.22,5.19,43.88,high,high,high,0.035,35,35,16,7,49.04,49.98,2,0,5,5,5,3,4,3,3,4,5,44.88,1,39.9,41.35,34.37,6.13,0.32,25.41,0,1,2,5
core/src/main/java/com/alibaba/druid/pool/vendor/InformixExceptionSorter.java,InformixExceptionSorter.java,1,1,2,10.81,61,61,0,3,6,3,1,2,4,11.78,24,5,0,4,6,3,54.84,41.63,34.87,1,6,True,47.18,40.49,8.23,13.99,3.57,medium,medium,high,0.037,37,37,15,9,12.92,29.05,2,5,4,2,0,3,4,0,3,4,3,44.4,5,52.71,56.37,22.41,32.88,3.87,1.54,4,1,2,6
core/src/main/java/com/alibaba/druid/pool/vendor/MSSQLValidConnectionChecker.java,MSSQLValidConnectionChecker.java,1,1,3,40.88,49,49,0,0,3,4,3,4,0,43.11,5,4,4,9,0,1,13.35,2.19,25.8,2,1,True,46.08,18.78,19.6,30.04,27.98,high,medium,high,0.023,23,23,18,8,4.87,8.58,1,4,0,4,4,1,3,4,3,4,0,33.37,2,34.99,32.75,10.45,29.1,30.42,7.7,3,1,1,4
core/src/main/java/com/alibaba/druid/pool/vendor/MockExceptionSorter.java,MockExceptionSorter.java,1,1,0,16.67,38,38,0,3,3,2,0,0,3,16.98,3,1,0,2,1,0,32.15,28.06,30.19,3,3,False,16.37,22.65,3.37,12.26,10.15,low,medium,low,0.017,17,17,15,6,27.0,6.98,2,1,0,0,2,2,1,3,2,1,2,31.8,0,34.39,3.79,20.97,8.87,7.03,35.13,2,1,2,1
core/src/main/java/com/alibaba/druid/pool/vendor/MySqlExceptionSorter.java,MySqlExceptionSorter.java,1,1,7,73.13,119,119,0,7,1,2,11,10,11,60.69,43,10,2,5,6,7,0.54,0.16,23.0,7,0,True,63.22,4.25,16.1,15.92,60.25,high,high,medium,0.079,79,79,21,19,71.51,43.09,7,9,2,2,10,8,5,1,2,8,1,86.19,0,95.39,79.83,92.9,55.15,74.74,1.3,11,1,2,11
core/src/main/java/com/alibaba/druid/pool/vendor/MySqlValidConnectionChecker.java,MySqlValidConnectionChecker.java,1,1,1,54.37,86,86,0,2,8,0,5,6,0,0.52,12,1,0,9,8,8,2.8,4.73,30.12,1,0,False,31.66,14.27,1.82,31.67,37.13,low,medium,high,0.048,48,48,24,14,74.56,70.02,8,5,3,8,6,5,7,3,7,0,5,59.88,5,59.21,47.03,84.81,28.04,78.42,72.22,0,1,4,1
core/src/main/java/com/alibaba/druid/pool/vendor/NullExceptionSorter.java,NullExceptionSorter.java,1,1,2,5.99,37,37,0,1,3,3,2,3,0,33.19,3,2,3,2,1,1,10.37,36.0,9.49,1,3,True,2.23,32.53,21.37,34.21,20.37,low,high,low,0.016,16,16,15,6,32.82,10.04,0,1,1,2,2,1,3,2,2,3,1,32.65,2,8.43,7.51,16.8,16.87,5.44,10.3,2,1,2,2
core/src/main/java/com/alibaba/druid/pool/vendor/OceanBaseOracleExceptionSorter.java,OceanBaseOracleExceptionSorter.java,1,1,7,72.5,118,118,0,10,5,3,1,0,9,73.31,81,10,6,5,3,2,9.75,51.83,31.56,2,1,True,84.71,72.03,34.12,75.76,9.16,low,low,low,0.104,104,104,7,7,44.11,31.08,2,11,2,10,11,8,10,3,9,1,11,7.68,8,1.22,73.54,91.44,36.71,33.47,78.09,7,1,2,8
core/src/main/java/com/alibaba/druid/pool/vendor/OceanBaseValidConnectionChecker.java,OceanBaseValidConnectionChecker.java,1,1,0,33.21,64,64,0,3,0,5,4,4,6,36.26,9,1,4,9,3,0,40.84,20.21,23.36,6,4,True,30.08,0.79,18.14,12.22,17.18,medium,low,low,0.034,34,34,22,8,12.54,52.58,0,4,3,2,3,1,0,6,3,2,0,41.87,0,54.76,20.68,17.22,22.4,50.19,40.38,4,1,1,1
core/src/main/java/com/alibaba/druid/pool/vendor/OracleExceptionSorter.java,OracleExceptionSorter.java,1,1,3,30.97,133,133,0,9,1,5,7,12,8,84.58,77,9,2,5,13,0,82.68,85.37,54.48,8,11,True,23.51,80.87,43.03,27.21,22.45,high,low,medium,0.092,92,92,24,17,18.78,15.64,7,6,13,7,12,4,13,8,11,6,1,23.57,1,33.9,71.42,85.97,79.34,42.3,73.36,4,1,2,6
core/src/main/java/com/alibaba/druid/pool/vendor/OracleValidConnectionChecker.java,OracleValidConnectionChecker.java,1,1,3,63.37,69,69,0,5,2,6,6,6,4,8.36,9,3,0,9,3,2,21.95,1.01,65.16,3,5,True,53.83,1.91,7.18,33.9,18.33,high,high,high,0.041,41,41,15,13,61.66,53.7,1,0,0,6,6,0,5,5,0,3,3,1.31,2,9.19,1.17,62.93,26.44,54.6,37.51,4,1,3,5
core/src/main/java/com/alibaba/druid/pool/vendor/PGExceptionSorter.java,PGExceptionSorter.java,1,1,1,25.48,48,48,0,3,3,4,3,1,2,34.59,6,4,2,3,1,4,31.16,24.29,22.47,2,2,False,30.56,4.03,47.23,34.82,35.08,low,medium,medium,0.024,24,24,16,8,8.5,42.37,2,3,1,1,1,1,4,1,1,0,2,3.44,1,33.08,23.88,29.34,41.12,31.59,28.02,0,1,2,0
core/src/main/java/com/alibaba/druid/pool/vendor/PGValidConnectionChecker.java,PGValidConnectionChecker.java,1,1,0,29.05,50,50,0,4,1,3,2,2,3,15.04,5,4,5,9,5,0,7.5,17.79,25.75,4,5,False,5.43,16.99,18.35,21.52,2.98,high,high,high,0.024,24,24,18,8,6.3,24.65,2,3,0,0,2,5,1,5,2,2,1,19.92,3,36.95,34.73,10.45,26.39,10.65,13.03,2,1,1,2
core/src/main/java/com/alibaba/druid/pool/vendor/PhoenixExceptionSorter.java,PhoenixExceptionSorter.java,1,1,4,24.39,48,48,0,3,2,2,0,3,1,38.68,4,0,0,3,3,4,7.54,28.28,17.44,0,1,True,1.48,43.33,14.33,7.74,37.31,high,medium,low,0.02,20,20,21,7,21.77,46.35,4,3,0,2,3,4,3,3,1,1,1,21.56,3,12.16,34.62,43.75,41.8,42.87,18.85,3,1,2,4
core/src/main/java/com/alibaba/druid/pool/vendor/SybaseExceptionSorter.java,SybaseExceptionSorter.java,1,1,3,0.14,56,56,0,5,3,3,3,5,4,28.11,7,1,0,4,0,1,23.26,49.53,3.01,3,1,False,54.48,4.09,21.99,0.72,43.03,medium,low,medium,0.031,31,31,15,10,21.2,13.94,2,2,3,5,5,0,0,3,0,2,1,32.89,3,43.74,20.06,4.24,7.19,27.73,47.94,1,1,2,0
core/src/main/java/com/alibaba/druid/pool/xa/DruidPooledXAConnection.java,DruidPooledXAConnection.java,1,1,6,36.47,73,73,0,3,2,0,0,6,0,69.25,3,0,4,2,4,5,64.2,17.94,41.63,4,7,True,15.44,20.79,51.89,27.19,33.35,high,medium,low,0.044,44,44,15,14,11.03,49.35,0,3,2,1,0,2,2,2,6,1,4,7.7,1,34.02,2.41,0.33,20.07,18.4,6.11,6,1,7,4
core/src/main/java/com/alibaba/druid/pool/xa/DruidXADataSource.java,DruidXADataSource.java,1,1,5,91.56,102,102,0,9,9,6,0,3,8,86.11,16,9,1,5,4,10,3.14,28.85,19.01,9,5,True,39.53,32.68,30.98,58.11,75.09,medium,low,high,0.069,69,69,15,18,0.57,84.8,4,2,10,0,1,4,6,5,8,8,9,81.34,7,77.93,38.9,18.23,2.27,0.39,76.31,4,1,4,2
core/src/main/java/com/alibaba/druid/pool/xa/JtdsXAConnection.java,JtdsXAConnection.java,1,1,0,15.47,82,82,0,2,3,1,7,2,1,49.39,6,6,3,3,2,6,78.57,0.28,39.39,0,7,False,81.37,67.64,73.61,16.45,11.95,medium,high,high,0.05,50,50,16,16,80.92,26.43,5,0,8,5,5,5,1,0,5,8,7,7.31,4,56.32,63.02,55.48,4.12,56.45,60.74,8,1,7,6
core/src/main/java/com/alibaba/druid/pool/xa/JtdsXAResource.java,JtdsXAResource.java,1,1,11,96.56,122,122,0,1,2,10,3,0,11,64.06,14,10,8,4,9,10,80.24,37.46,48.48,8,12,False,4.58,92.03,2.4,67.14,85.32,high,medium,medium,0.085,85,85,15,22,94.72,27.77,8,1,3,10,9,6,2,12,4,9,0,11.08,12,57.64,2.47,40.86,96.24,44.07,57.96,4,1,11,12
core/src/main/java/com/alibaba/druid/proxy/DruidDriver.java,DruidDriver.java,1,1,29,77.69,323,323,0,6,7,18,10,18,0,19.02,40,27,18,6,5,31,41.61,80.91,30.38,20,26,False,39.2,3.22,41.81,21.96,3.04,medium,high,medium,0.243,243,243,26,54,52.88,1.74,21,24,2,28,20,28,5,29,8,22,15,19.92,6,26.78,90.49,16.31,94.64,44.11,66.2,21,2,11,10
core/src/main/java/com/alibaba/druid/proxy/DruidDriverMBean.java,DruidDriverMBean.java,1,1,3,26.24,37,37,0,2,0,0,1,0,0,14.35,3,3,0,1,0,2,3.57,12.03,5.91,0,3,True,25.31,30.65,36.04,33.86,6.48,high,medium,high,0.011,11,11,18,8,10.81,27.65,3,2,1,2,2,0,1,1,2,2,0,0.42,0,22.62,9.58,18.46,4.93,12.84,33.25,3,0,0,0
core/src/main/java/com/alibaba/druid/proxy/jdbc/CallableStatementProxy.java,CallableStatementProxy.java,1,1,2,14.43,25,25,0,1,2,2,2,1,0,4.53,3,1,0,1,1,1,24.43,20.2,24.78,1,1,True,1.74,13.64,24.21,23.3,10.8,high,low,high,0.005,5,5,18,2,7.33,12.28,1,0,2,2,0,0,0,0,2,0,2,5.18,0,13.53,17.93,16.73,3.73,10.4,6.47,2,0,0,1
core/src/main/java/com/alibaba/druid/proxy/jdbc/CallableStatementProxyImpl.java,CallableStatementProxyImpl.java,1,1,83,60.63,895,895,0,5,29,70,18,23,54,27.17,11,43,68,3,56,67,14.78,2.14,60.08,59,86,False,30.41,42.4,27.57,2.07,39.83,low,low,low,0.757,757,757,18,120,36.84,1.4,63,84,0,78,2,58,6,24,86,13,19,90.58,19,7.66,48.72,48.85,64.69,20.65,53.28,67,1,92,54
core/src/main/java/com/alibaba/druid/proxy/jdbc/ClobProxy.java,ClobProxy.java,1,1,2,20.75,27,27,0,0,0,0,1,1,2,14.58,3,0,0,1,0,1,8.17,26.14,3.66,1,0,False,16.73,25.89,20.3,7.69,14.76,low,low,high,0.006,6,6,18,3,12.75,5.41,1,1,2,2,1,0,0,0,0,0,1,4.87,2,5.99,19.65,1.68,3.14,0.69,20.32,1,0,0,2
core/src/main/java/com/alibaba/druid/proxy/jdbc/ClobProxyImpl.java,ClobProxyImpl.java,1,1,10,99.79,129,129,0,1,9,9,8,10,8,98.02,4,2,12,3,4,1,24.53,31.9,93.68,0,1,False,39.34,49.86,36.39,8.96,11.77,low,low,low,0.087,87,87,18,24,11.96,39.68,6,10,5,5,4,1,1,12,10,6,3,28.4,6,15.59,76.53,59.64,61.41,84.22,24.41,9,1,17,3
core/src/main/java/com/alibaba/druid/proxy/jdbc/ConnectionProxy.java,ConnectionProxy.java,1,1,3,2.44,39,39,0,1,0,3,0,3,0,27.02,3,0,0,1,3,2,12.17,6.05,15.55,3,0,False,32.41,24.24,30.37,22.79,2.84,medium,low,low,0.013,13,13,18,8,22.12,37.46,2,1,2,0,0,0,0,2,3,3,1,17.6,1,17.62,27.63,0.44,24.57,32.05,5.86,1,0,0,2
core/src/main/java/com/alibaba/druid/proxy/jdbc/ConnectionProxyImpl.java,ConnectionProxyImpl.java,1,1,55,63.28,553,553,0,19,27,1,5,20,31,13.09,21,30,46,11,10,45,72.92,20.84,36.92,17,20,False,84.67,36.18,73.27,24.93,22.35,medium,low,low,0.455,455,455,18,80,14.74,12.03,15,39,35,27,9,7,27,42,13,48,18,73.0,5,52.27,29.76,4.74,49.17,86.29,98.28,14,1,63,28
core/src/main/java/com/alibaba/druid/proxy/jdbc/DataSourceProxy.java,DataSourceProxy.java,1,1,2,22.21,55,55,0,3,4,2,5,2,5,26.21,3,4,5,1,4,0,49.95,16.75,3.51,5,5,True,4.85,54.47,47.53,40.56,16.64,high,medium,high,0.022,22,22,18,15,41.51,29.8,4,5,5,5,5,0,0,3,2,0,5,37.37,3,44.34,39.88,0.05,18.23,51.2,22.93,2,0,0,2
core/src/main/java/com/alibaba/druid/proxy/jdbc/DataSourceProxyConfig.java,DataSourceProxyConfig.java,1,1,10,44.26,106,106,0,9,2,9,1,4,9,27.65,3,2,0,2,7,10,99.59,9.5,56.97,0,10,False,61.5,73.21,11.26,96.92,45.16,low,high,low,0.066,66,66,18,22,10.67,59.45,10,4,1,6,4,9,4,4,5,3,4,49.81,10,17.55,83.72,45.67,42.9,63.55,84.13,2,1,15,3
core/src/main/java/com/alibaba/druid/proxy/jdbc/DataSourceProxyImpl.java,DataSourceProxyImpl.java,1,1,24,71.82,378,378,0,12,15,18,24,18,0,88.18,20,36,7,4,32,7,37.06,1.11,63.66,8,30,True,7.27,66.53,52.34,21.13,57.74,low,high,medium,0.289,289,289,18,71,81.52,33.39,35,5,24,36,22,10,25,4,1,24,8,87.93,25,1.56,97.86,12.4,56.16,75.78,88.72,0,1,25,27
core/src/main/java/com/alibaba/druid/proxy/jdbc/DataSourceProxyImplMBean.java,DataSourceProxyImplMBean.java,1,1,2,37.95,41,41,0,2,3,0,4,2,4,37.37,3,3,3,1,2,3,37.74,8.01,12.61,1,3,True,19.71,1.34,33.74,1.04,0.65,medium,low,high,0.013,13,13,18,10,12.81,28.44,3,3,2,1,0,2,1,1,0,2,0,14.77,1,14.61,12.83,34.53,1.09,22.02,36.13,1,0,0,1
core/src/main/java/com/alibaba/druid/proxy/jdbc/DatabaseMetaDataProxyImpl.java,DatabaseMetaDataProxyImpl.java,1,1,45,15.26,950,950,0,34,40,45,86,85,68,39.9,43,60,76,10,10,89,5.88,76.6,42.19,20,6,True,61.46,56.0,98.85,76.26,50.54,low,low,low,0.753,753,753,18,179,73.12,23.07,91,90,3,53,20,83,37,70,87,11,57,56.46,75,13.56,86.95,35.53,45.27,3.18,91.44,51,1,175,3
core/src/main/java/com/alibaba/druid/proxy/jdbc/JdbcParameter.java,JdbcParameter.java,1,1,0,1.07,48,48,0,3,3,2,4,1,0,20.95,3,1,4,2,1,4,44.76,41.75,8.43,0,2,False,29.65,10.16,5.75,28.64,0.06,high,high,medium,0.022,22,22,18,8,32.0,31.19,0,0,0,2,0,1,1,3,0,2,0,25.48,1,2.58,12.67,20.79,2.66,37.07,32.85,0,0,0,2
core/src/main/java/com/alibaba/druid/proxy/jdbc/JdbcParameterDate.java,JdbcParameterDate.java,1,1,3,37.21,49,49,0,2,4,4,4,3,0,1.63,3,4,1,2,3,0,11.75,23.43,19.03,0,4,False,41.57,27.99,46.3,8.61,25.34,high,high,medium,0.026,26,26,15,8,33.11,47.52,0,2,4,2,1,4,0,4,0,2,3,35.45,4,28.89,3.09,23.32,1.54,22.55,45.28,1,1,4,2
core/src/main/java/com/alibaba/druid/proxy/jdbc/JdbcParameterDecimal.java,JdbcParameterDecimal.java,1,1,5,14.33,69,69,0,2,4,6,5,5,4,41.08,6,3,1,3,2,0,17.46,29.91,2.16,6,6,False,27.83,46.94,32.42,44.6,46.32,high,low,low,0.041,41,41,15,13,6.98,63.42,2,4,5,0,4,5,3,1,6,0,6,11.87,0,13.8,3.63,41.2,9.22,55.62,10.98,1,1,4,4
core/src/main/java/com/alibaba/druid/proxy/jdbc/JdbcParameterImpl.java,JdbcParameterImpl.java,1,1,7,8.16,70,70,0,0,2,0,7,7,1,16.76,3,5,7,2,0,4,52.63,55.11,33.82,6,5,False,36.15,5.97,23.36,30.8,9.65,low,low,medium,0.043,43,43,15,12,43.01,36.03,0,4,3,1,1,5,3,3,6,1,0,8.75,0,39.8,13.05,61.54,36.13,22.66,48.25,2,1,5,7
core/src/main/java/com/alibaba/druid/proxy/jdbc/JdbcParameterInt.java,JdbcParameterInt.java,1,1,3,53.53,66,66,0,5,4,5,4,2,2,42.44,6,0,4,3,6,0,9.8,48.64,14.03,0,4,True,63.37,38.48,59.56,13.3,44.05,medium,low,low,0.039,39,39,15,12,42.25,59.54,5,2,2,2,4,4,6,6,3,1,5,56.46,0,6.51,19.62,15.88,63.08,19.7,35.75,6,1,4,6
core/src/main/java/com/alibaba/druid/proxy/jdbc/JdbcParameterLong.java,JdbcParameterLong.java,1,1,3,43.63,66,66,0,3,0,1,4,0,3,41.95,6,3,1,3,6,3,22.06,6.68,44.61,0,6,False,60.54,5.61,10.48,59.75,3.47,low,high,high,0.039,39,39,15,12,13.7,3.5,4,6,5,0,1,0,2,0,2,0,5,63.22,3,24.9,50.64,30.47,33.96,33.22,29.62,2,1,4,3
core/src/main/java/com/alibaba/druid/proxy/jdbc/JdbcParameterNull.java,JdbcParameterNull.java,1,1,1,82.54,117,117,0,2,6,10,4,9,0,98.67,20,10,11,4,7,8,71.47,29.03,78.8,9,8,True,86.35,84.55,3.69,6.07,44.01,low,low,high,0.082,82,82,15,20,84.32,70.54,3,5,1,0,6,8,5,10,4,7,9,13.87,10,96.09,27.57,89.72,27.51,50.37,95.91,7,1,4,0
core/src/main/java/com/alibaba/druid/proxy/jdbc/JdbcParameterString.java,JdbcParameterString.java,1,1,0,35.2,50,50,0,5,5,5,2,0,1,9.73,3,1,3,2,1,3,26.92,29.13,31.5,2,2,True,25.58,15.16,0.27,8.88,39.26,high,high,medium,0.026,26,26,15,9,9.2,32.95,3,2,4,5,3,0,4,4,4,1,5,48.21,2,16.04,36.65,24.66,33.78,18.14,0.18,1,1,4,0
core/src/main/java/com/alibaba/druid/proxy/jdbc/JdbcParameterTimestamp.java,JdbcParameterTimestamp.java,1,1,1,28.26,49,49,0,2,0,3,0,3,1,6.36,3,3,2,2,4,3,12.77,44.15,41.33,3,4,True,46.64,41.74,1.53,36.27,35.94,high,high,high,0.026,26,26,15,8,31.24,27.52,0,4,2,2,4,0,4,2,2,1,4,47.86,3,2.4,38.51,29.27,44.48,48.37,43.66,0,1,4,4
core/src/main/java/com/alibaba/druid/proxy/jdbc/NClobProxy.java,NClobProxy.java,1,1,0,14.41,22,22,0,1,0,2,0,1,2,7.55,3,1,0,1,0,0,8.02,21.38,0.73,0,2,False,1.5,13.73,0.96,10.48,13.89,medium,high,high,0.005,5,5,15,2,15.39,10.14,1,1,2,0,0,2,1,1,2,2,2,3.8,0,16.54,6.39,21.39,13.55,8.65,8.49,0,0,0,2
core/src/main/java/com/alibaba/druid/proxy/jdbc/NClobProxyImpl.java,NClobProxyImpl.java,1,1,3,0.77,32,32,0,1,1,2,1,1,3,9.94,3,3,3,2,0,0,26.87,18.22,31.52,2,0,False,25.25,11.62,17.67,30.52,14.98,medium,medium,low,0.013,13,13,15,4,9.74,15.06,1,1,0,1,3,2,3,2,2,1,0,20.65,0,6.67,17.12,9.82,0.37,12.37,21.0,3,1,1,1
core/src/main/java/com/alibaba/druid/proxy/jdbc/PreparedStatementProxy.java,PreparedStatementProxy.java,1,1,0,7.48,30,30,0,0,1,0,0,1,0,28.89,3,3,3,1,3,1,29.07,25.91,0.36,2,2,True,19.31,17.31,17.4,29.9,1.0,low,high,low,0.008,8,8,18,4,19.62,15.07,2,2,2,0,3,2,3,0,0,1,3,4.63,0,6.34,11.69,13.99,23.89,2.37,7.48,1,0,0,1
core/src/main/java/com/alibaba/druid/proxy/jdbc/PreparedStatementProxyImpl.java,PreparedStatementProxyImpl.java,1,1,57,74.02,895,895,0,85,6,33,63,36,79,87.35,69,39,65,5,81,7,71.17,5.21,82.87,22,58,True,36.28,36.45,77.67,32.94,11.73,medium,medium,medium,0.7,700,700,18,177,66.29,83.07,48,23,76,44,22,52,14,63,25,50,5,27.59,39,77.9,54.15,18.13,52.58,63.88,80.29,22,1,76,57
core/src/main/java/com/alibaba/druid/proxy/jdbc/ResultSetMetaDataProxy.java,ResultSetMetaDataProxy.java,1,1,2,9.51,29,29,0,1,0,0,1,0,0,8.86,3,1,1,1,1,0,0.46,28.67,8.96,1,0,False,23.89,10.11,9.17,8.46,13.23,low,medium,medium,0.006,6,6,18,5,13.42,13.62,2,0,1,1,2,2,2,1,2,2,2,28.37,1,12.99,18.07,19.56,15.43,13.78,0.71,0,0,0,0
core/src/main/java/com/alibaba/druid/proxy/jdbc/ResultSetMetaDataProxyImpl.java,ResultSetMetaDataProxyImpl.java,1,1,11,18.92,233,233,0,13,21,8,13,21,14,25.03,5,11,0,3,0,12,20.01,91.28,54.81,18,22,True,42.4,4.23,72.78,67.11,38.95,medium,high,high,0.182,182,182,18,33,9.09,5.18,12,7,21,21,2,10,17,12,23,23,2,68.58,7,50.79,59.28,85.53,76.31,21.23,12.54,14,1,25,14
core/src/main/java/com/alibaba/druid/proxy/jdbc/ResultSetProxy.java,ResultSetProxy.java,1,1,0,28.97,78,78,0,4,4,1,5,4,4,48.48,3,3,1,1,7,5,41.03,67.83,27.79,7,2,True,13.95,68.24,34.36,54.73,14.03,medium,medium,medium,0.032,32,32,18,28,50.4,36.98,2,0,2,1,7,3,0,2,6,0,1,77.95,0,47.61,59.13,45.21,17.86,8.21,23.7,7,0,0,0
core/src/main/java/com/alibaba/druid/proxy/jdbc/ResultSetProxyImpl.java,ResultSetProxyImpl.java,1,1,103,40.63,1658,1658,0,142,7,40,36,20,142,74.86,31,56,14,4,99,103,9.84,15.8,9.04,84,41,True,66.34,97.68,20.1,55.43,1.03,high,high,high,1.403,1403,1403,18,237,16.59,21.44,61,38,82,92,64,91,164,83,64,155,67,68.36,46,4.14,75.85,6.37,35.14,85.43,29.68,91,1,212,3
core/src/main/java/com/alibaba/druid/proxy/jdbc/StatementExecuteType.java,StatementExecuteType.java,1,1,0,15.94,23,23,0,2,0,0,0,1,0,20.7,3,2,0,1,2,0,10.62,17.0,11.62,2,1,True,2.74,5.86,6.05,13.81,1.98,high,low,high,0.007,7,7,15,1,3.68,6.84,0,1,2,2,0,2,2,2,2,2,1,13.05,1,22.79,12.08,1.34,7.35,20.25,22.76,1,0,0,0
core/src/main/java/com/alibaba/druid/proxy/jdbc/StatementProxy.java,StatementProxy.java,1,1,2,21.5,63,63,0,1,3,5,6,0,4,12.43,3,2,2,1,1,4,15.2,42.17,35.93,6,2,True,43.64,10.45,44.28,31.69,50.53,low,high,high,0.025,25,25,18,20,7.58,33.58,5,2,3,4,6,2,2,1,1,6,1,20.41,3,50.27,8.5,38.26,29.31,34.35,29.5,2,0,0,4
core/src/main/java/com/alibaba/druid/proxy/jdbc/StatementProxyImpl.java,StatementProxyImpl.java,1,1,56,68.0,585,585,0,12,31,21,17,49,27,89.78,30,1,40,4,3,43,27.28,33.63,6.67,21,39,True,36.84,94.71,18.28,23.58,43.0,low,low,low,0.477,477,477,19,89,96.21,87.96,20,48,14,6,3,27,25,2,26,36,12,4.33,31,73.93,0.23,30.1,94.7,90.68,11.34,26,1,58,52
core/src/main/java/com/alibaba/druid/proxy/jdbc/TransactionInfo.java,TransactionInfo.java,1,1,0,1.64,24,24,0,1,1,2,2,0,1,8.91,4,2,0,2,0,2,20.76,8.62,3.13,0,1,False,4.33,5.91,7.76,9.36,17.49,low,high,low,0.006,6,6,16,2,15.83,3.07,1,1,1,2,1,0,2,2,2,0,1,22.6,2,0.58,15.56,22.96,22.66,21.42,23.45,2,1,0,2
core/src/main/java/com/alibaba/druid/proxy/jdbc/WrapperProxy.java,WrapperProxy.java,1,1,3,5.13,38,38,0,0,1,3,2,2,1,3.68,3,2,3,1,2,2,30.55,14.3,3.54,2,2,True,11.63,20.85,24.64,31.9,0.0,high,high,high,0.012,12,12,18,8,24.55,34.14,2,3,1,3,3,0,3,0,2,1,3,22.45,0,36.29,20.82,22.43,8.08,36.81,6.24,1,0,0,1
core/src/main/java/com/alibaba/druid/proxy/jdbc/WrapperProxyImpl.java,WrapperProxyImpl.java,1,1,3,64.76,116,116,0,4,10,1,7,5,9,5.36,21,6,5,3,10,1,1.29,74.76,38.8,1,11,True,5.15,12.43,24.11,75.5,67.31,low,medium,medium,0.074,74,74,18,24,99.21,19.65,0,5,3,1,0,1,11,10,6,3,1,87.61,8,82.73,64.57,69.87,35.57,84.92,37.24,10,1,7,6
core/src/main/java/com/alibaba/druid/sql/PagerUtils.java,PagerUtils.java,1,1,79,13.56,809,809,0,77,76,24,65,6,76,70.39,100,45,79,12,1,80,50.51,54.71,77.56,37,48,False,42.95,25.35,74.6,93.02,73.81,low,high,high,0.64,640,640,22,147,72.95,52.58,52,14,8,57,56,64,66,4,68,76,60,31.44,35,47.34,73.06,35.44,92.39,21.1,68.55,47,3,3,12
core/src/main/java/com/alibaba/druid/sql/SQLDialect.java,SQLDialect.java,1,1,13,66.18,202,202,0,19,7,1,17,10,4,12.18,31,11,5,7,16,17,59.36,4.09,99.15,5,2,False,69.49,18.4,55.46,81.26,73.31,low,high,medium,0.174,174,174,3,25,31.87,46.33,5,10,18,4,3,11,11,5,11,1,10,74.75,7,27.41,12.09,97.96,60.77,55.09,78.53,0,2,10,13
core/src/main/java/com/alibaba/druid/sql/SQLUtils.java,SQLUtils.java,1,1,144,51.69,2554,2554,0,33,169,135,46,147,28,78.62,100,110,232,11,64,210,30.01,8.78,3.49,92,200,True,45.76,31.61,64.86,7.0,16.95,medium,low,low,2.065,2065,2065,96,393,27.92,16.03,127,40,136,252,142,153,140,251,140,19,74,87.58,197,39.04,39.55,62.2,35.8,42.27,38.71,50,6,94,209
core/src/main/java/com/alibaba/druid/sql/ast/AutoIncrementType.java,AutoIncrementType.java,1,1,0,13.17,17,17,0,0,0,0,0,0,1,10.16,1,1,0,2,0,1,2.27,4.72,15.31,1,0,False,9.6,12.67,4.34,16.21,10.18,low,low,medium,0.012,12,12,0,5,11.62,16.06,0,1,1,1,0,1,0,0,1,0,1,3.05,0,0.38,14.53,0.74,13.99,10.93,9.4,1,0,1,0
core/src/main/java/com/alibaba/druid/sql/ast/ClusteringType.java,ClusteringType.java,1,1,1,5.7,6,6,0,1,0,1,0,0,1,0.47,1,0,0,1,0,0,5.61,2.18,1.33,1,0,True,4.82,3.75,3.77,5.32,4.98,low,low,high,0.005,5,5,0,1,3.29,0.45,1,1,0,0,0,1,1,0,0,0,0,4.68,1,3.72,1.59,3.19,3.07,0.2,0.66,0,0,0,0
core/src/main/java/com/alibaba/druid/sql/ast/DistributedByType.java,DistributedByType.java,1,1,0,5.84,6,6,0,1,0,0,1,1,0,2.75,1,0,1,1,1,1,0.9,4.41,4.32,1,1,True,5.19,0.4,5.55,3.19,4.51,medium,low,high,0.005,5,5,0,1,3.79,1.99,1,1,1,1,1,0,1,1,0,0,0,4.04,0,2.84,3.37,3.97,0.46,5.07,1.76,0,0,0,0
core/src/main/java/com/alibaba/druid/sql/ast/SQLAdhocTableSource.java,SQLAdhocTableSource.java,1,1,0,30.88,33,33,0,0,1,2,3,0,1,29.56,3,3,2,3,0,3,31.07,13.87,11.85,3,2,True,18.65,14.38,24.87,29.37,26.83,medium,high,low,0.027,27,27,0,6,13.11,12.12,0,0,0,0,3,1,1,1,0,3,0,28.96,2,29.82,32.83,28.4,10.8,21.35,5.1,0,1,3,0
core/src/main/java/com/alibaba/druid/sql/ast/SQLAnnIndex.java,SQLAnnIndex.java,1,1,2,50.44,112,112,0,7,1,9,3,0,3,3.18,18,2,7,6,3,1,61.7,78.51,77.97,5,10,True,87.8,85.09,17.72,70.23,46.62,high,medium,high,0.092,92,92,0,20,62.38,94.74,4,10,0,0,10,7,6,11,10,2,0,44.23,1,13.28,89.17,3.85,93.78,16.23,54.34,2,1,11,7
core/src/main/java/com/alibaba/druid/sql/ast/SQLArgument.java,SQLArgument.java,1,1,5,41.7,66,66,0,2,4,5,5,3,3,15.73,6,1,5,3,0,3,56.63,55.82,40.7,5,2,False,44.89,7.59,24.76,1.73,46.06,medium,low,low,0.036,36,36,18,12,41.7,48.22,5,0,2,0,2,6,6,4,0,6,3,21.79,0,62.51,36.29,55.37,23.38,38.96,5.47,0,1,5,3
core/src/main/java/com/alibaba/druid/sql/ast/SQLArrayDataType.java,SQLArrayDataType.java,1,1,10,78.05,146,146,0,14,9,13,12,11,4,39.59,5,8,11,3,3,5,61.07,76.11,49.4,4,0,True,32.46,58.18,46.83,88.86,22.68,high,medium,medium,0.118,118,118,0,28,72.8,17.6,9,9,4,12,9,3,8,14,8,6,0,64.27,4,58.67,63.42,54.33,5.24,54.41,75.6,10,1,20,1
core/src/main/java/com/alibaba/druid/sql/ast/SQLCommentHint.java,SQLCommentHint.java,1,1,2,49.66,50,50,0,0,3,5,4,0,0,36.29,3,2,4,2,1,1,42.85,21.84,38.88,4,3,False,35.54,20.13,44.65,23.32,18.41,high,medium,high,0.026,26,26,15,9,6.94,23.68,0,0,1,0,1,4,1,3,1,0,0,15.55,0,21.35,26.4,47.49,31.38,4.48,20.77,4,1,5,2
core/src/main/java/com/alibaba/druid/sql/ast/SQLComputeIncrementalStatsStatement.java,SQLComputeIncrementalStatsStatement.java,1,1,0,29.13,39,39,0,3,0,3,3,2,0,22.87,4,2,3,3,0,1,5.94,17.45,30.08,2,1,False,29.74,34.89,38.99,13.55,10.75,low,high,low,0.032,32,32,0,7,38.66,3.68,1,0,3,3,0,3,0,3,2,1,3,11.79,2,13.46,33.13,32.35,31.06,5.27,15.97,1,1,5,2
core/src/main/java/com/alibaba/druid/sql/ast/SQLCurrentTimeExpr.java,SQLCurrentTimeExpr.java,1,1,4,26.22,85,85,0,2,3,7,6,4,7,4.27,7,5,1,3,3,2,77.69,69.29,50.81,7,1,True,10.26,12.4,2.42,46.53,84.24,medium,medium,medium,0.068,68,68,0,17,10.41,5.41,6,3,0,7,6,6,7,7,7,4,6,77.87,2,25.82,17.4,36.43,18.29,30.14,6.62,5,1,7,0
core/src/main/java/com/alibaba/druid/sql/ast/SQLCurrentUserExpr.java,SQLCurrentUserExpr.java,1,1,3,30.45,36,36,0,2,0,1,2,0,0,7.07,3,3,2,3,1,2,5.04,34.83,8.48,2,3,True,20.28,17.77,7.16,16.98,14.88,medium,low,high,0.028,28,28,0,8,6.74,19.69,0,2,0,3,2,3,3,1,1,0,1,14.95,2,19.15,12.65,33.77,35.66,15.25,10.64,1,1,4,3
core/src/main/java/com/alibaba/druid/sql/ast/SQLDataType.java,SQLDataType.java,1,1,5,68.7,88,88,0,2,6,5,4,4,2,49.5,3,3,7,2,8,3,31.45,87.41,65.67,4,5,True,59.49,24.3,10.58,3.11,56.77,high,high,high,0.05,50,50,15,23,86.71,6.97,8,0,2,0,4,5,1,2,8,0,0,85.32,6,72.14,24.65,85.18,80.55,1.2,83.56,4,0,2,1
core/src/main/java/com/alibaba/druid/sql/ast/SQLDataTypeImpl.java,SQLDataTypeImpl.java,1,1,47,27.09,542,542,0,54,28,4,24,14,50,38.28,100,12,36,5,39,49,56.28,6.94,76.48,29,44,False,29.52,20.63,78.45,43.44,86.57,low,medium,low,0.419,419,419,17,106,9.98,91.21,17,14,25,49,37,2,33,33,26,45,16,30.84,23,73.79,54.16,23.76,36.83,26.46,22.64,8,1,30,44
core/src/main/java/com/alibaba/druid/sql/ast/SQLDataTypeRefExpr.java,SQLDataTypeRefExpr.java,1,1,0,21.29,57,57,0,4,2,4,4,4,5,22.6,9,2,3,6,2,1,13.17,6.92,8.75,2,5,False,36.74,10.89,52.14,27.95,3.38,high,medium,medium,0.046,46,46,0,11,15.73,8.62,1,5,1,5,0,3,3,2,3,2,0,1.71,5,7.65,14.11,47.31,54.87,12.23,40.38,1,1,6,3
core/src/main/java/com/alibaba/druid/sql/ast/SQLDbTypedObject.java,SQLDbTypedObject.java,1,1,2,19.95,22,22,0,1,1,1,2,1,1,11.58,3,2,1,1,1,0,3.15,14.92,7.83,0,2,True,4.87,14.84,7.1,0.43,3.45,low,high,high,0.005,5,5,15,2,3.79,12.8,0,0,1,2,2,1,1,2,0,0,2,15.6,0,1.88,15.37,0.07,4.84,11.59,7.01,1,0,0,2
core/src/main/java/com/alibaba/druid/sql/ast/SQLDeclareItem.java,SQLDeclareItem.java,1,1,3,76.65,136,136,0,3,10,7,1,8,11,63.16,9,3,1,3,0,1,24.3,42.54,46.13,8,13,False,77.81,3.77,48.98,58.54,9.6,low,high,medium,0.093,93,93,15,28,82.12,15.77,13,11,11,8,1,6,0,3,7,10,7,98.86,0,96.82,12.46,33.49,36.7,8.8,77.52,12,1,13,12
core/src/main/java/com/alibaba/druid/sql/ast/SQLExpr.java,SQLExpr.java,1,1,2,1.53,28,28,0,0,0,0,2,1,0,27.21,3,2,0,1,2,1,1.11,13.83,1.45,0,1,True,25.95,27.18,5.1,7.66,17.12,low,high,medium,0.008,8,8,15,5,15.76,9.53,2,0,2,2,0,1,2,0,0,0,0,16.36,0,9.18,13.92,14.1,16.68,27.65,12.5,1,0,0,0
core/src/main/java/com/alibaba/druid/sql/ast/SQLExprComparor.java,SQLExprComparor.java,1,1,1,5.81,33,33,0,2,0,3,3,0,3,5.64,7,1,3,3,3,0,29.1,23.34,31.03,2,3,False,2.1,24.55,15.79,30.45,14.42,high,high,low,0.024,24,24,0,9,22.26,18.01,1,3,2,2,2,0,2,2,2,0,0,16.63,1,12.0,12.88,23.03,25.01,30.81,8.72,0,1,1,3
core/src/main/java/com/alibaba/druid/sql/ast/SQLExprImpl.java,SQLExprImpl.java,1,1,2,61.42,72,72,0,7,1,6,0,2,1,8.94,5,7,6,3,2,7,67.9,49.61,23.0,6,0,True,26.14,22.4,46.62,48.82,3.53,high,medium,high,0.043,43,43,15,14,11.6,57.68,4,4,6,6,4,3,2,4,3,0,6,43.82,2,9.94,19.47,64.81,6.19,41.5,45.67,6,1,7,3
core/src/main/java/com/alibaba/druid/sql/ast/SQLHint.java,SQLHint.java,1,1,2,16.55,20,20,0,0,1,1,2,2,1,6.33,3,1,0,1,0,1,3.81,14.99,15.31,2,1,True,1.1,15.64,0.81,17.94,3.72,low,high,medium,0.004,4,4,15,1,14.04,3.96,0,2,2,1,1,0,1,1,0,1,0,10.61,1,19.67,16.62,11.64,13.05,10.6,12.69,2,0,0,0
core/src/main/java/com/alibaba/druid/sql/ast/SQLIndex.java,SQLIndex.java,1,1,1,0.26,11,11,0,0,1,1,0,0,1,3.41,1,0,1,1,0,1,6.17,10.62,9.62,0,0,True,3.48,6.8,4.09,10.73,0.1,medium,medium,high,0.007,7,7,0,4,2.15,2.64,1,1,0,1,0,0,1,0,1,0,0,5.05,0,0.77,1.4,2.87,8.56,6.99,7.05,1,0,0,0
core/src/main/java/com/alibaba/druid/sql/ast/SQLIndexDefinition.java,SQLIndexDefinition.java,1,1,24,71.28,497,497,0,19,46,11,0,13,5,19.56,88,4,6,5,3,32,7.58,42.28,34.77,2,47,False,66.21,5.6,41.86,30.48,10.23,medium,medium,low,0.409,409,409,18,70,4.5,87.66,37,11,43,44,28,5,32,30,23,36,4,32.76,3,81.29,4.32,2.2,15.95,76.74,54.1,1,1,49,39
core/src/main/java/com/alibaba/druid/sql/ast/SQLIndexOptions.java,SQLIndexOptions.java,1,1,15,82.24,201,201,0,8,2,1,10,11,18,83.26,39,9,9,4,5,12,45.83,62.72,60.34,10,20,False,27.4,90.85,31.02,1.35,28.21,low,medium,high,0.161,161,161,8,32,69.16,76.07,1,17,11,18,18,16,8,14,13,5,0,38.27,14,36.98,23.32,39.19,96.15,53.56,91.79,10,1,22,14
core/src/main/java/com/alibaba/druid/sql/ast/SQLJSONValueExpr.java,SQLJSONValueExpr.java,1,1,0,6.12,27,27,0,2,2,1,0,2,1,1.84,1,1,1,2,0,0,15.95,1.82,14.42,2,1,False,24.57,6.89,9.66,18.47,19.45,high,low,low,0.021,21,21,0,6,15.15,26.76,1,0,2,0,2,2,0,2,1,2,0,26.98,0,2.63,21.85,17.36,21.73,23.07,4.27,2,1,4,1
core/src/main/java/com/alibaba/druid/sql/ast/SQLKeep.java,SQLKeep.java,1,1,6,42.23,68,68,0,4,4,1,3,1,5,47.58,6,5,5,3,6,0,8.12,15.28,32.98,3,5,False,52.25,43.98,25.39,58.65,53.31,medium,medium,medium,0.04,40,40,15,13,51.78,14.02,2,5,4,2,6,3,5,2,2,5,1,28.66,3,40.93,30.51,40.29,43.64,15.37,42.7,6,1,6,2
core/src/main/java/com/alibaba/druid/sql/ast/SQLLimit.java,SQLLimit.java,1,1,5,79.88,211,211,0,5,2,12,2,20,18,45.19,34,9,1,5,14,21,18.47,8.77,53.37,2,6,False,3.01,25.45,39.23,4.48,21.64,high,medium,low,0.154,154,154,18,39,79.64,90.49,9,17,20,13,18,13,4,3,12,16,20,97.63,1,35.92,10.89,0.55,61.58,35.47,59.0,5,1,15,12
core/src/main/java/com/alibaba/druid/sql/ast/SQLMapDataType.java,SQLMapDataType.java,1,1,1,55.17,152,152,0,14,1,10,3,1,6,62.38,6,2,14,3,4,14,96.11,56.97,21.05,2,6,False,31.08,59.38,74.09,98.52,56.1,medium,low,medium,0.121,121,121,0,31,27.93,17.41,11,1,14,8,9,12,1,7,1,12,11,35.8,6,79.16,1.74,4.39,74.03,41.2,20.35,3,1,20,15
core/src/main/java/com/alibaba/druid/sql/ast/SQLName.java,SQLName.java,1,1,3,18.88,30,30,0,3,1,2,0,1,0,9.99,3,1,0,1,1,0,18.28,21.64,29.68,3,2,True,29.34,16.15,5.67,8.5,0.67,medium,high,medium,0.009,9,9,15,6,20.88,2.06,1,0,1,3,1,0,1,2,2,1,0,1.68,3,4.56,15.7,11.89,22.3,28.79,17.34,3,0,0,1
core/src/main/java/com/alibaba/druid/sql/ast/SQLObject.java,SQLObject.java,1,1,3,69.49,71,71,0,7,5,0,5,2,2,31.04,7,2,0,2,5,4,3.46,47.52,18.25,5,2,True,28.79,4.54,31.02,63.37,10.63,high,medium,low,0.033,33,33,15,23,70.72,16.24,7,6,5,4,6,2,1,2,4,2,2,41.18,2,64.6,24.88,20.6,39.5,9.69,28.83,4,0,0,6
core/src/main/java/com/alibaba/druid/sql/ast/SQLObjectImpl.java,SQLObjectImpl.java,1,1,4,22.54,314,314,0,31,26,10,26,17,14,45.18,55,10,14,4,7,28,81.63,74.45,27.16,6,5,True,98.42,12.58,49.49,62.92,8.86,medium,low,medium,0.239,239,239,15,60,29.63,80.9,11,30,28,30,6,3,3,21,29,13,14,83.91,20,67.17,35.31,78.46,59.3,39.12,29.83,25,1,23,4
core/src/main/java/com/alibaba/druid/sql/ast/SQLObjectWithDataType.java,SQLObjectWithDataType.java,1,1,2,19.88,22,22,0,1,1,2,1,2,2,19.59,3,0,0,1,2,1,20.09,11.35,4.58,1,2,True,20.66,21.37,0.67,4.99,20.35,medium,high,medium,0.005,5,5,15,2,13.11,19.37,1,1,0,1,2,2,1,1,1,0,2,5.1,1,16.16,15.16,18.91,15.28,9.43,2.52,1,0,0,0
core/src/main/java/com/alibaba/druid/sql/ast/SQLOrderBy.java,SQLOrderBy.java,1,1,13,71.39,136,136,0,9,4,3,4,10,11,42.34,17,8,4,4,7,4,26.67,27.17,84.97,13,7,False,67.31,68.72,74.99,3.53,95.49,low,high,medium,0.094,94,94,16,26,25.91,32.91,11,8,3,2,11,3,4,5,4,2,11,64.3,11,89.53,2.48,86.51,73.78,59.83,61.69,4,1,11,2
core/src/main/java/com/alibaba/druid/sql/ast/SQLOrderingSpecification.java,SQLOrderingSpecification.java,1,1,2,23.51,28,28,0,0,2,0,2,2,0,4.19,5,2,1,2,1,2,25.98,2.52,25.59,1,0,False,12.5,9.37,21.47,15.68,13.11,medium,low,low,0.01,10,10,15,3,8.19,23.38,2,2,1,2,0,1,0,2,2,2,2,18.23,1,1.5,1.4,19.39,9.71,15.96,2.22,2,0,0,1
core/src/main/java/com/alibaba/druid/sql/ast/SQLOver.java,SQLOver.java,1,1,20,68.45,351,351,0,5,1,3,10,21,0,53.3,53,17,3,6,25,32,13.02,74.47,25.62,6,18,False,71.43,11.08,89.06,8.54,97.64,high,low,high,0.27,270,270,16,65,96.88,86.98,23,28,16,23,11,29,25,3,30,13,24,2.69,4,86.74,58.03,16.83,34.7,63.84,13.96,32,1,32,7
core/src/main/java/com/alibaba/druid/sql/ast/SQLParameter.java,SQLParameter.java,1,1,12,29.99,202,202,0,4,11,13,20,15,7,13.4,13,5,12,3,4,7,89.19,74.7,59.63,2,7,True,99.94,4.01,35.68,82.24,34.66,low,medium,medium,0.154,154,154,15,33,75.99,55.32,12,0,8,12,13,16,4,4,6,18,12,40.46,7,91.42,41.63,11.95,87.57,53.89,56.84,1,1,25,7
core/src/main/java/com/alibaba/druid/sql/ast/SQLPartition.java,SQLPartition.java,1,1,1,1.17,15,15,0,1,1,0,0,0,1,0.75,1,1,0,2,0,1,12.74,12.58,9.54,0,1,True,10.51,14.88,4.34,3.61,11.21,high,low,high,0.012,12,12,0,3,7.07,3.89,1,1,1,1,1,1,0,1,1,0,1,1.28,1,10.01,0.54,7.52,6.93,0.88,3.54,0,1,2,0
core/src/main/java/com/alibaba/druid/sql/ast/SQLPartitionBatch.java,SQLPartitionBatch.java,1,1,4,9.51,52,52,0,0,4,4,4,1,3,34.57,2,4,0,3,2,5,33.27,25.46,18.32,2,3,True,8.66,5.57,35.34,43.54,10.1,medium,low,high,0.043,43,43,0,9,26.81,1.52,5,5,3,4,4,2,4,2,1,3,1,9.33,5,13.99,20.03,11.78,25.89,47.69,15.8,0,1,8,3
core/src/main/java/com/alibaba/druid/sql/ast/SQLPartitionBy.java,SQLPartitionBy.java,1,1,7,39.19,158,158,0,12,15,10,5,7,13,92.99,25,3,13,5,10,15,98.35,80.95,57.32,13,10,True,51.41,30.01,2.66,3.66,4.7,medium,low,low,0.116,116,116,15,27,18.99,85.6,1,3,5,6,2,12,11,5,8,12,15,21.79,9,5.19,43.56,29.87,95.12,27.49,33.03,1,1,17,4
core/src/main/java/com/alibaba/druid/sql/ast/SQLPartitionByHash.java,SQLPartitionByHash.java,1,1,4,4.73,73,73,0,5,2,6,5,2,3,34.41,6,6,3,3,2,2,71.71,50.63,0.11,4,5,False,63.49,44.19,56.09,66.42,12.62,medium,low,high,0.043,43,43,16,14,60.84,21.3,0,7,5,3,5,0,7,4,6,5,6,45.87,2,51.75,5.48,9.71,69.02,41.36,56.07,0,1,7,7
core/src/main/java/com/alibaba/druid/sql/ast/SQLPartitionByList.java,SQLPartitionByList.java,1,1,3,36.16,62,62,0,1,0,3,1,1,1,42.02,5,0,5,3,5,0,61.37,23.46,37.1,4,6,True,34.9,13.17,34.68,30.12,59.92,medium,low,low,0.038,38,38,15,9,35.3,52.93,4,5,3,0,3,2,2,6,2,6,6,44.66,5,18.99,50.07,2.56,55.52,52.94,12.78,0,1,5,0
core/src/main/java/com/alibaba/druid/sql/ast/SQLPartitionByRange.java,SQLPartitionByRange.java,1,1,4,66.49,154,154,0,11,11,2,9,8,8,73.98,13,8,10,3,14,1,43.57,43.09,1.2,0,15,True,96.01,22.58,30.83,26.73,47.72,low,high,low,0.11,110,110,15,29,12.01,78.69,13,1,15,14,8,8,13,10,2,5,8,69.9,2,16.3,5.14,5.72,76.36,79.77,5.77,0,1,17,6
core/src/main/java/com/alibaba/druid/sql/ast/SQLPartitionByValue.java,SQLPartitionByValue.java,1,1,3,3.98,50,50,0,3,2,3,5,5,2,42.64,5,5,1,3,0,2,38.94,4.6,16.84,1,0,False,13.73,14.43,43.45,49.57,6.87,medium,low,low,0.027,27,27,15,8,48.91,15.05,0,5,3,5,4,0,1,4,4,5,5,20.03,0,32.85,0.78,29.6,5.35,22.58,4.15,5,1,3,4
core/src/main/java/com/alibaba/druid/sql/ast/SQLPartitionOf.java,SQLPartitionOf.java,1,1,1,92.73,163,163,0,1,4,1,12,10,10,29.05,48,8,8,4,2,9,21.0,64.38,29.12,1,13,True,36.87,74.85,97.62,71.0,84.55,medium,high,medium,0.117,117,117,18,28,82.56,92.46,16,13,5,11,8,5,5,3,14,1,14,12.66,3,17.07,69.66,54.18,73.13,28.96,37.99,3,1,20,3
core/src/main/java/com/alibaba/druid/sql/ast/SQLPartitionSingle.java,SQLPartitionSingle.java,1,1,7,16.76,139,139,0,13,4,4,4,2,6,47.46,15,5,7,3,5,9,8.08,70.8,33.0,13,9,True,34.48,58.75,4.81,82.89,68.72,medium,high,low,0.099,99,99,15,25,50.63,84.03,13,2,11,5,1,0,2,3,1,1,0,76.96,0,22.89,48.05,2.19,4.28,27.51,46.23,9,1,13,7
core/src/main/java/com/alibaba/druid/sql/ast/SQLPartitionSpec.java,SQLPartitionSpec.java,1,1,0,1.68,81,81,0,3,6,8,2,3,8,36.56,6,7,2,4,6,5,48.15,52.81,3.24,1,0,True,37.95,27.58,30.01,14.9,4.06,medium,low,low,0.062,62,62,0,19,44.11,79.51,0,8,8,2,8,1,0,0,8,2,7,58.27,6,11.74,14.51,21.77,52.84,30.41,72.76,4,2,9,2
core/src/main/java/com/alibaba/druid/sql/ast/SQLPartitionValue.java,SQLPartitionValue.java,1,1,0,43.9,80,80,0,0,0,3,7,0,2,21.4,6,3,6,3,3,2,65.48,61.51,30.19,8,2,False,18.13,14.45,43.12,0.43,24.05,low,high,medium,0.052,52,52,15,13,9.34,11.16,7,4,6,4,0,0,8,1,4,1,0,67.66,2,15.39,53.06,69.9,58.29,48.76,2.0,2,1,4,0
core/src/main/java/com/alibaba/druid/sql/ast/SQLPivot.java,SQLPivot.java,1,1,0,73.88,78,78,0,7,1,7,3,3,6,37.15,6,6,0,3,4,4,64.74,33.13,70.64,2,7,False,10.82,6.69,75.4,57.11,52.53,high,low,high,0.062,62,62,0,16,41.71,36.22,2,2,5,0,7,0,3,0,5,4,6,8.33,6,57.24,31.98,29.38,42.49,57.29,74.44,1,1,5,2
core/src/main/java/com/alibaba/druid/sql/ast/SQLRecordDataType.java,SQLRecordDataType.java,1,1,5,26.77,56,56,0,0,5,5,3,5,4,5.45,5,3,4,3,1,5,35.89,41.6,38.09,0,2,True,32.57,15.68,0.79,9.11,51.87,high,medium,medium,0.031,31,31,15,10,31.02,53.38,4,4,2,4,4,3,0,4,3,1,1,3.82,0,50.95,19.96,10.81,36.04,32.75,51.87,4,1,3,4
core/src/main/java/com/alibaba/druid/sql/ast/SQLReplaceable.java,SQLReplaceable.java,1,1,1,1.14,23,23,0,0,1,1,0,2,0,8.88,3,1,0,1,2,2,0.07,6.56,12.22,1,2,False,3.91,21.04,7.32,22.88,21.52,high,medium,high,0.004,4,4,18,1,16.29,5.44,2,2,2,1,1,2,0,0,1,0,2,13.07,0,21.93,20.18,15.95,6.75,10.86,21.11,1,0,0,1
core/src/main/java/com/alibaba/druid/sql/ast/SQLResetStatement.java,SQLResetStatement.java,1,1,2,3.08,23,23,0,1,1,2,0,2,0,2.83,1,1,1,2,2,1,17.29,22.0,1.95,1,2,False,4.22,2.43,13.06,2.66,1.03,high,low,high,0.017,17,17,0,6,3.75,6.12,0,2,0,2,0,1,2,2,1,2,0,15.62,1,4.24,22.97,10.27,5.7,0.01,3.88,2,1,2,1
core/src/main/java/com/alibaba/druid/sql/ast/SQLRowDataType.java,SQLRowDataType.java,1,1,9,66.9,126,126,0,12,10,0,5,0,6,4.22,3,9,10,3,1,9,17.88,98.17,25.57,0,6,False,16.79,87.81,39.79,74.86,25.23,low,high,medium,0.1,100,100,0,26,5.53,54.85,7,7,11,1,1,7,0,10,8,7,10,41.65,10,80.38,4.64,50.86,35.77,97.01,10.59,4,1,17,9
core/src/main/java/com/alibaba/druid/sql/ast/SQLSetQuantifier.java,SQLSetQuantifier.java,1,1,0,28.74,29,29,0,2,2,1,0,1,2,2.36,5,2,2,1,2,1,23.69,12.38,12.1,1,1,False,17.91,12.31,8.78,9.62,25.7,low,low,low,0.009,9,9,17,3,28.78,17.27,0,0,0,0,0,1,0,2,2,2,1,19.6,1,2.43,17.63,24.11,18.26,22.3,9.91,1,0,0,0
core/src/main/java/com/alibaba/druid/sql/ast/SQLStatement.java,SQLStatement.java,1,1,0,14.64,45,45,0,0,3,1,0,2,4,34.95,3,4,2,1,4,4,40.44,22.48,2.59,3,1,True,37.31,14.52,29.59,27.55,42.81,medium,medium,high,0.017,17,17,15,13,34.17,33.14,4,3,2,2,2,1,3,2,4,2,0,13.98,2,9.96,12.52,7.16,38.35,31.59,43.72,4,0,0,2
core/src/main/java/com/alibaba/druid/sql/ast/SQLStatementImpl.java,SQLStatementImpl.java,1,1,3,44.17,101,101,0,1,3,8,4,8,2,43.0,4,3,2,2,7,6,98.58,33.56,54.96,7,10,True,47.48,81.09,18.67,93.99,79.99,medium,low,high,0.066,66,66,15,20,85.05,66.62,2,5,5,8,6,10,6,6,5,3,0,37.1,3,47.54,98.61,6.86,26.14,8.11,96.21,6,1,13,9
core/src/main/java/com/alibaba/druid/sql/ast/SQLStructDataType.java,SQLStructDataType.java,1,1,19,93.93,195,195,0,13,5,11,12,13,17,31.94,7,3,5,4,9,4,50.24,48.27,98.53,16,3,False,12.58,57.21,84.3,80.82,57.51,low,medium,medium,0.157,157,157,0,38,65.24,47.21,4,11,5,19,19,0,3,15,11,19,12,1.69,8,62.94,11.95,26.36,19.47,24.37,31.38,1,2,25,1
core/src/main/java/com/alibaba/druid/sql/ast/SQLSubPartition.java,SQLSubPartition.java,1,1,12,98.13,142,142,0,2,10,5,9,9,7,60.66,11,3,5,3,11,0,87.42,1.79,76.82,9,7,False,29.73,77.28,33.51,92.78,96.54,low,high,medium,0.099,99,99,16,27,23.65,47.88,4,12,0,2,6,11,2,13,13,7,4,1.82,9,44.72,79.49,1.58,17.23,88.84,33.17,14,1,20,11
core/src/main/java/com/alibaba/druid/sql/ast/SQLSubPartitionBy.java,SQLSubPartitionBy.java,1,1,9,16.7,93,93,0,0,6,1,0,4,8,52.97,16,4,8,3,9,2,6.94,59.18,53.16,3,4,True,49.87,9.8,13.55,1.02,66.84,low,medium,high,0.06,60,60,15,18,23.88,83.51,9,7,4,3,7,8,7,4,2,2,8,63.88,1,31.77,36.51,7.29,89.57,32.13,59.49,9,1,8,4
core/src/main/java/com/alibaba/druid/sql/ast/SQLSubPartitionByHash.java,SQLSubPartitionByHash.java,1,1,4,38.46,67,67,0,4,3,2,0,0,1,48.21,8,2,6,4,5,1,28.91,20.13,3.09,3,2,False,36.06,45.3,31.74,33.28,46.65,high,high,medium,0.041,41,41,16,10,5.39,38.08,2,1,5,2,1,6,6,4,0,1,6,21.13,4,41.74,37.09,45.64,25.7,53.11,47.2,5,1,7,6
core/src/main/java/com/alibaba/druid/sql/ast/SQLSubPartitionByList.java,SQLSubPartitionByList.java,1,1,4,38.73,55,55,0,4,1,4,4,3,5,9.34,7,4,5,4,4,5,18.27,28.49,35.34,1,0,False,20.54,29.8,19.96,22.91,40.3,medium,low,high,0.033,33,33,15,7,5.35,5.75,4,3,2,3,2,3,2,3,0,1,0,40.68,4,28.6,0.82,48.31,47.94,11.52,29.49,3,1,5,5
core/src/main/java/com/alibaba/druid/sql/ast/SQLSubPartitionByRange.java,SQLSubPartitionByRange.java,1,1,5,46.37,61,61,0,2,1,0,4,4,1,4.73,11,1,2,5,2,6,14.24,4.15,36.88,0,6,False,33.57,14.94,18.24,5.64,49.62,low,medium,medium,0.037,37,37,15,9,3.91,58.06,3,4,2,2,5,2,0,3,5,0,0,46.74,6,0.2,18.05,49.96,19.68,26.65,32.3,4,1,3,3
core/src/main/java/com/alibaba/druid/sql/ast/SQLTableDataType.java,SQLTableDataType.java,1,1,3,73.0,122,122,0,10,2,0,7,1,8,47.39,3,0,0,3,0,9,31.46,46.56,12.25,5,12,False,46.58,29.19,13.41,48.0,85.86,high,high,high,0.096,96,96,0,26,99.93,57.23,6,6,6,10,2,6,3,9,1,10,5,38.71,1,52.91,76.6,95.22,32.5,92.18,65.63,4,1,16,9
core/src/main/java/com/alibaba/druid/sql/ast/SQLTop.java,SQLTop.java,1,1,8,65.49,82,82,0,0,5,1,0,4,0,65.74,5,3,6,3,4,2,21.33,58.82,0.79,2,2,True,16.16,3.55,71.75,28.42,35.79,high,medium,low,0.067,67,67,0,15,78.07,63.41,2,6,1,2,8,6,4,2,8,0,2,15.08,2,0.7,39.0,71.37,5.58,65.86,8.34,4,1,12,8
core/src/main/java/com/alibaba/druid/sql/ast/SQLUnionDataType.java,SQLUnionDataType.java,1,1,4,2.75,44,44,0,2,4,0,0,2,3,37.87,4,1,4,3,1,4,8.7,25.33,1.87,1,1,False,23.49,7.88,33.18,20.79,30.09,medium,low,medium,0.034,34,34,0,10,43.29,38.53,4,4,0,0,1,2,1,2,3,3,1,19.97,0,24.45,13.6,34.87,34.96,19.14,23.43,2,1,4,3
core/src/main/java/com/alibaba/druid/sql/ast/SQLUnpivot.java,SQLUnpivot.java,1,1,0,6.47,92,92,0,6,3,0,0,7,9,65.27,13,4,0,4,0,3,45.06,72.11,3.74,9,3,False,37.57,2.24,27.55,29.04,37.6,high,low,low,0.073,73,73,0,19,35.04,71.13,9,9,3,3,8,0,0,5,2,6,1,72.55,2,67.2,46.63,60.8,37.37,29.23,21.21,0,1,5,5
core/src/main/java/com/alibaba/druid/sql/ast/SQLWindow.java,SQLWindow.java,1,1,2,33.3,44,44,0,4,4,2,4,1,2,15.13,4,2,2,3,0,0,6.03,5.26,30.89,4,3,True,8.75,15.48,30.47,27.67,37.11,medium,high,medium,0.036,36,36,0,8,15.24,25.41,4,4,3,2,1,0,4,3,4,0,4,43.97,2,39.87,22.12,5.66,11.67,7.86,33.41,2,1,5,2
core/src/main/java/com/alibaba/druid/sql/ast/SQLZOrderBy.java,SQLZOrderBy.java,1,1,5,48.25,136,136,0,7,3,9,4,12,12,46.89,17,10,3,4,0,10,21.93,23.79,2.69,0,10,False,84.71,28.56,68.11,13.45,50.73,medium,medium,low,0.094,94,94,16,26,78.39,51.28,9,3,7,0,1,0,5,10,2,5,13,35.74,9,16.2,82.6,59.97,90.62,21.24,2.03,9,1,11,2
core/src/main/java/com/alibaba/druid/sql/ast/TDDLHint.java,TDDLHint.java,1,1,22,58.83,321,321,0,16,19,19,9,32,10,22.71,66,23,25,7,19,4,71.57,38.92,67.16,19,17,False,23.39,33.05,46.62,9.13,72.06,low,low,low,0.254,254,254,6,61,36.24,38.01,17,13,8,24,27,3,31,0,0,13,32,41.77,17,45.57,74.24,47.51,57.31,21.28,88.79,11,3,5,26
core/src/main/java/com/alibaba/druid/sql/ast/expr/SQLAggregateExpr.java,SQLAggregateExpr.java,1,1,17,43.05,392,392,0,15,11,24,35,20,6,65.66,72,27,33,5,26,3,12.44,80.86,74.85,16,4,True,2.9,3.41,89.65,81.13,50.32,high,low,low,0.302,302,302,20,70,71.59,40.54,17,8,37,10,36,4,4,2,10,5,39,24.28,31,63.84,46.17,47.48,73.97,12.69,33.55,4,1,31,35
core/src/main/java/com/alibaba/druid/sql/ast/expr/SQLAggregateOption.java,SQLAggregateOption.java,1,1,1,11.05,23,23,0,1,2,2,1,2,1,21.38,4,0,1,1,0,1,8.89,10.32,9.37,2,1,True,22.22,17.71,2.18,17.41,17.8,low,high,high,0.007,7,7,15,1,21.52,2.26,2,2,1,1,2,2,1,1,1,2,2,19.44,0,15.32,20.11,8.78,8.53,5.28,7.1,0,0,0,2
core/src/main/java/com/alibaba/druid/sql/ast/expr/SQLAliasedExpr.java,SQLAliasedExpr.java,1,1,14,78.05,148,148,0,1,4,7,12,3,11,56.87,25,11,14,5,4,11,30.98,92.65,34.23,4,8,False,65.61,7.12,33.69,9.49,63.29,high,high,medium,0.122,122,122,0,26,76.88,80.71,12,11,3,5,14,13,14,1,12,14,9,89.57,0,65.52,22.56,11.79,15.56,39.09,72.32,13,1,13,6
core/src/main/java/com/alibaba/druid/sql/ast/expr/SQLAllColumnExpr.java,SQLAllColumnExpr.java,1,1,1,56.63,124,124,0,2,0,1,7,8,8,20.02,5,9,1,3,4,5,98.43,43.18,56.85,2,9,True,45.18,3.1,18.38,74.57,21.95,low,medium,high,0.086,86,86,15,23,53.68,37.18,3,6,5,11,3,10,6,10,9,3,5,23.88,11,45.57,57.47,19.07,34.08,63.07,45.01,0,1,15,4
core/src/main/java/com/alibaba/druid/sql/ast/expr/SQLAllExpr.java,SQLAllExpr.java,1,1,4,49.71,100,100,0,8,7,4,5,5,8,33.6,15,9,7,4,9,6,1.76,88.34,72.77,6,7,True,9.77,37.46,15.49,34.67,58.88,high,low,high,0.071,71,71,15,14,1.67,41.84,6,4,4,3,2,4,4,6,0,6,5,25.8,4,16.63,80.28,37.92,89.31,19.78,54.43,2,1,6,7
core/src/main/java/com/alibaba/druid/sql/ast/expr/SQLAnyExpr.java,SQLAnyExpr.java,1,1,1,38.86,120,120,0,1,9,8,8,7,4,10.75,18,8,2,4,1,2,2.21,14.75,38.53,5,5,True,86.4,74.95,70.87,28.9,77.78,high,high,high,0.088,88,88,15,17,33.99,27.22,4,3,7,12,3,9,10,11,9,6,4,41.26,10,72.43,44.6,32.51,13.92,47.14,25.54,12,1,7,9
core/src/main/java/com/alibaba/druid/sql/ast/expr/SQLArrayExpr.java,SQLArrayExpr.java,1,1,14,52.24,158,158,0,7,8,9,11,7,12,12.71,26,2,0,4,6,15,35.72,21.79,82.65,13,13,True,42.23,70.82,6.95,13.82,44.52,high,low,medium,0.126,126,126,15,17,17.06,91.64,12,0,3,14,5,8,9,11,12,15,14,94.15,2,11.64,46.29,62.51,7.55,93.54,34.26,10,1,11,6
core/src/main/java/com/alibaba/druid/sql/ast/expr/SQLAtTimeZoneExpr.java,SQLAtTimeZoneExpr.java,1,1,7,42.84,79,79,0,6,4,4,1,5,1,3.58,8,0,3,3,0,1,13.13,28.67,58.77,1,5,False,17.82,38.56,65.47,40.54,74.63,low,medium,high,0.062,62,62,0,17,7.58,12.93,4,3,4,3,5,1,5,0,5,3,7,72.72,5,40.97,76.24,21.68,73.62,76.24,25.6,2,1,8,6
core/src/main/java/com/alibaba/druid/sql/ast/expr/SQLBetweenExpr.java,SQLBetweenExpr.java,1,1,2,90.1,197,197,0,3,4,5,0,2,1,81.24,36,18,17,4,6,3,57.1,17.89,23.25,3,9,True,17.31,10.9,85.98,14.14,49.34,high,medium,medium,0.157,157,157,15,25,53.79,11.99,16,4,9,3,14,14,7,12,4,10,15,59.81,8,96.95,27.19,78.65,83.25,0.35,77.71,15,1,14,14
core/src/main/java/com/alibaba/druid/sql/ast/expr/SQLBigIntExpr.java,SQLBigIntExpr.java,1,1,11,97.99,110,110,0,4,4,0,3,2,11,58.47,12,11,8,4,6,4,20.0,96.38,71.04,4,2,False,40.2,33.68,34.82,22.05,12.58,high,high,low,0.078,78,78,15,17,32.38,28.28,8,6,2,5,4,5,1,4,4,4,8,30.61,10,24.72,82.51,45.12,87.94,69.03,36.5,8,1,8,10
core/src/main/java/com/alibaba/druid/sql/ast/expr/SQLBinaryExpr.java,SQLBinaryExpr.java,1,1,11,62.52,130,130,0,6,11,3,9,5,7,75.8,18,6,10,5,3,10,23.49,67.67,61.53,11,1,True,89.22,3.72,49.58,78.08,70.12,low,high,medium,0.093,93,93,15,22,99.73,24.98,4,12,2,11,9,12,2,6,8,7,4,12.17,3,43.04,83.95,68.83,55.2,31.28,36.13,5,1,8,6
core/src/main/java/com/alibaba/druid/sql/ast/expr/SQLBinaryOpExpr.java,SQLBinaryOpExpr.java,1,1,63,60.62,906,906,0,71,62,31,71,35,21,12.84,100,54,28,10,31,84,46.44,36.23,30.02,80,51,False,74.11,50.3,20.73,3.66,70.04,medium,high,high,0.73,730,730,41,135,79.72,81.81,18,56,7,7,6,65,74,47,22,76,16,10.93,53,46.96,17.71,66.93,43.48,85.12,90.56,20,1,30,3
core/src/main/java/com/alibaba/druid/sql/ast/expr/SQLBinaryOpExprGroup.java,SQLBinaryOpExprGroup.java,1,1,5,21.19,194,194,0,12,16,19,15,15,19,48.28,34,2,13,7,4,10,53.21,9.91,86.34,16,7,True,27.44,43.59,65.74,57.87,7.01,low,low,low,0.151,151,151,15,28,1.49,52.7,19,16,1,8,13,11,15,5,6,9,2,31.62,15,18.48,11.3,26.37,5.09,80.62,40.92,13,1,11,13
core/src/main/java/com/alibaba/druid/sql/ast/expr/SQLBinaryOperator.java,SQLBinaryOperator.java,1,1,2,37.66,188,188,0,13,6,12,12,1,3,34.98,46,5,18,4,0,11,82.21,92.76,78.6,17,5,False,75.0,36.46,89.57,84.75,83.56,medium,high,high,0.142,142,142,20,26,37.9,22.33,16,3,15,0,10,13,10,8,12,1,3,72.01,4,11.69,29.76,10.88,24.92,46.63,62.14,15,0,5,7
core/src/main/java/com/alibaba/druid/sql/ast/expr/SQLBooleanExpr.java,SQLBooleanExpr.java,1,1,2,35.32,100,100,0,0,3,1,6,4,10,88.85,9,8,7,3,0,0,18.4,41.0,58.47,9,0,True,37.19,8.75,65.08,59.89,20.42,high,low,low,0.068,68,68,15,17,41.46,48.29,5,8,9,8,5,10,5,8,2,2,2,72.69,4,9.52,99.14,72.08,46.7,60.93,62.45,7,1,9,5
core/src/main/java/com/alibaba/druid/sql/ast/expr/SQLCaseExpr.java,SQLCaseExpr.java,1,1,4,74.24,314,314,0,12,4,28,10,20,25,51.13,80,21,7,5,30,10,71.26,18.25,23.18,26,21,True,5.59,16.3,14.93,12.35,31.99,high,low,low,0.255,255,255,15,44,62.71,62.88,0,15,27,21,3,9,2,15,5,20,23,47.26,17,92.69,18.4,59.44,12.47,36.85,15.69,10,2,23,11
core/src/main/java/com/alibaba/druid/sql/ast/expr/SQLCaseStatement.java,SQLCaseStatement.java,1,1,9,16.34,210,210,0,17,7,19,8,6,14,61.17,52,11,0,6,5,0,20.42,51.21,71.38,3,8,False,91.72,11.54,18.6,84.22,89.41,low,high,medium,0.166,166,166,15,29,45.86,61.16,19,19,3,17,5,0,17,10,13,15,1,10.77,3,92.17,27.12,22.84,32.1,40.1,21.69,11,2,13,20
core/src/main/java/com/alibaba/druid/sql/ast/expr/SQLCastExpr.java,SQLCastExpr.java,1,1,5,10.06,162,162,0,3,0,3,4,2,13,26.21,30,4,9,4,11,2,1.09,17.12,33.81,9,3,True,82.44,33.31,55.78,93.45,95.96,medium,medium,low,0.121,121,121,15,26,36.08,89.66,8,15,9,15,11,1,9,7,11,13,12,61.18,11,42.3,38.51,35.05,25.46,60.42,72.29,2,1,17,16
core/src/main/java/com/alibaba/druid/sql/ast/expr/SQLCharExpr.java,SQLCharExpr.java,1,1,4,28.97,105,105,0,0,3,10,3,3,9,36.65,4,6,1,3,7,1,75.7,38.1,60.38,10,2,True,54.85,59.77,43.28,44.18,27.77,medium,high,low,0.07,70,70,15,20,77.08,55.99,3,10,8,9,8,2,2,10,3,9,6,50.43,8,49.41,70.58,12.2,37.15,93.54,74.08,5,1,12,0
core/src/main/java/com/alibaba/druid/sql/ast/expr/SQLContainsExpr.java,SQLContainsExpr.java,1,1,13,4.23,175,175,0,3,13,17,12,0,4,12.94,30,12,7,6,10,8,16.65,49.15,36.01,17,6,True,0.6,64.53,99.79,74.67,23.82,high,high,high,0.136,136,136,15,24,70.37,12.22,10,10,11,4,0,1,16,0,6,16,8,73.49,0,11.64,3.13,91.28,63.86,92.28,62.49,1,1,11,6
core/src/main/java/com/alibaba/druid/sql/ast/expr/SQLCurrentOfCursorExpr.java,SQLCurrentOfCursorExpr.java,1,1,9,13.8,111,111,0,9,10,5,11,3,8,31.25,16,7,1,4,10,8,30.82,62.11,8.19,4,6,False,54.92,71.93,56.2,68.51,58.32,low,low,medium,0.082,82,82,15,14,48.01,73.87,10,2,9,2,9,3,3,11,10,7,5,50.57,3,32.52,28.25,17.95,1.54,2.32,61.42,5,1,8,2
core/src/main/java/com/alibaba/druid/sql/ast/expr/SQLDateExpr.java,SQLDateExpr.java,1,1,1,80.19,311,311,0,30,0,29,5,28,25,94.22,77,13,21,5,31,19,48.15,80.37,14.15,22,29,False,59.56,47.13,85.08,90.84,69.92,medium,low,high,0.251,251,251,18,42,31.84,30.78,10,28,8,0,28,8,8,5,27,25,16,35.32,17,30.65,64.67,94.89,34.77,49.11,89.59,8,1,11,30
core/src/main/java/com/alibaba/druid/sql/ast/expr/SQLDateTimeExpr.java,SQLDateTimeExpr.java,1,1,8,42.77,138,138,0,5,13,5,0,2,7,68.58,29,11,5,3,12,0,79.05,96.3,21.24,0,12,False,29.22,58.12,96.43,8.41,48.02,low,medium,medium,0.103,103,103,15,20,12.47,4.13,2,8,9,9,0,7,5,5,6,3,12,68.22,8,55.27,31.48,7.94,84.55,39.68,69.55,6,1,5,1
core/src/main/java/com/alibaba/druid/sql/ast/expr/SQLDateTypeExpr.java,SQLDateTypeExpr.java,1,1,0,6.56,15,15,0,1,0,0,0,1,0,6.72,1,0,1,2,0,1,8.04,14.15,1.02,0,1,False,2.93,9.43,15.0,1.8,9.15,medium,low,medium,0.011,11,11,0,4,0.19,8.36,1,1,0,0,0,0,1,0,0,0,1,6.16,0,6.55,13.57,10.23,1.58,0.32,3.48,1,1,0,1
core/src/main/java/com/alibaba/druid/sql/ast/expr/SQLDbLinkExpr.java,SQLDbLinkExpr.java,1,1,8,79.32,145,145,0,13,1,13,2,8,3,1.52,16,4,1,4,9,9,73.24,41.11,71.11,7,3,False,30.01,91.5,95.54,73.38,91.91,high,medium,low,0.107,107,107,15,23,98.38,78.09,7,8,1,4,13,1,12,11,6,1,12,95.93,3,93.46,24.16,83.92,38.09,75.04,30.44,8,1,13,13
core/src/main/java/com/alibaba/druid/sql/ast/expr/SQLDecimalExpr.java,SQLDecimalExpr.java,1,1,1,68.73,118,118,0,9,1,4,4,10,11,25.43,12,11,6,4,11,10,58.26,88.96,76.54,1,1,True,32.55,29.41,13.86,11.66,55.56,low,high,high,0.085,85,85,15,18,86.62,53.71,5,10,1,1,5,0,11,10,6,4,2,87.4,10,63.54,68.91,40.2,22.43,79.32,39.31,6,1,10,10
core/src/main/java/com/alibaba/druid/sql/ast/expr/SQLDefaultExpr.java,SQLDefaultExpr.java,1,1,1,38.47,53,53,0,5,5,1,2,1,1,10.9,3,4,1,2,0,1,51.78,31.02,24.34,3,4,True,4.08,39.64,40.49,32.47,43.81,medium,high,high,0.03,30,30,15,8,45.02,37.3,0,3,0,3,2,2,0,1,5,2,3,44.11,4,0.07,14.94,5.95,51.39,25.03,39.23,5,1,5,0
core/src/main/java/com/alibaba/druid/sql/ast/expr/SQLDoubleExpr.java,SQLDoubleExpr.java,1,1,10,88.74,105,105,0,5,4,5,3,5,9,58.09,7,10,2,3,3,5,58.53,71.14,61.15,7,4,True,39.98,35.11,78.72,58.47,8.57,high,medium,low,0.07,70,70,15,20,95.07,95.88,8,0,2,8,0,1,1,7,0,4,1,11.76,10,33.47,40.08,87.94,54.13,69.81,66.71,3,1,9,3
core/src/main/java/com/alibaba/druid/sql/ast/expr/SQLExistsExpr.java,SQLExistsExpr.java,1,1,2,43.69,121,121,0,2,11,12,12,4,1,93.07,17,10,10,4,12,4,3.77,3.27,78.96,4,9,False,49.47,99.12,39.45,51.49,35.32,high,medium,medium,0.088,88,88,15,18,86.77,8.75,11,2,12,2,4,10,4,4,1,1,0,27.24,10,1.52,53.91,18.3,92.34,73.19,87.32,12,1,9,0
core/src/main/java/com/alibaba/druid/sql/ast/expr/SQLExprUtils.java,SQLExprUtils.java,1,1,6,88.71,186,186,0,5,10,17,2,15,9,9.16,58,1,2,6,15,2,5.87,76.31,58.82,15,11,False,0.59,24.21,66.41,49.67,4.49,high,high,medium,0.14,140,140,15,31,10.47,81.09,15,11,13,13,15,11,4,11,2,15,4,51.27,9,47.04,52.45,24.34,37.1,80.8,51.67,12,1,0,3
core/src/main/java/com/alibaba/druid/sql/ast/expr/SQLExtractExpr.java,SQLExtractExpr.java,1,1,8,8.78,122,122,0,9,2,5,8,5,5,30.33,18,5,4,4,9,9,99.74,7.12,68.13,7,2,False,47.92,56.66,9.42,72.14,66.0,medium,low,high,0.092,92,92,15,15,68.89,16.63,3,5,9,0,5,9,8,11,12,1,0,66.73,5,39.56,70.79,21.16,4.68,24.47,21.35,12,1,11,5
core/src/main/java/com/alibaba/druid/sql/ast/expr/SQLFlashbackExpr.java,SQLFlashbackExpr.java,1,1,7,70.74,118,118,0,2,0,0,6,8,4,17.7,15,4,0,4,8,2,16.24,28.5,20.65,1,0,True,94.27,89.89,52.03,14.2,1.86,medium,high,low,0.082,82,82,18,18,23.38,58.35,8,11,4,2,1,10,4,7,3,2,4,96.76,8,76.61,22.41,71.01,21.64,10.42,88.46,10,1,9,8
core/src/main/java/com/alibaba/druid/sql/ast/expr/SQLFloatExpr.java,SQLFloatExpr.java,1,1,3,37.63,105,105,0,10,9,0,2,0,4,68.76,7,10,8,3,6,4,15.22,85.97,22.76,4,2,False,90.84,70.06,54.12,49.23,14.78,low,low,high,0.07,70,70,15,20,49.23,22.84,10,0,6,5,0,9,6,9,10,7,3,82.29,0,16.8,16.76,25.89,80.93,54.02,10.11,9,1,9,5
core/src/main/java/com/alibaba/druid/sql/ast/expr/SQLGroupingSetExpr.java,SQLGroupingSetExpr.java,1,1,6,96.63,100,100,0,0,1,6,0,1,1,44.46,12,0,10,4,9,3,51.77,68.95,19.0,10,0,False,21.22,50.81,92.7,45.95,92.36,high,medium,medium,0.074,74,74,15,11,0.42,71.94,3,7,7,1,5,2,9,2,5,8,8,53.74,2,95.97,84.88,8.32,34.66,45.51,82.83,6,1,7,2
core/src/main/java/com/alibaba/druid/sql/ast/expr/SQLHexExpr.java,SQLHexExpr.java,1,1,7,67.96,101,101,0,8,10,7,6,7,9,84.89,13,0,1,4,9,1,65.31,75.78,76.68,10,4,True,25.03,22.19,59.77,90.55,79.31,low,low,low,0.072,72,72,15,14,2.45,43.71,4,4,5,6,8,0,4,8,0,4,7,16.49,6,63.76,8.71,82.44,8.98,14.87,18.43,4,1,7,3
core/src/main/java/com/alibaba/druid/sql/ast/expr/SQLIdentifierExpr.java,SQLIdentifierExpr.java,1,1,10,98.99,308,308,0,13,14,26,21,13,12,1.6,59,11,1,6,28,4,74.97,74.15,63.46,25,20,True,51.44,81.41,28.89,65.44,85.6,high,low,high,0.235,235,235,15,58,87.32,34.09,27,22,25,8,2,20,29,30,28,24,28,42.65,10,29.97,46.2,47.31,35.5,38.67,22.42,8,1,33,4
core/src/main/java/com/alibaba/druid/sql/ast/expr/SQLInListExpr.java,SQLInListExpr.java,1,1,12,87.67,231,231,0,23,11,10,7,17,19,32.4,39,3,9,6,17,5,77.35,56.7,7.97,15,14,True,92.13,84.09,30.85,68.6,46.04,high,medium,medium,0.18,180,180,16,35,19.28,74.05,13,3,15,22,12,0,11,4,8,8,7,87.76,23,15.98,4.74,21.01,20.9,51.18,47.65,12,1,16,9
core/src/main/java/com/alibaba/druid/sql/ast/expr/SQLInSubQueryExpr.java,SQLInSubQueryExpr.java,1,1,6,5.83,188,188,0,3,7,3,17,2,6,57.26,30,16,0,4,18,4,14.63,53.07,21.36,5,15,False,6.46,17.64,55.37,56.0,87.83,medium,high,high,0.143,143,143,17,28,33.89,97.41,4,16,4,13,6,7,0,0,9,13,0,46.02,10,81.1,96.6,12.73,49.53,36.97,83.55,12,1,16,0
core/src/main/java/com/alibaba/druid/sql/ast/expr/SQLIntegerExpr.java,SQLIntegerExpr.java,1,1,2,7.73,217,217,0,2,1,18,10,7,3,98.9,41,14,19,4,5,3,47.61,88.08,49.71,4,16,False,89.83,65.5,81.09,80.48,12.58,high,low,low,0.163,163,163,15,39,84.17,55.95,4,5,9,17,10,8,2,13,9,5,20,75.23,9,18.17,83.28,77.06,77.41,41.88,71.57,12,1,14,14
core/src/main/java/com/alibaba/druid/sql/ast/expr/SQLIntervalExpr.java,SQLIntervalExpr.java,1,1,12,37.56,137,137,0,9,11,4,3,13,7,66.81,19,2,5,4,11,13,7.47,63.99,60.85,1,6,True,69.76,70.11,15.35,33.4,75.64,high,low,medium,0.103,103,103,15,19,74.64,36.84,6,3,11,1,2,11,12,10,9,0,1,68.56,5,12.36,87.43,26.06,35.87,0.45,58.95,5,1,12,5
core/src/main/java/com/alibaba/druid/sql/ast/expr/SQLIntervalUnit.java,SQLIntervalUnit.java,1,1,6,2.08,147,147,0,12,14,9,6,0,1,23.33,29,1,14,4,6,7,19.21,32.58,31.31,1,14,True,72.17,77.89,70.4,61.37,1.81,low,low,low,0.121,121,121,15,11,17.86,68.51,0,4,7,2,5,1,10,0,0,5,6,61.35,1,58.19,79.11,0.27,5.85,35.02,6.94,5,0,1,4
core/src/main/java/com/alibaba/druid/sql/ast/expr/SQLJSONExpr.java,SQLJSONExpr.java,1,1,2,26.51,76,76,0,3,3,6,0,5,3,17.95,8,1,7,3,7,6,0.58,21.24,11.84,2,7,False,54.63,28.87,0.95,1.75,54.33,low,high,high,0.048,48,48,15,13,69.67,12.59,6,2,3,0,6,0,0,4,5,7,5,50.51,1,27.78,70.56,54.13,71.99,58.45,31.23,7,1,7,6
core/src/main/java/com/alibaba/druid/sql/ast/expr/SQLListExpr.java,SQLListExpr.java,1,1,2,91.98,124,124,0,10,5,12,5,2,6,26.97,16,2,11,5,4,10,93.73,23.24,54.04,0,0,False,59.3,58.86,93.4,58.25,71.58,high,high,high,0.095,95,95,15,14,22.2,21.96,3,11,10,7,9,8,0,5,11,0,5,95.73,5,26.74,35.58,32.27,31.95,90.35,68.51,2,1,7,3
core/src/main/java/com/alibaba/druid/sql/ast/expr/SQLLiteralExpr.java,SQLLiteralExpr.java,1,1,2,5.68,22,22,0,1,2,0,2,1,1,6.31,3,1,1,1,1,1,0.43,21.96,1.5,2,0,True,10.97,2.2,9.8,12.05,5.96,medium,high,medium,0.005,5,5,15,2,12.18,21.0,2,0,1,1,1,1,0,0,1,0,2,1.8,0,17.77,7.12,0.83,17.91,5.29,3.58,2,0,0,1
core/src/main/java/com/alibaba/druid/sql/ast/expr/SQLMatchAgainstExpr.java,SQLMatchAgainstExpr.java,1,1,7,92.13,181,181,0,5,2,6,17,10,5,50.04,49,11,9,6,0,9,23.97,57.84,5.03,2,15,True,19.81,84.47,0.1,91.91,40.28,low,low,low,0.142,142,142,15,24,76.47,57.79,9,3,9,9,10,5,18,15,0,18,17,48.21,12,10.29,43.24,89.01,97.0,54.9,27.03,14,1,11,4
core/src/main/java/com/alibaba/druid/sql/ast/expr/SQLMethodInvokeExpr.java,SQLMethodInvokeExpr.java,1,1,31,50.25,641,641,0,47,3,10,16,30,33,24.77,100,59,52,5,24,29,36.31,69.89,85.12,37,45,False,17.14,55.92,44.87,13.11,47.86,medium,high,medium,0.508,508,508,28,105,4.18,33.4,3,27,58,8,26,56,0,48,1,56,52,64.07,17,38.72,81.21,7.88,2.09,34.35,80.98,12,1,39,7
core/src/main/java/com/alibaba/druid/sql/ast/expr/SQLNCharExpr.java,SQLNCharExpr.java,1,1,4,59.87,61,61,0,3,6,0,1,1,3,31.26,5,2,2,3,3,3,26.53,57.45,22.25,2,0,False,35.55,27.24,54.29,6.63,31.01,medium,high,medium,0.036,36,36,15,10,9.75,7.27,5,0,0,2,0,3,6,4,2,2,3,10.2,4,2.73,51.9,36.07,4.07,53.96,60.52,1,1,4,3
core/src/main/java/com/alibaba/druid/sql/ast/expr/SQLNotExpr.java,SQLNotExpr.java,1,1,7,8.17,124,124,0,4,9,8,3,8,12,80.3,17,1,5,4,8,4,88.5,84.56,89.26,0,1,False,5.81,52.84,87.01,14.12,42.33,low,high,low,0.093,93,93,15,16,85.4,10.47,1,1,5,8,10,7,12,12,3,3,6,3.47,9,1.51,39.33,24.34,57.85,46.49,97.87,5,1,10,6
core/src/main/java/com/alibaba/druid/sql/ast/expr/SQLNullExpr.java,SQLNullExpr.java,1,1,2,0.67,66,66,0,3,0,5,2,0,0,41.12,3,4,1,2,4,3,19.45,63.06,16.59,6,0,True,41.6,10.39,9.37,0.11,43.08,low,high,medium,0.038,38,38,15,13,62.25,58.38,1,3,0,6,3,1,6,2,0,6,1,9.44,5,63.37,31.97,27.05,44.87,59.29,65.43,3,1,7,3
core/src/main/java/com/alibaba/druid/sql/ast/expr/SQLNumberExpr.java,SQLNumberExpr.java,1,1,3,96.95,161,161,0,3,10,2,5,3,2,78.0,26,8,2,5,2,7,6.18,58.15,67.22,3,9,False,41.7,4.96,18.92,61.73,72.79,high,high,medium,0.121,121,121,15,25,29.61,23.05,2,3,5,6,16,10,9,4,5,1,15,74.43,9,76.84,35.81,25.41,22.29,83.28,5.09,14,1,9,6
core/src/main/java/com/alibaba/druid/sql/ast/expr/SQLNumericLiteralExpr.java,SQLNumericLiteralExpr.java,1,1,1,21.42,38,38,0,1,2,3,2,1,0,37.61,3,0,1,2,2,0,6.14,10.54,1.18,1,1,False,24.34,3.12,3.02,5.32,1.68,low,medium,medium,0.016,16,16,15,7,5.9,8.47,0,0,0,1,0,1,1,3,2,1,0,19.11,3,20.12,27.95,29.66,3.42,14.91,30.82,0,1,1,3
core/src/main/java/com/alibaba/druid/sql/ast/expr/SQLParametricMethodInvokeExpr.java,SQLParametricMethodInvokeExpr.java,1,1,0,22.63,76,76,0,1,1,7,0,2,3,55.12,5,4,3,3,7,7,61.21,23.31,67.28,6,7,False,0.23,68.59,74.68,8.67,49.99,high,low,medium,0.047,47,47,15,14,29.25,46.72,7,0,5,3,3,2,0,3,6,4,3,17.0,3,4.52,7.69,61.72,9.73,41.4,18.69,6,1,3,7
core/src/main/java/com/alibaba/druid/sql/ast/expr/SQLPatternExpr.java,SQLPatternExpr.java,1,1,6,20.36,100,100,0,7,0,5,10,4,8,3.27,9,9,10,4,8,0,88.19,70.18,73.94,5,5,False,23.7,30.09,94.7,56.27,86.54,high,medium,high,0.086,86,86,0,14,96.51,98.63,4,5,5,4,3,1,4,7,7,4,9,27.57,9,7.37,90.43,55.57,22.84,56.2,67.22,5,1,10,8
core/src/main/java/com/alibaba/druid/sql/ast/expr/SQLPropertyExpr.java,SQLPropertyExpr.java,1,1,30,67.04,464,464,0,6,12,15,2,1,18,10.55,100,39,39,8,8,35,51.85,12.95,10.42,19,7,True,15.21,59.76,18.76,50.68,16.02,low,medium,low,0.366,366,366,17,81,10.52,81.77,33,38,46,44,30,46,20,2,2,11,7,50.59,36,29.6,6.19,24.33,70.22,64.3,36.13,8,1,37,30
core/src/main/java/com/alibaba/druid/sql/ast/expr/SQLQueryExpr.java,SQLQueryExpr.java,1,1,3,22.54,125,125,0,11,5,7,7,5,8,80.3,18,9,4,4,7,10,62.35,62.85,68.53,1,1,False,57.86,96.64,67.82,48.6,81.54,high,high,high,0.091,91,91,15,19,11.29,80.16,7,1,2,2,12,9,1,6,8,2,12,82.18,8,48.28,61.26,30.93,39.43,29.95,6.94,1,1,7,5
core/src/main/java/com/alibaba/druid/sql/ast/expr/SQLRealExpr.java,SQLRealExpr.java,1,1,5,86.83,102,102,0,10,5,1,4,5,6,43.98,8,1,9,3,0,0,22.66,66.36,67.03,1,4,False,15.45,23.69,67.07,66.76,55.62,medium,medium,high,0.067,67,67,15,20,33.18,65.55,9,6,10,5,10,10,6,7,2,6,7,63.54,8,1.29,29.51,17.55,21.43,99.84,28.14,5,1,9,5
core/src/main/java/com/alibaba/druid/sql/ast/expr/SQLSequenceExpr.java,SQLSequenceExpr.java,1,1,1,62.94,130,130,0,10,5,3,4,11,6,0.72,17,11,10,4,5,1,56.14,20.45,21.13,10,9,True,55.72,39.94,21.25,52.28,77.21,medium,low,low,0.096,96,96,15,19,90.85,61.38,12,2,6,2,0,11,12,1,11,3,9,95.88,2,19.46,82.8,24.2,44.86,54.39,5.41,4,1,9,9
core/src/main/java/com/alibaba/druid/sql/ast/expr/SQLSizeExpr.java,SQLSizeExpr.java,1,1,5,28.04,117,117,0,5,2,8,4,3,9,56.93,15,10,6,4,3,9,18.88,17.45,63.68,4,6,False,38.6,39.28,1.72,17.59,8.65,medium,low,medium,0.082,82,82,15,20,14.94,26.62,0,11,3,9,5,2,10,1,11,9,10,54.54,4,21.22,31.56,87.42,32.71,23.78,64.45,9,1,8,2
core/src/main/java/com/alibaba/druid/sql/ast/expr/SQLSmallIntExpr.java,SQLSmallIntExpr.java,1,1,4,71.97,113,113,0,4,7,1,3,6,10,26.37,13,5,5,4,11,4,73.16,55.67,63.68,0,3,True,16.96,88.35,99.36,72.02,97.64,medium,low,low,0.081,81,81,15,17,92.15,98.98,10,4,5,0,3,1,0,3,10,1,6,66.5,6,40.56,10.87,23.83,70.23,90.58,0.24,7,1,8,3
core/src/main/java/com/alibaba/druid/sql/ast/expr/SQLSomeExpr.java,SQLSomeExpr.java,1,1,2,37.49,121,121,0,1,3,5,8,0,12,20.11,18,2,4,4,7,0,9.55,44.36,64.2,11,8,False,5.94,72.32,10.63,22.55,48.91,high,medium,medium,0.089,89,89,15,17,84.85,67.15,3,3,8,6,9,11,3,11,2,11,1,22.97,7,79.74,44.02,62.93,15.34,67.94,0.63,11,1,7,11
core/src/main/java/com/alibaba/druid/sql/ast/expr/SQLStructExpr.java,SQLStructExpr.java,1,1,4,27.01,84,84,0,6,1,1,6,4,5,9.36,6,3,0,4,1,8,55.83,34.16,26.9,1,0,False,24.31,2.72,3.1,11.49,42.19,high,low,low,0.07,70,70,0,14,38.72,21.41,8,8,8,0,8,1,8,6,7,2,3,50.73,3,45.06,75.12,14.51,10.15,71.55,30.29,7,1,10,7
core/src/main/java/com/alibaba/druid/sql/ast/expr/SQLTextLiteralExpr.java,SQLTextLiteralExpr.java,1,1,1,6.65,77,77,0,5,6,6,6,3,5,45.01,11,5,2,4,5,7,51.1,18.42,75.36,7,6,False,37.53,57.71,51.66,32.37,10.42,low,high,medium,0.051,51,51,15,11,73.31,10.38,3,0,7,0,1,1,1,7,6,4,6,56.13,4,36.43,37.93,42.49,25.42,16.4,74.03,5,1,5,2
core/src/main/java/com/alibaba/druid/sql/ast/expr/SQLTimeExpr.java,SQLTimeExpr.java,1,1,9,37.88,150,150,0,6,6,6,3,3,11,98.73,29,5,5,3,8,10,75.17,20.7,84.46,2,15,True,41.07,76.45,5.42,19.84,75.9,high,high,medium,0.112,112,112,15,23,96.48,58.23,6,13,8,0,15,2,7,15,9,1,14,87.03,0,42.69,29.98,52.29,49.45,32.51,69.65,15,1,5,15
core/src/main/java/com/alibaba/druid/sql/ast/expr/SQLTimestampExpr.java,SQLTimestampExpr.java,1,1,10,89.52,593,593,0,29,38,45,41,32,17,3.32,100,0,6,5,12,23,53.92,16.31,83.29,54,30,False,68.19,18.68,73.24,40.04,89.43,high,high,medium,0.503,503,503,20,70,95.59,49.35,4,21,41,23,17,36,54,27,4,39,39,13.56,11,63.21,90.69,85.12,9.47,42.13,66.13,6,1,19,57
core/src/main/java/com/alibaba/druid/sql/ast/expr/SQLTimestampNTZExpr.java,SQLTimestampNTZExpr.java,1,1,32,98.3,337,337,0,7,33,8,7,10,9,17.1,84,30,18,5,31,20,50.25,1.4,58.98,23,5,False,42.49,10.53,75.57,68.41,44.97,high,high,low,0.275,275,275,18,44,99.21,88.72,1,32,28,2,15,20,21,1,13,22,28,25.27,22,36.75,40.53,0.92,76.52,82.82,50.35,6,1,13,17
core/src/main/java/com/alibaba/druid/sql/ast/expr/SQLTinyIntExpr.java,SQLTinyIntExpr.java,1,1,1,32.78,113,113,0,2,2,5,1,6,0,21.77,13,9,4,4,5,3,27.43,71.66,91.89,5,11,False,37.69,67.35,27.3,80.48,5.75,low,low,medium,0.081,81,81,15,17,37.18,95.11,9,11,10,1,10,8,4,9,2,5,1,96.15,10,91.39,46.37,82.92,30.37,86.13,45.98,2,1,8,4
core/src/main/java/com/alibaba/druid/sql/ast/expr/SQLTypeExpr.java,SQLTypeExpr.java,1,1,9,79.4,107,107,0,3,4,1,5,8,10,58.7,18,0,7,4,10,4,92.23,92.68,45.13,10,6,True,81.47,60.25,61.97,15.27,1.98,medium,medium,low,0.096,96,96,0,11,95.14,40.04,5,2,2,10,8,8,4,8,4,6,5,22.24,10,78.53,36.99,93.55,29.4,76.44,72.15,4,1,8,8
core/src/main/java/com/alibaba/druid/sql/ast/expr/SQLUnaryExpr.java,SQLUnaryExpr.java,1,1,0,72.54,136,136,0,6,11,6,7,12,0,93.27,22,9,5,4,10,2,68.31,13.08,7.61,5,5,True,94.8,46.34,18.75,15.73,96.76,medium,medium,high,0.104,104,104,15,17,8.12,59.03,13,0,4,12,1,10,7,1,11,3,4,60.16,6,21.8,37.52,97.49,75.15,1.82,46.55,12,1,10,8
core/src/main/java/com/alibaba/druid/sql/ast/expr/SQLUnaryOperator.java,SQLUnaryOperator.java,1,1,2,9.06,36,36,0,2,2,1,3,1,0,16.8,3,2,1,2,3,0,10.49,16.01,22.85,0,0,True,27.49,35.91,19.83,10.66,2.7,medium,high,medium,0.017,17,17,16,3,12.06,6.84,1,0,2,1,3,0,1,1,1,3,3,32.51,1,14.27,24.68,23.21,3.19,19.94,15.44,3,0,0,1
core/src/main/java/com/alibaba/druid/sql/ast/expr/SQLValuableExpr.java,SQLValuableExpr.java,1,1,1,15.39,23,23,0,2,2,0,1,1,0,18.55,3,0,1,1,0,2,2.75,12.35,14.35,0,2,True,3.99,11.41,9.19,17.33,7.34,high,low,low,0.005,5,5,15,3,22.39,1.88,1,2,1,2,2,0,0,1,2,2,2,21.16,0,2.78,3.67,14.94,4.76,8.47,14.36,2,0,0,1
core/src/main/java/com/alibaba/druid/sql/ast/expr/SQLValuesExpr.java,SQLValuesExpr.java,1,1,2,41.38,74,74,0,0,5,5,1,2,4,18.67,8,6,3,4,7,1,62.77,56.42,68.34,2,0,True,36.26,65.64,4.6,19.1,31.13,low,low,medium,0.06,60,60,0,14,43.43,22.64,5,4,4,1,5,1,2,7,0,3,6,59.62,5,8.65,36.19,53.75,4.13,71.87,10.15,6,1,6,4
core/src/main/java/com/alibaba/druid/sql/ast/expr/SQLVariantRefExpr.java,SQLVariantRefExpr.java,1,1,2,62.18,185,185,0,9,8,17,13,12,17,20.72,26,0,8,5,1,3,16.7,24.84,4.27,1,8,False,68.24,61.93,43.65,29.5,72.85,low,low,high,0.138,138,138,15,32,80.12,2.73,5,10,6,16,14,17,9,16,16,13,5,36.27,0,53.63,89.93,88.38,75.83,26.49,13.3,11,1,17,18
core/src/main/java/com/alibaba/druid/sql/ast/statement/SQLAlterCharacter.java,SQLAlterCharacter.java,1,1,3,16.47,50,50,0,5,3,1,5,5,3,18.38,4,1,4,3,3,4,42.84,14.6,25.48,3,5,True,19.47,19.37,19.09,25.94,40.71,low,low,low,0.027,27,27,15,8,23.32,18.23,4,5,3,5,3,0,1,3,1,4,2,3.05,0,39.22,10.2,39.35,43.58,48.55,20.44,4,1,5,5
core/src/main/java/com/alibaba/druid/sql/ast/statement/SQLAlterDatabaseItem.java,SQLAlterDatabaseItem.java,1,1,1,5.25,21,21,0,2,1,2,2,1,0,18.6,3,2,0,0,2,2,16.73,5.72,5.64,1,0,True,12.44,11.08,11.77,6.3,13.65,medium,high,high,0.004,4,4,15,2,13.83,20.4,2,0,2,0,2,0,2,0,0,2,2,19.13,0,0.29,12.92,0.2,0.75,17.84,5.42,2,0,0,0
core/src/main/java/com/alibaba/druid/sql/ast/statement/SQLAlterDatabaseStatement.java,SQLAlterDatabaseStatement.java,1,1,4,5.46,98,98,0,8,6,4,7,6,6,26.99,6,3,2,3,9,0,88.59,79.44,48.88,7,0,True,82.21,34.33,65.61,33.0,11.18,high,high,low,0.065,65,65,15,18,33.45,83.03,5,9,3,3,1,5,6,0,2,5,0,22.94,6,0.4,28.86,25.96,94.94,77.15,34.7,6,1,9,8
core/src/main/java/com/alibaba/druid/sql/ast/statement/SQLAlterFunctionStatement.java,SQLAlterFunctionStatement.java,1,1,1,4.16,113,113,0,0,2,8,2,9,2,33.28,7,5,5,3,3,4,26.53,70.43,42.37,1,5,False,89.69,97.82,5.17,35.26,41.45,high,low,high,0.078,78,78,15,20,44.25,29.69,11,0,6,6,0,1,6,8,5,9,7,88.51,2,12.35,55.39,3.54,91.19,64.25,28.81,4,1,16,7
core/src/main/java/com/alibaba/druid/sql/ast/statement/SQLAlterIndexStatement.java,SQLAlterIndexStatement.java,1,1,4,31.25,169,169,0,15,6,3,8,13,3,81.93,7,15,2,4,15,1,40.23,83.64,30.47,9,15,False,31.31,85.78,7.38,23.52,73.55,medium,medium,low,0.122,122,122,15,32,36.43,93.38,11,6,16,15,16,9,10,2,5,15,16,77.03,1,88.13,21.38,36.25,67.68,93.07,52.74,11,2,26,13
core/src/main/java/com/alibaba/druid/sql/ast/statement/SQLAlterMaterializedViewStatement.java,SQLAlterMaterializedViewStatement.java,1,1,10,44.97,183,183,0,5,7,6,11,7,8,0.95,15,12,16,3,12,7,72.35,30.73,43.33,4,10,True,56.34,18.27,93.11,42.65,58.13,low,medium,high,0.13,130,130,16,37,58.87,21.76,6,5,18,1,10,12,11,18,8,8,8,17.06,8,14.5,82.13,14.34,44.22,47.71,69.09,5,1,29,10
core/src/main/java/com/alibaba/druid/sql/ast/statement/SQLAlterOutlineStatement.java,SQLAlterOutlineStatement.java,1,1,0,24.53,92,92,0,7,2,3,4,3,2,64.77,6,0,7,3,6,4,19.56,79.15,81.22,0,3,False,90.72,78.13,20.64,67.65,81.85,medium,high,low,0.061,61,61,15,16,23.28,10.11,5,3,6,4,8,5,3,6,8,7,0,90.21,4,39.96,52.93,63.64,62.07,83.34,42.08,8,1,9,7
core/src/main/java/com/alibaba/druid/sql/ast/statement/SQLAlterProcedureStatement.java,SQLAlterProcedureStatement.java,1,1,1,69.17,106,106,0,10,8,7,10,7,6,88.7,6,9,9,3,9,10,49.89,2.67,74.64,4,3,True,16.56,65.5,37.3,68.4,22.22,low,low,medium,0.071,71,71,15,20,57.51,84.47,10,9,10,4,10,0,6,10,3,7,4,12.91,1,11.65,19.83,88.41,20.84,91.81,83.56,1,1,16,4
core/src/main/java/com/alibaba/druid/sql/ast/statement/SQLAlterSequenceStatement.java,SQLAlterSequenceStatement.java,1,1,12,0.47,232,232,0,0,18,5,8,3,2,77.23,11,3,16,3,15,3,94.66,45.32,40.4,20,11,False,44.22,41.46,55.79,99.61,21.55,medium,high,low,0.183,183,183,0,49,23.24,3.52,5,20,13,15,18,12,2,17,16,21,4,84.25,20,81.73,49.5,45.51,72.68,35.01,58.01,20,1,37,20
core/src/main/java/com/alibaba/druid/sql/ast/statement/SQLAlterStatement.java,SQLAlterStatement.java,1,1,2,3.33,22,22,0,0,1,1,0,0,2,18.42,3,0,2,2,0,1,11.45,3.29,4.13,0,0,False,15.73,1.53,18.82,2.92,2.1,medium,medium,medium,0.006,6,6,15,1,12.32,14.33,1,1,1,1,2,0,2,2,1,2,1,9.32,0,10.59,10.82,0.1,1.5,0.67,18.9,1,0,0,1
core/src/main/java/com/alibaba/druid/sql/ast/statement/SQLAlterSystemGetConfigStatement.java,SQLAlterSystemGetConfigStatement.java,1,1,1,37.15,40,40,0,4,4,2,1,3,4,3.75,4,4,2,3,1,4,0.08,32.65,0.97,0,1,True,23.85,2.22,18.88,5.96,32.46,low,high,medium,0.02,20,20,15,5,20.57,39.54,0,1,1,3,0,4,1,3,1,1,3,30.72,4,3.7,20.24,22.98,20.98,13.16,25.34,3,1,3,1
core/src/main/java/com/alibaba/druid/sql/ast/statement/SQLAlterSystemSetConfigStatement.java,SQLAlterSystemSetConfigStatement.java,1,1,0,8.21,44,44,0,1,2,3,4,4,0,43.02,4,0,1,3,4,2,40.44,38.27,13.36,4,3,False,42.59,38.58,15.79,25.86,24.64,low,high,low,0.022,22,22,15,7,14.66,0.54,4,1,1,0,3,4,4,1,1,1,2,8.07,2,17.8,8.55,33.73,30.38,40.64,35.23,2,1,2,2
core/src/main/java/com/alibaba/druid/sql/ast/statement/SQLAlterTableAddClusteringKey.java,SQLAlterTableAddClusteringKey.java,1,1,0,44.51,56,56,0,0,0,1,3,5,2,9.77,6,2,5,4,1,2,26.17,53.88,17.26,0,3,False,43.24,33.41,54.58,29.11,30.8,low,high,high,0.033,33,33,15,8,29.65,24.64,1,2,5,2,4,5,4,1,5,0,4,3.32,2,21.2,7.22,28.81,24.03,25.09,52.51,0,1,3,0
core/src/main/java/com/alibaba/druid/sql/ast/statement/SQLAlterTableAddColumn.java,SQLAlterTableAddColumn.java,1,1,11,34.36,112,112,0,6,5,5,5,6,4,66.42,12,7,4,3,3,4,98.19,9.07,92.88,6,8,False,64.67,91.87,81.7,1.63,25.81,medium,low,medium,0.075,75,75,16,21,90.24,1.47,9,8,9,1,0,7,0,8,5,6,5,75.72,4,71.44,4.21,2.35,49.66,72.1,21.19,11,1,15,10
core/src/main/java/com/alibaba/druid/sql/ast/statement/SQLAlterTableAddConstraint.java,SQLAlterTableAddConstraint.java,1,1,6,30.84,76,76,0,4,2,5,5,4,7,16.69,5,0,6,3,1,0,24.53,73.88,0.6,7,2,True,43.58,51.31,41.54,35.08,45.64,high,medium,high,0.048,48,48,15,13,9.33,64.08,7,4,6,5,7,0,4,0,5,1,0,55.16,0,44.95,28.31,43.27,24.1,49.22,61.11,2,1,9,1
core/src/main/java/com/alibaba/druid/sql/ast/statement/SQLAlterTableAddExtPartition.java,SQLAlterTableAddExtPartition.java,1,1,1,20.94,38,38,0,2,1,0,3,2,3,6.94,2,0,3,3,1,2,27.58,25.67,29.85,1,0,False,29.83,6.3,26.03,9.7,11.46,low,high,high,0.028,28,28,4,6,33.09,37.87,1,3,2,0,0,3,0,3,0,3,0,27.77,1,15.56,30.29,9.96,27.4,23.01,6.38,1,1,4,0
core/src/main/java/com/alibaba/druid/sql/ast/statement/SQLAlterTableAddIndex.java,SQLAlterTableAddIndex.java,1,1,9,90.46,226,226,0,20,11,9,16,22,5,62.32,16,22,19,5,6,4,72.6,48.25,8.44,22,6,False,78.05,2.33,9.77,34.57,13.76,high,high,low,0.167,167,167,15,44,5.24,44.85,9,9,19,16,0,13,19,19,9,2,1,1.94,18,90.59,61.14,63.9,15.63,53.86,39.81,6,1,35,6
core/src/main/java/com/alibaba/druid/sql/ast/statement/SQLAlterTableAddPartition.java,SQLAlterTableAddPartition.java,1,1,8,59.14,82,82,0,4,2,0,2,7,2,22.91,12,0,7,3,3,5,79.07,14.0,61.45,1,2,False,44.95,23.0,32.59,70.79,20.11,low,low,medium,0.055,55,55,15,12,76.61,21.16,5,4,4,8,0,4,8,2,6,7,7,16.1,0,66.67,79.95,18.98,44.67,57.34,6.3,3,1,8,5
core/src/main/java/com/alibaba/druid/sql/ast/statement/SQLAlterTableAddSupplemental.java,SQLAlterTableAddSupplemental.java,1,1,0,32.93,46,46,0,2,4,3,2,2,4,44.23,5,0,2,3,2,2,23.1,36.52,15.93,1,3,True,10.2,22.96,35.03,33.8,21.15,low,low,medium,0.024,24,24,15,7,41.04,34.35,1,0,0,1,4,2,1,1,2,4,0,3.01,4,4.68,12.84,11.34,33.62,17.23,2.1,2,1,3,3
core/src/main/java/com/alibaba/druid/sql/ast/statement/SQLAlterTableAlterColumn.java,SQLAlterTableAlterColumn.java,1,1,9,1.37,127,127,0,9,12,11,6,12,5,39.83,7,5,9,3,3,4,12.5,83.59,44.73,2,0,False,61.59,54.61,90.93,54.73,49.54,high,medium,medium,0.09,90,90,15,22,74.27,17.18,8,2,11,9,6,11,10,11,3,7,12,68.31,12,70.77,32.97,1.56,43.79,29.34,2.59,1,1,19,9
core/src/main/java/com/alibaba/druid/sql/ast/statement/SQLAlterTableAlterIndex.java,SQLAlterTableAlterIndex.java,1,1,7,0.9,226,226,0,13,0,3,3,20,10,22.68,16,10,13,5,9,3,41.03,85.22,10.14,19,13,True,48.46,99.16,14.61,40.53,23.43,high,low,medium,0.167,167,167,15,44,68.49,62.71,0,5,14,3,12,4,11,5,3,15,13,62.02,4,43.08,33.38,2.29,68.56,72.8,14.01,15,1,35,6
core/src/main/java/com/alibaba/druid/sql/ast/statement/SQLAlterTableAnalyzePartition.java,SQLAlterTableAnalyzePartition.java,1,1,4,4.34,46,46,0,0,2,3,3,3,0,3.06,5,2,2,3,3,2,40.25,17.16,10.77,0,3,False,19.03,36.28,5.75,20.74,10.33,low,medium,low,0.025,25,25,15,6,45.57,3.58,0,2,3,1,2,1,2,2,1,0,0,14.8,2,17.28,7.3,44.66,12.71,43.49,41.96,0,1,2,3
core/src/main/java/com/alibaba/druid/sql/ast/statement/SQLAlterTableArchive.java,SQLAlterTableArchive.java,1,1,0,22.12,38,38,0,0,1,2,2,3,0,16.34,4,3,1,3,2,2,33.16,7.25,36.53,3,2,True,36.34,16.85,9.18,31.54,5.26,medium,high,medium,0.018,18,18,15,5,25.46,27.7,3,1,3,2,1,3,1,2,2,2,0,30.27,1,30.16,15.17,9.35,4.87,5.21,23.12,3,1,1,2
core/src/main/java/com/alibaba/druid/sql/ast/statement/SQLAlterTableArchivePartition.java,SQLAlterTableArchivePartition.java,1,1,1,17.59,45,45,0,2,0,1,1,2,0,19.09,5,3,2,3,1,2,22.37,0.32,21.97,0,2,False,15.73,18.28,32.86,43.9,40.73,low,low,low,0.024,24,24,15,6,6.01,17.0,2,1,0,4,0,3,0,3,1,1,0,9.65,2,39.73,20.91,27.56,9.76,39.19,14.42,1,1,2,1
core/src/main/java/com/alibaba/druid/sql/ast/statement/SQLAlterTableAttachPartition.java,SQLAlterTableAttachPartition.java,1,1,4,35.54,50,50,0,0,1,4,0,3,2,49.69,4,3,5,3,5,2,42.34,27.06,4.0,2,1,True,31.39,44.96,45.53,11.9,10.09,high,high,low,0.027,27,27,15,8,15.76,9.09,2,0,1,0,0,0,1,1,5,4,5,45.94,0,30.31,22.09,20.6,41.9,22.77,9.85,2,1,5,0
core/src/main/java/com/alibaba/druid/sql/ast/statement/SQLAlterTableBlockSize.java,SQLAlterTableBlockSize.java,1,1,3,17.38,47,47,0,3,1,4,2,3,4,0.97,5,2,1,3,1,0,0.92,1.97,25.5,1,0,True,28.94,0.25,45.87,24.08,8.41,low,low,high,0.025,25,25,15,7,5.4,26.13,2,2,4,0,0,3,0,3,4,0,1,10.61,0,29.2,24.67,25.62,41.89,4.52,1.02,4,1,3,4
core/src/main/java/com/alibaba/druid/sql/ast/statement/SQLAlterTableChangeOwner.java,SQLAlterTableChangeOwner.java,1,1,3,19.58,49,49,0,0,2,3,3,1,1,20.1,4,3,4,3,1,3,12.4,0.01,6.14,0,1,False,14.59,13.35,22.95,41.21,44.4,low,high,medium,0.027,27,27,15,7,37.57,36.14,3,2,0,3,1,4,2,1,3,4,4,5.53,0,0.21,47.91,19.12,23.87,28.45,45.36,3,1,3,0
core/src/main/java/com/alibaba/druid/sql/ast/statement/SQLAlterTableCheckPartition.java,SQLAlterTableCheckPartition.java,1,1,4,2.06,46,46,0,0,2,4,1,3,0,34.95,5,4,0,3,2,0,12.69,24.03,29.75,0,2,True,18.27,15.81,21.53,28.35,31.07,high,high,low,0.025,25,25,15,6,38.26,11.43,4,1,1,4,0,2,3,1,2,0,0,11.26,1,37.17,43.71,14.4,30.04,39.89,44.12,3,1,2,2
core/src/main/java/com/alibaba/druid/sql/ast/statement/SQLAlterTableCoalescePartition.java,SQLAlterTableCoalescePartition.java,1,1,1,38.04,43,43,0,3,0,1,4,4,4,11.63,5,2,2,3,1,4,34.58,7.07,37.0,4,0,True,37.71,12.27,15.01,25.3,40.99,low,medium,low,0.023,23,23,15,5,19.14,1.12,3,4,3,4,0,4,1,2,2,1,2,24.99,0,25.5,7.62,38.49,38.55,4.43,24.45,0,1,3,0
core/src/main/java/com/alibaba/druid/sql/ast/statement/SQLAlterTableCompression.java,SQLAlterTableCompression.java,1,1,2,21.22,47,47,0,2,4,0,2,3,1,11.52,5,1,0,3,4,3,3.19,1.4,12.59,3,1,True,13.48,31.53,42.14,28.06,0.12,low,medium,high,0.025,25,25,15,7,26.35,14.04,1,3,3,3,4,0,2,0,3,0,3,32.19,0,44.34,40.57,3.16,22.44,3.54,40.87,3,1,3,4
core/src/main/java/com/alibaba/druid/sql/ast/statement/SQLAlterTableConvertCharSet.java,SQLAlterTableConvertCharSet.java,1,1,0,29.76,60,60,0,6,3,1,5,5,6,9.85,6,5,0,3,6,6,15.35,31.06,16.78,0,5,False,47.5,46.02,12.81,7.15,39.1,low,high,high,0.036,36,36,15,9,28.92,56.14,4,2,3,4,5,4,1,1,0,5,3,47.21,0,28.48,39.75,30.1,2.63,11.27,32.76,2,1,5,5
core/src/main/java/com/alibaba/druid/sql/ast/statement/SQLAlterTableDeleteByCondition.java,SQLAlterTableDeleteByCondition.java,1,1,3,37.79,44,44,0,1,0,2,0,3,3,7.38,5,3,0,3,2,2,21.08,39.79,15.57,3,0,False,29.53,27.21,19.09,30.58,42.95,high,medium,medium,0.023,23,23,15,6,24.21,35.92,0,4,2,4,0,0,1,2,2,4,2,22.01,3,4.81,0.81,8.49,33.29,24.13,21.92,3,1,3,0
core/src/main/java/com/alibaba/druid/sql/ast/statement/SQLAlterTableDetachPartition.java,SQLAlterTableDetachPartition.java,1,1,5,7.8,59,59,0,5,1,2,0,1,0,40.78,4,3,4,3,4,5,57.07,43.28,30.29,3,5,False,5.24,15.21,53.33,20.51,27.8,high,medium,high,0.034,34,34,15,10,22.11,11.75,5,0,4,3,1,4,3,0,3,2,3,26.4,3,34.85,33.04,33.26,8.03,17.06,28.71,3,1,7,4
core/src/main/java/com/alibaba/druid/sql/ast/statement/SQLAlterTableDisableConstraint.java,SQLAlterTableDisableConstraint.java,1,1,0,36.55,41,41,0,4,0,2,1,4,4,25.34,4,2,0,3,0,0,1.46,18.13,31.53,4,2,False,11.06,5.05,37.69,26.05,4.06,high,high,high,0.02,20,20,15,6,10.93,3.45,2,1,2,2,2,4,4,4,3,3,3,39.04,1,9.42,2.26,1.07,25.35,30.23,37.32,2,1,3,2
core/src/main/java/com/alibaba/druid/sql/ast/statement/SQLAlterTableDisableKeys.java,SQLAlterTableDisableKeys.java,1,1,2,21.78,28,28,0,2,0,2,2,1,1,23.98,3,2,0,2,1,2,20.93,19.83,20.37,2,0,False,25.57,6.2,2.64,11.11,8.75,low,high,low,0.01,10,10,15,3,27.83,9.34,0,0,1,2,2,2,2,1,0,0,1,2.75,0,13.68,14.64,24.51,1.32,20.87,7.85,1,1,1,1
core/src/main/java/com/alibaba/druid/sql/ast/statement/SQLAlterTableDisableLifecycle.java,SQLAlterTableDisableLifecycle.java,1,1,3,5.02,38,38,0,3,1,2,0,3,3,5.62,5,1,3,3,0,3,36.43,16.49,27.07,2,1,False,31.21,25.33,2.93,22.61,22.64,high,high,low,0.018,18,18,15,5,4.05,7.4,0,0,3,1,1,1,2,1,3,1,0,32.88,0,32.13,17.85,6.27,29.72,36.88,33.14,1,1,1,0
core/src/main/java/com/alibaba/druid/sql/ast/statement/SQLAlterTableDiscardPartition.java,SQLAlterTableDiscardPartition.java,1,1,2,55.78,59,59,0,2,5,3,0,2,4,1.03,5,1,0,3,4,1,27.57,44.61,8.15,1,5,False,31.3,29.61,56.84,39.16,7.65,medium,high,low,0.034,34,34,15,10,21.12,22.46,3,0,3,3,1,5,4,4,1,4,1,26.35,4,17.34,53.41,14.05,28.7,3.54,46.89,3,1,4,1
core/src/main/java/com/alibaba/druid/sql/ast/statement/SQLAlterTableDropCheck.java,SQLAlterTableDropCheck.java,1,1,0,3.57,69,69,0,4,6,2,6,6,2,38.65,9,6,3,3,1,1,42.53,36.29,48.39,0,3,False,38.95,46.13,41.79,22.98,21.95,low,low,high,0.041,41,41,15,13,15.06,51.15,0,5,6,1,6,2,2,6,0,6,4,39.96,3,54.51,6.29,23.05,46.18,22.29,30.75,6,1,9,1
core/src/main/java/com/alibaba/druid/sql/ast/statement/SQLAlterTableDropClusteringKey.java,SQLAlterTableDropClusteringKey.java,1,1,1,15.85,41,41,0,4,0,0,4,4,0,11.6,4,0,3,3,3,1,33.14,29.96,33.9,4,0,True,38.57,16.62,38.95,2.24,31.02,medium,medium,low,0.02,20,20,15,6,12.24,39.01,4,2,0,1,4,4,1,4,3,0,2,28.42,1,18.67,29.82,29.9,10.49,3.21,24.26,2,1,3,3
core/src/main/java/com/alibaba/druid/sql/ast/statement/SQLAlterTableDropColumnItem.java,SQLAlterTableDropColumnItem.java,1,1,5,52.5,78,78,0,7,4,7,3,6,0,4.55,10,4,2,3,2,5,43.31,67.19,45.04,0,6,True,64.66,60.29,22.01,45.23,11.68,high,high,low,0.048,48,48,15,15,12.16,7.61,7,6,5,0,6,3,6,1,6,4,0,53.81,5,21.67,37.89,21.82,0.84,38.11,11.27,1,1,8,0
core/src/main/java/com/alibaba/druid/sql/ast/statement/SQLAlterTableDropConstraint.java,SQLAlterTableDropConstraint.java,1,1,2,36.05,69,69,0,0,0,4,1,4,5,10.15,9,4,6,3,2,2,54.87,29.77,51.51,5,6,True,15.01,30.86,68.14,23.81,27.06,medium,medium,high,0.041,41,41,15,13,65.02,38.36,2,2,3,4,4,3,1,6,3,5,3,62.51,3,31.46,16.74,5.47,26.49,50.66,1.31,0,1,9,5
core/src/main/java/com/alibaba/druid/sql/ast/statement/SQLAlterTableDropExtPartition.java,SQLAlterTableDropExtPartition.java,1,1,0,12.48,38,38,0,0,1,2,2,3,0,15.06,2,2,2,3,3,2,10.8,14.51,19.38,3,0,False,11.94,9.2,22.81,6.99,31.68,low,low,medium,0.028,28,28,4,6,3.68,33.6,2,3,1,3,1,0,1,0,0,2,3,7.16,3,21.67,34.56,7.53,10.45,2.49,18.03,2,1,4,2
core/src/main/java/com/alibaba/druid/sql/ast/statement/SQLAlterTableDropForeignKey.java,SQLAlterTableDropForeignKey.java,1,1,4,9.65,41,41,0,0,4,1,1,3,4,15.73,4,4,1,3,1,1,16.73,27.47,30.96,4,4,True,16.26,1.7,16.93,31.75,13.38,high,high,medium,0.02,20,20,15,6,9.29,15.88,2,4,4,0,3,3,3,1,4,4,1,20.57,1,18.09,19.59,20.92,22.97,24.0,14.26,4,1,3,2
core/src/main/java/com/alibaba/druid/sql/ast/statement/SQLAlterTableDropIndex.java,SQLAlterTableDropIndex.java,1,1,4,12.61,41,41,0,3,1,0,2,1,0,16.78,4,0,2,3,2,0,1.26,33.52,32.21,1,4,False,3.41,35.36,39.11,29.16,0.81,low,low,medium,0.02,20,20,15,6,7.95,13.92,0,3,2,4,1,0,0,4,0,1,3,39.26,3,30.84,7.73,40.86,29.02,37.62,31.7,3,1,3,3
core/src/main/java/com/alibaba/druid/sql/ast/statement/SQLAlterTableDropKey.java,SQLAlterTableDropKey.java,1,1,1,23.93,41,41,0,4,0,2,4,3,1,39.28,4,4,0,3,1,2,33.73,0.09,28.1,2,0,False,0.69,0.22,4.42,19.84,34.87,medium,medium,low,0.02,20,20,15,6,38.4,29.81,4,2,4,1,1,3,0,3,2,3,1,36.74,1,22.55,25.43,26.12,14.78,29.47,11.21,1,1,3,1
core/src/main/java/com/alibaba/druid/sql/ast/statement/SQLAlterTableDropPartition.java,SQLAlterTableDropPartition.java,1,1,5,26.86,64,64,0,4,5,5,3,1,3,35.07,10,1,6,3,3,4,29.77,10.77,45.77,0,0,True,59.26,53.09,1.87,61.48,34.96,high,high,medium,0.039,39,39,15,10,63.28,7.55,1,1,0,2,4,4,5,6,2,0,1,12.16,6,59.6,59.41,49.15,30.45,62.52,13.94,4,1,6,0
core/src/main/java/com/alibaba/druid/sql/ast/statement/SQLAlterTableDropPrimaryKey.java,SQLAlterTableDropPrimaryKey.java,1,1,2,20.73,28,28,0,1,1,0,2,0,1,16.86,3,0,0,2,2,0,19.13,1.7,22.8,0,1,True,22.79,3.98,22.19,15.97,13.76,low,low,low,0.01,10,10,15,3,9.83,23.63,1,0,2,1,1,1,2,1,1,1,0,3.44,2,18.06,25.3,22.39,25.92,23.8,24.68,0,1,1,0
core/src/main/java/com/alibaba/druid/sql/ast/statement/SQLAlterTableDropSubpartition.java,SQLAlterTableDropSubpartition.java,1,1,5,37.4,56,56,0,5,2,5,1,0,3,3.81,4,3,4,3,2,0,35.55,3.03,20.25,4,5,False,12.59,28.51,13.19,34.16,40.06,medium,medium,low,0.032,32,32,15,9,21.5,46.78,1,4,0,5,4,2,4,0,3,4,4,12.26,4,49.37,32.53,8.29,44.05,11.33,20.49,4,1,3,2
core/src/main/java/com/alibaba/druid/sql/ast/statement/SQLAlterTableEnableConstraint.java,SQLAlterTableEnableConstraint.java,1,1,3,24.85,41,41,0,4,4,0,2,4,0,13.95,4,0,3,3,3,2,23.13,36.78,14.47,1,0,True,8.85,36.9,30.57,21.9,30.98,high,high,high,0.02,20,20,15,6,10.87,5.2,2,0,4,1,3,4,1,3,2,2,0,4.76,4,24.44,11.93,37.34,32.18,20.56,19.61,0,1,3,1
core/src/main/java/com/alibaba/druid/sql/ast/statement/SQLAlterTableEnableKeys.java,SQLAlterTableEnableKeys.java,1,1,2,4.21,28,28,0,1,0,2,1,0,2,26.08,3,2,0,2,1,0,20.41,5.27,3.26,0,2,False,3.21,7.7,5.23,6.14,24.05,medium,medium,medium,0.01,10,10,15,3,14.42,21.59,0,1,2,0,2,2,2,2,0,0,1,15.18,1,27.15,17.88,18.4,11.64,10.17,16.0,0,1,1,0
core/src/main/java/com/alibaba/druid/sql/ast/statement/SQLAlterTableEnableLifecycle.java,SQLAlterTableEnableLifecycle.java,1,1,0,34.3,38,38,0,1,0,3,0,3,2,4.15,5,3,1,3,3,2,21.3,25.83,17.09,2,3,False,4.09,11.13,11.83,9.95,4.95,high,high,medium,0.018,18,18,15,5,28.42,17.61,0,0,0,1,0,2,1,3,0,0,3,30.54,0,9.58,26.73,10.1,19.16,7.08,37.55,3,1,1,3
core/src/main/java/com/alibaba/druid/sql/ast/statement/SQLAlterTableExchangePartition.java,SQLAlterTableExchangePartition.java,1,1,5,50.28,76,76,0,2,1,3,7,4,2,36.95,6,0,5,3,2,6,8.53,12.98,30.26,1,0,False,72.45,23.63,38.51,72.8,53.17,low,medium,medium,0.049,49,49,15,12,37.29,47.35,2,3,6,7,0,0,0,4,3,6,0,64.63,0,59.31,6.48,69.47,60.08,58.05,57.97,1,1,7,5
core/src/main/java/com/alibaba/druid/sql/ast/statement/SQLAlterTableGroupStatement.java,SQLAlterTableGroupStatement.java,1,1,0,52.98,61,61,0,4,2,0,3,0,5,31.85,5,5,5,3,3,6,1.83,39.94,24.28,4,5,False,20.9,59.43,12.59,3.29,5.7,low,medium,high,0.035,35,35,15,11,36.27,31.95,0,5,4,1,2,2,1,6,1,5,2,41.91,0,52.38,48.36,44.18,26.79,44.9,42.12,4,1,3,4
core/src/main/java/com/alibaba/druid/sql/ast/statement/SQLAlterTableImportPartition.java,SQLAlterTableImportPartition.java,1,1,2,26.82,56,56,0,2,1,5,5,5,2,47.49,5,5,4,3,2,5,14.52,22.79,25.67,4,2,True,29.27,28.57,54.7,9.94,38.8,low,high,low,0.032,32,32,15,9,48.12,37.46,3,5,3,5,3,1,1,5,5,0,1,11.46,1,17.89,18.48,24.63,36.86,8.57,42.98,3,1,4,2
core/src/main/java/com/alibaba/druid/sql/ast/statement/SQLAlterTableItem.java,SQLAlterTableItem.java,1,1,1,6.11,21,21,0,2,1,0,1,2,0,9.8,3,2,1,0,2,1,13.2,17.25,16.29,1,0,False,20.76,0.55,0.72,4.56,18.75,low,medium,medium,0.004,4,4,15,2,0.27,9.65,1,2,1,1,0,2,1,1,0,1,0,8.54,0,17.57,1.12,11.6,2.95,18.06,12.57,1,0,0,1
core/src/main/java/com/alibaba/druid/sql/ast/statement/SQLAlterTableMergePartition.java,SQLAlterTableMergePartition.java,1,1,0,51.57,76,76,0,0,3,0,7,6,6,42.33,11,7,4,3,0,5,19.89,27.5,5.16,7,7,True,53.77,36.09,48.72,20.37,45.83,high,low,medium,0.049,49,49,15,12,21.76,31.61,3,7,4,5,0,0,2,4,6,0,7,18.91,1,29.36,23.03,62.33,11.17,41.19,30.02,6,1,8,3
core/src/main/java/com/alibaba/druid/sql/ast/statement/SQLAlterTableModifyClusteredBy.java,SQLAlterTableModifyClusteredBy.java,1,1,4,26.53,44,44,0,0,4,2,1,3,3,30.8,5,0,4,3,2,1,13.61,16.55,3.09,1,0,True,15.07,39.37,27.39,33.32,29.04,medium,low,medium,0.022,22,22,15,7,8.37,33.93,4,0,3,4,3,3,3,3,2,4,4,26.59,2,37.36,38.6,17.03,22.34,24.73,43.77,4,1,2,1
core/src/main/java/com/alibaba/druid/sql/ast/statement/SQLAlterTableOptimizePartition.java,SQLAlterTableOptimizePartition.java,1,1,3,40.24,46,46,0,1,1,0,4,4,4,38.65,5,2,3,3,0,4,3.3,9.37,18.36,1,0,True,6.28,24.5,44.39,38.08,16.72,medium,low,high,0.025,25,25,15,6,36.26,45.3,1,3,2,4,4,2,3,3,3,3,0,33.25,2,22.49,41.45,19.79,4.51,12.92,37.78,1,1,2,1
core/src/main/java/com/alibaba/druid/sql/ast/statement/SQLAlterTablePartition.java,SQLAlterTablePartition.java,1,1,2,16.04,31,31,0,2,3,1,2,2,3,0.44,2,2,0,3,0,3,20.18,0.44,2.68,0,3,True,30.62,0.11,4.9,21.08,0.54,high,low,high,0.018,18,18,8,5,7.83,22.82,1,1,0,3,3,0,3,1,0,1,1,10.59,3,21.24,13.38,15.29,0.74,16.52,19.14,3,1,1,2
core/src/main/java/com/alibaba/druid/sql/ast/statement/SQLAlterTablePartitionCount.java,SQLAlterTablePartitionCount.java,1,1,2,13.41,47,47,0,0,2,2,1,4,1,44.23,5,4,2,3,2,0,3.58,25.83,13.66,1,4,True,13.25,34.5,30.46,40.1,43.86,high,low,low,0.025,25,25,15,7,9.99,46.53,4,2,4,4,1,1,1,3,1,4,1,22.64,2,31.62,3.53,12.17,28.5,3.48,13.79,1,1,3,1
core/src/main/java/com/alibaba/druid/sql/ast/statement/SQLAlterTablePartitionLifecycle.java,SQLAlterTablePartitionLifecycle.java,1,1,0,5.45,47,47,0,0,1,2,0,4,3,19.67,17,2,1,3,1,3,40.75,43.49,13.16,1,3,False,27.22,42.35,31.16,36.23,17.33,medium,low,medium,0.025,25,25,15,7,34.95,1.21,1,3,2,1,4,2,0,1,1,0,4,34.63,0,27.66,18.34,11.91,21.28,18.84,32.95,4,1,3,4
core/src/main/java/com/alibaba/druid/sql/ast/statement/SQLAlterTablePartitionSetProperties.java,SQLAlterTablePartitionSetProperties.java,1,1,3,28.98,51,51,0,2,1,0,0,5,2,3.37,3,0,5,3,2,4,0.56,46.54,8.6,3,3,False,47.01,27.53,1.36,18.84,5.85,low,high,low,0.035,35,35,8,8,25.46,22.8,2,0,5,4,5,1,0,3,2,0,2,42.07,2,42.73,2.71,17.65,20.2,10.02,6.03,1,1,3,1
core/src/main/java/com/alibaba/druid/sql/ast/statement/SQLAlterTableReOrganizePartition.java,SQLAlterTableReOrganizePartition.java,1,1,1,49.93,53,53,0,1,3,4,3,4,5,23.83,5,5,2,3,3,1,13.6,2.73,49.64,3,2,False,4.99,31.18,20.79,43.3,52.69,medium,high,medium,0.03,30,30,15,8,8.05,2.85,0,0,0,4,5,4,5,1,2,0,5,42.48,4,33.17,6.33,18.14,43.0,48.83,2.85,3,1,2,5
core/src/main/java/com/alibaba/druid/sql/ast/statement/SQLAlterTableRebuildPartition.java,SQLAlterTableRebuildPartition.java,1,1,4,14.78,46,46,0,0,4,4,1,2,0,38.54,5,2,0,3,4,1,0.33,42.67,29.39,0,1,False,6.53,43.85,10.74,4.01,44.81,high,high,low,0.025,25,25,15,6,44.37,31.71,0,0,2,2,1,4,1,0,4,3,2,19.85,0,32.01,19.37,30.96,45.83,3.81,12.78,4,1,2,1
core/src/main/java/com/alibaba/druid/sql/ast/statement/SQLAlterTableRecoverPartitions.java,SQLAlterTableRecoverPartitions.java,1,1,3,42.9,46,46,0,1,1,1,0,1,0,9.62,5,4,3,3,2,1,4.97,22.11,2.3,2,1,False,9.17,34.86,17.81,32.15,11.38,medium,low,medium,0.025,25,25,15,6,35.5,42.36,4,2,4,3,2,1,4,1,2,0,1,32.4,3,45.02,9.47,42.41,40.35,18.41,35.23,0,1,2,4
core/src/main/java/com/alibaba/druid/sql/ast/statement/SQLAlterTableRename.java,SQLAlterTableRename.java,1,1,3,6.14,70,70,0,1,6,4,1,2,7,69.04,7,0,2,3,2,6,45.45,13.27,28.53,3,1,True,47.19,69.7,15.11,19.17,27.87,high,high,low,0.042,42,42,15,13,31.03,53.63,2,3,6,1,0,6,2,5,4,2,1,3.71,7,38.23,42.81,55.85,61.57,27.14,10.03,6,1,5,6
core/src/main/java/com/alibaba/druid/sql/ast/statement/SQLAlterTableRenameColumn.java,SQLAlterTableRenameColumn.java,1,1,3,14.5,60,60,0,3,2,5,6,5,6,7.53,6,0,4,3,4,0,26.03,36.32,9.15,4,0,True,10.86,12.02,16.03,9.31,32.57,high,high,medium,0.036,36,36,15,9,47.64,3.11,5,3,5,1,3,2,0,5,5,0,2,36.38,5,32.09,43.92,34.5,33.11,8.98,41.31,3,1,5,2
core/src/main/java/com/alibaba/druid/sql/ast/statement/SQLAlterTableRenameConstraint.java,SQLAlterTableRenameConstraint.java,1,1,2,39.5,59,59,0,0,4,1,0,4,3,6.17,6,4,0,3,1,0,38.58,49.02,23.83,0,1,True,26.18,28.96,40.94,19.88,19.34,high,high,high,0.036,36,36,15,8,3.12,25.79,5,1,4,3,1,0,1,2,3,3,2,53.04,2,36.5,9.01,40.52,13.43,12.8,22.53,2,1,5,5
core/src/main/java/com/alibaba/druid/sql/ast/statement/SQLAlterTableRenameIndex.java,SQLAlterTableRenameIndex.java,1,1,0,39.23,63,63,0,2,0,2,6,5,2,10.31,6,5,1,3,1,4,39.33,27.89,33.43,5,0,True,61.34,27.23,8.57,16.28,18.35,high,medium,medium,0.039,39,39,15,9,46.41,33.35,1,5,0,3,3,5,1,4,6,3,6,30.46,0,58.0,33.09,62.63,1.05,39.0,36.08,0,1,5,3
core/src/main/java/com/alibaba/druid/sql/ast/statement/SQLAlterTableRenamePartition.java,SQLAlterTableRenamePartition.java,1,1,2,13.47,54,54,0,5,0,1,5,0,0,37.79,9,3,5,3,2,5,47.85,52.04,28.56,2,4,True,39.92,30.11,24.39,10.98,9.29,low,medium,high,0.03,30,30,15,9,7.81,9.41,2,0,5,2,0,3,5,4,1,2,5,8.51,2,45.95,49.88,2.03,7.64,0.66,9.32,1,1,3,2
core/src/main/java/com/alibaba/druid/sql/ast/statement/SQLAlterTableRepairPartition.java,SQLAlterTableRepairPartition.java,1,1,4,31.71,46,46,0,0,1,2,1,0,3,21.53,5,0,0,3,3,1,24.46,6.56,14.54,2,3,False,10.93,13.97,6.92,12.6,16.95,medium,high,low,0.025,25,25,15,6,35.15,14.54,1,4,0,1,1,4,1,3,0,1,3,25.0,2,35.93,0.71,36.69,40.54,44.78,43.67,2,1,2,3
core/src/main/java/com/alibaba/druid/sql/ast/statement/SQLAlterTableReplaceColumn.java,SQLAlterTableReplaceColumn.java,1,1,4,8.6,76,76,0,4,0,0,2,3,0,52.18,6,3,7,3,4,0,65.13,15.75,25.87,5,4,False,42.42,64.51,16.33,56.23,55.75,high,low,low,0.046,46,46,16,14,11.33,48.64,1,6,2,2,2,3,4,4,7,2,7,61.78,6,36.34,61.41,42.96,22.66,3.28,63.78,6,1,8,5
core/src/main/java/com/alibaba/druid/sql/ast/statement/SQLAlterTableSetComment.java,SQLAlterTableSetComment.java,1,1,3,24.33,44,44,0,1,0,4,0,1,0,22.9,5,2,2,3,4,3,25.34,17.42,2.32,4,0,False,40.56,14.93,42.47,0.58,34.24,medium,medium,low,0.023,23,23,15,6,6.02,15.24,4,4,1,4,0,0,0,3,1,4,2,3.57,3,12.18,0.86,42.46,9.32,24.93,15.86,0,1,3,4
core/src/main/java/com/alibaba/druid/sql/ast/statement/SQLAlterTableSetFileFormat.java,SQLAlterTableSetFileFormat.java,1,1,1,25.36,28,28,0,0,0,2,2,1,1,2.04,3,0,0,3,0,0,20.67,1.75,0.4,2,1,False,10.29,4.95,19.68,2.63,9.1,high,low,high,0.023,23,23,0,5,14.69,25.16,0,1,0,0,1,2,0,2,1,0,2,5.15,2,17.1,14.16,5.21,23.27,26.62,16.27,0,1,3,0
core/src/main/java/com/alibaba/druid/sql/ast/statement/SQLAlterTableSetLifecycle.java,SQLAlterTableSetLifecycle.java,1,1,3,20.71,44,44,0,2,3,2,3,3,2,3.71,12,4,2,3,2,4,37.44,20.31,39.59,3,3,True,16.9,43.73,18.74,0.37,26.01,medium,low,low,0.023,23,23,15,6,25.38,12.79,2,3,1,4,1,1,0,0,2,3,3,34.31,4,23.78,4.28,30.03,0.19,33.12,28.8,3,1,3,1
core/src/main/java/com/alibaba/druid/sql/ast/statement/SQLAlterTableSetLocation.java,SQLAlterTableSetLocation.java,1,1,2,22.72,44,44,0,3,3,0,3,1,4,25.32,5,2,3,3,2,2,1.97,36.59,29.93,0,3,False,39.22,33.44,7.11,16.25,17.76,high,medium,medium,0.023,23,23,15,6,6.21,34.99,1,0,0,2,0,1,4,2,4,2,1,26.83,0,11.58,20.06,19.11,25.44,25.03,35.27,3,1,3,1
core/src/main/java/com/alibaba/druid/sql/ast/statement/SQLAlterTableSetOption.java,SQLAlterTableSetOption.java,1,1,3,10.26,60,60,0,0,5,5,4,0,1,39.94,5,4,3,3,6,0,54.61,29.52,2.76,3,2,False,48.97,5.08,19.6,49.41,12.07,high,low,medium,0.036,36,36,15,9,15.43,9.94,6,2,4,3,6,6,6,3,3,0,6,59.56,1,5.14,45.18,16.79,17.62,11.88,37.93,4,1,4,3
core/src/main/java/com/alibaba/druid/sql/ast/statement/SQLAlterTableSetSchema.java,SQLAlterTableSetSchema.java,1,1,0,10.22,44,44,0,2,4,2,3,0,4,26.39,5,0,2,3,3,1,11.7,38.31,34.51,4,3,True,32.22,21.13,40.61,37.33,7.54,low,medium,low,0.023,23,23,15,6,40.8,9.67,2,0,3,1,2,2,1,2,3,0,3,40.07,3,15.71,42.43,31.22,27.69,37.15,33.98,2,1,3,2
core/src/main/java/com/alibaba/druid/sql/ast/statement/SQLAlterTableSetSerde.java,SQLAlterTableSetSerde.java,1,1,3,24.44,57,57,0,5,5,1,5,1,4,10.82,5,2,4,3,1,0,51.16,12.58,37.82,2,3,False,31.11,15.31,25.11,0.45,22.79,high,low,medium,0.034,34,34,15,8,15.43,15.24,5,1,2,3,2,3,2,0,4,4,5,30.46,2,16.36,1.63,55.38,42.87,47.49,26.91,5,1,4,3
core/src/main/java/com/alibaba/druid/sql/ast/statement/SQLAlterTableSetSerdeProperties.java,SQLAlterTableSetSerdeProperties.java,1,1,5,44.12,60,60,0,1,6,4,4,5,6,56.04,5,6,3,3,3,2,47.71,6.77,47.69,2,3,False,33.72,10.59,52.02,47.63,8.42,low,low,high,0.036,36,36,15,9,19.72,18.96,5,4,0,6,4,1,1,6,4,1,6,10.64,6,9.14,56.76,16.38,50.15,6.59,22.28,2,1,4,6
core/src/main/java/com/alibaba/druid/sql/ast/statement/SQLAlterTableSetTableSpace.java,SQLAlterTableSetTableSpace.java,1,1,2,42.82,44,44,0,4,0,1,3,2,1,35.22,5,1,1,3,2,3,11.5,14.79,14.69,0,3,True,31.55,38.56,42.83,15.45,6.09,high,high,medium,0.023,23,23,15,6,15.83,22.73,3,0,4,4,4,2,3,2,1,4,0,34.45,3,2.92,30.59,39.08,33.26,5.97,38.51,1,1,3,2
core/src/main/java/com/alibaba/druid/sql/ast/statement/SQLAlterTableStatement.java,SQLAlterTableStatement.java,1,1,24,46.9,319,319,0,21,20,17,14,23,11,84.28,24,8,19,3,2,5,28.65,35.62,51.11,7,0,False,88.5,24.85,64.31,77.81,75.45,low,medium,low,0.235,235,235,18,66,58.07,6.9,5,16,1,30,28,0,22,4,6,17,4,90.45,17,17.95,3.4,35.54,39.66,80.23,77.78,24,1,46,1
core/src/main/java/com/alibaba/druid/sql/ast/statement/SQLAlterTableSubpartitionAvailablePartitionNum.java,SQLAlterTableSubpartitionAvailablePartitionNum.java,1,1,1,29.37,44,44,0,2,1,1,1,0,1,3.06,5,0,1,3,2,1,32.68,13.6,23.49,0,0,True,6.0,2.02,27.71,16.75,1.46,medium,medium,low,0.023,23,23,15,6,7.3,20.16,2,3,2,0,2,0,1,3,4,3,0,29.57,3,30.52,9.41,19.86,26.6,27.3,20.59,2,1,3,3
core/src/main/java/com/alibaba/druid/sql/ast/statement/SQLAlterTableSubpartitionLifecycle.java,SQLAlterTableSubpartitionLifecycle.java,1,1,5,13.15,56,56,0,0,0,1,0,4,0,6.87,14,3,3,3,0,0,11.44,4.32,54.33,4,0,False,21.69,36.6,14.42,44.48,6.18,high,high,low,0.032,32,32,15,9,28.03,31.41,2,0,5,1,3,0,3,5,1,2,2,33.65,0,49.31,41.92,35.86,32.27,21.53,51.63,3,1,3,4
core/src/main/java/com/alibaba/druid/sql/ast/statement/SQLAlterTableTouch.java,SQLAlterTableTouch.java,1,1,0,17.62,37,37,0,3,3,0,1,3,1,29.6,3,1,1,2,0,1,5.24,13.82,36.95,2,3,False,0.37,2.64,34.09,24.54,21.38,low,low,low,0.016,16,16,15,6,20.49,6.55,0,1,3,1,2,2,0,2,2,0,1,30.49,0,2.44,3.71,34.9,5.49,16.21,9.37,0,1,1,1
core/src/main/java/com/alibaba/druid/sql/ast/statement/SQLAlterTableTruncatePartition.java,SQLAlterTableTruncatePartition.java,1,1,2,1.86,57,57,0,4,5,1,5,2,4,40.77,6,2,5,3,5,1,49.51,38.87,51.71,2,0,False,29.99,26.03,6.08,36.91,46.02,medium,low,low,0.036,36,36,15,6,20.21,7.76,1,5,5,5,1,1,3,4,5,3,5,23.02,1,13.26,36.81,55.33,41.72,51.97,39.55,0,1,3,2
core/src/main/java/com/alibaba/druid/sql/ast/statement/SQLAlterTableUnarchivePartition.java,SQLAlterTableUnarchivePartition.java,1,1,2,26.16,45,45,0,1,2,2,4,2,4,37.96,5,2,1,3,2,2,35.11,13.15,40.1,4,0,False,16.29,20.53,33.01,17.58,26.55,medium,medium,high,0.024,24,24,15,6,12.1,32.42,2,3,2,2,4,0,4,1,4,1,2,39.27,0,34.71,26.56,23.06,17.94,28.62,41.05,0,1,2,2
core/src/main/java/com/alibaba/druid/sql/ast/statement/SQLAlterTableValidateConstraint.java,SQLAlterTableValidateConstraint.java,1,1,0,23.88,40,40,0,2,4,1,3,2,3,15.45,4,4,2,3,0,3,14.5,15.26,13.0,0,1,False,20.83,1.08,37.42,39.65,31.32,low,high,low,0.02,20,20,15,5,27.05,37.71,1,1,4,2,3,0,2,1,3,4,4,15.43,1,22.73,5.7,11.05,29.5,18.11,37.43,0,1,3,2
core/src/main/java/com/alibaba/druid/sql/ast/statement/SQLAlterTypeStatement.java,SQLAlterTypeStatement.java,1,1,4,52.45,88,88,0,2,4,3,4,5,4,45.99,5,4,5,3,4,5,52.31,23.24,81.14,6,1,True,11.37,9.83,85.39,27.87,82.28,high,medium,low,0.057,57,57,15,16,61.5,29.24,3,4,6,4,7,8,3,0,5,4,1,12.83,7,10.08,37.35,31.45,87.52,35.64,58.81,6,1,11,8
core/src/main/java/com/alibaba/druid/sql/ast/statement/SQLAlterViewRenameStatement.java,SQLAlterViewRenameStatement.java,1,1,3,56.7,70,70,0,6,5,1,1,1,1,68.9,7,7,3,3,0,0,56.56,46.38,35.34,6,5,False,52.48,56.4,12.39,50.06,60.35,medium,medium,low,0.045,45,45,15,10,58.43,0.33,1,7,6,4,3,5,7,2,5,3,0,35.28,5,1.18,7.39,42.82,52.23,36.24,58.45,3,1,7,5
core/src/main/java/com/alibaba/druid/sql/ast/statement/SQLAlterViewStatement.java,SQLAlterViewStatement.java,1,1,9,92.05,296,296,0,25,25,3,17,6,10,40.13,38,29,2,3,20,26,25.14,61.24,97.66,17,28,True,33.78,47.54,46.31,29.74,87.07,low,medium,medium,0.224,224,224,16,56,41.6,81.85,26,29,10,16,10,9,3,7,10,18,28,63.86,29,74.36,50.68,95.38,19.31,61.78,23.39,16,1,33,22
core/src/main/java/com/alibaba/druid/sql/ast/statement/SQLAnalyzeTableStatement.java,SQLAnalyzeTableStatement.java,1,1,1,16.71,183,183,0,10,15,2,11,9,5,82.99,34,15,5,4,7,7,98.27,52.97,70.96,10,8,False,26.33,29.67,79.48,31.4,39.6,high,high,medium,0.132,132,132,15,36,84.36,48.56,1,6,16,4,10,1,18,15,0,4,6,91.5,16,79.73,69.95,65.25,15.24,29.09,50.07,6,1,20,3
core/src/main/java/com/alibaba/druid/sql/ast/statement/SQLArchiveTableStatement.java,SQLArchiveTableStatement.java,1,1,1,30.16,74,74,0,0,6,6,3,3,5,44.37,6,2,0,3,0,2,62.64,62.06,27.7,3,2,False,37.68,73.72,38.1,20.42,12.13,low,high,low,0.047,47,47,15,12,0.29,62.59,3,6,3,7,4,1,4,7,3,2,7,71.39,2,4.03,44.03,52.68,16.03,63.86,28.27,2,1,5,7
core/src/main/java/com/alibaba/druid/sql/ast/statement/SQLAssignItem.java,SQLAssignItem.java,1,1,2,14.36,122,122,0,10,11,11,0,9,6,72.12,18,2,1,3,9,10,27.55,52.85,64.98,8,7,True,86.31,2.93,35.44,51.92,34.46,high,medium,medium,0.089,89,89,15,18,7.53,34.72,9,10,3,3,1,6,9,2,12,6,0,1.95,11,75.34,43.7,80.18,79.58,9.61,67.16,1,1,9,9
core/src/main/java/com/alibaba/druid/sql/ast/statement/SQLBackupStatement.java,SQLBackupStatement.java,1,1,0,12.26,61,61,0,1,3,2,6,4,4,18.59,4,1,0,3,3,6,19.03,22.32,38.01,6,0,False,53.57,45.97,4.34,9.18,17.3,high,low,low,0.036,36,36,15,10,34.84,22.13,6,2,1,6,2,2,3,0,3,0,6,15.95,6,43.06,11.26,9.73,42.55,38.77,28.11,2,1,5,0
core/src/main/java/com/alibaba/druid/sql/ast/statement/SQLBeginStatement.java,SQLBeginStatement.java,1,1,1,59.84,77,77,0,6,2,6,3,5,3,21.23,6,5,7,3,0,3,11.59,10.78,39.97,5,7,True,23.55,9.28,51.0,39.67,1.17,high,low,low,0.046,46,46,20,11,50.11,28.03,4,3,7,6,7,7,3,1,2,3,5,74.98,3,68.72,71.95,20.47,71.31,24.59,8.26,3,1,4,6
core/src/main/java/com/alibaba/druid/sql/ast/statement/SQLBlockStatement.java,SQLBlockStatement.java,1,1,0,60.54,179,179,0,7,16,12,4,3,10,94.1,12,0,10,4,14,11,93.66,64.35,84.2,15,15,False,21.34,47.18,64.75,20.35,51.61,medium,low,low,0.13,130,130,15,34,90.77,55.23,7,12,5,3,7,14,4,17,1,10,0,85.35,17,70.98,56.99,89.17,26.03,35.08,57.91,3,1,22,13
core/src/main/java/com/alibaba/druid/sql/ast/statement/SQLBuildTableStatement.java,SQLBuildTableStatement.java,1,1,5,64.05,69,69,0,1,2,5,3,4,1,19.94,9,5,0,3,6,2,17.23,38.19,44.89,5,3,False,58.22,40.57,32.89,55.43,24.84,high,low,low,0.043,43,43,15,11,52.41,31.53,4,3,5,0,1,2,6,4,1,1,6,0.36,4,30.65,67.08,21.64,3.34,43.84,29.61,6,1,9,4
core/src/main/java/com/alibaba/druid/sql/ast/statement/SQLCallStatement.java,SQLCallStatement.java,1,1,2,80.29,90,90,0,6,9,3,2,7,5,56.41,4,6,2,3,0,2,79.66,76.24,75.85,8,1,True,75.66,6.58,88.01,48.76,51.85,low,low,medium,0.058,58,58,15,17,23.04,9.68,2,0,8,4,1,0,2,8,5,7,9,19.66,0,6.49,89.09,76.58,12.81,6.35,33.4,5,1,7,2
core/src/main/java/com/alibaba/druid/sql/ast/statement/SQLCancelJobStatement.java,SQLCancelJobStatement.java,1,1,4,10.15,49,49,0,2,1,0,3,3,1,19.72,4,1,2,3,4,4,3.45,13.68,33.9,0,4,True,19.55,4.19,28.96,26.31,5.23,high,low,high,0.027,27,27,15,7,1.97,47.07,2,0,3,4,0,3,4,3,4,0,1,4.9,2,31.36,20.01,27.68,8.35,6.46,7.31,4,1,5,0
core/src/main/java/com/alibaba/druid/sql/ast/statement/SQLCharacterDataType.java,SQLCharacterDataType.java,1,1,7,84.88,155,155,0,8,8,6,8,11,10,89.63,16,12,0,5,12,6,32.7,93.8,56.91,9,6,False,99.51,51.72,70.88,99.46,86.91,medium,medium,high,0.107,107,107,15,33,11.03,26.13,15,1,11,12,14,4,7,1,9,15,0,30.94,9,71.08,15.14,33.25,92.23,78.77,90.28,14,1,14,15
core/src/main/java/com/alibaba/druid/sql/ast/statement/SQLCheck.java,SQLCheck.java,1,1,4,40.88,101,101,0,8,8,1,2,1,9,59.51,20,5,0,4,1,10,13.65,84.9,33.61,2,8,True,17.75,88.85,98.41,52.94,66.94,low,low,low,0.069,69,69,15,17,53.11,62.66,0,5,0,9,10,7,7,1,6,8,8,53.99,1,88.41,76.64,70.17,38.34,17.32,12.25,5,1,8,1
core/src/main/java/com/alibaba/druid/sql/ast/statement/SQLCloneTableStatement.java,SQLCloneTableStatement.java,1,1,4,57.82,116,116,0,2,0,0,11,8,9,58.9,18,4,10,3,11,3,28.48,36.05,80.11,8,7,True,75.98,22.07,37.59,76.07,86.64,low,low,medium,0.076,76,76,15,25,14.98,10.61,11,3,3,4,9,0,3,10,1,8,1,25.61,11,0.36,27.43,16.5,71.8,94.3,10.23,3,1,12,10
core/src/main/java/com/alibaba/druid/sql/ast/statement/SQLCloseStatement.java,SQLCloseStatement.java,1,1,4,3.36,64,64,0,2,2,3,0,4,1,20.63,7,5,6,3,0,4,7.45,24.74,30.59,5,3,True,2.2,31.92,49.34,34.08,34.29,medium,high,low,0.034,34,34,21,9,1.49,20.97,3,0,4,6,0,0,4,6,1,3,6,57.95,5,34.52,16.87,23.64,43.15,26.61,1.33,4,1,4,2
core/src/main/java/com/alibaba/druid/sql/ast/statement/SQLColumnCheck.java,SQLColumnCheck.java,1,1,0,22.47,92,92,0,8,8,9,6,7,4,13.44,16,1,8,3,1,9,76.5,89.06,20.27,5,3,True,40.98,30.11,75.72,90.42,80.28,high,low,high,0.061,61,61,15,16,42.33,11.33,9,2,4,2,5,4,9,7,7,3,5,50.07,5,33.54,30.44,75.64,59.33,27.38,18.62,3,1,7,8
core/src/main/java/com/alibaba/druid/sql/ast/statement/SQLColumnConstraint.java,SQLColumnConstraint.java,1,1,2,10.61,20,20,0,2,0,1,1,1,0,11.85,3,0,2,1,1,1,10.16,6.75,9.45,2,0,False,19.58,18.77,1.63,16.49,4.62,medium,medium,high,0.004,4,4,15,1,4.09,2.18,0,1,1,0,2,0,2,0,1,2,1,17.06,0,10.69,14.31,12.07,1.73,2.3,12.9,2,0,0,0
core/src/main/java/com/alibaba/druid/sql/ast/statement/SQLColumnDefault.java,SQLColumnDefault.java,1,1,0,51.96,58,58,0,2,4,1,4,2,2,42.72,6,4,3,3,4,2,57.31,2.85,2.91,0,1,True,0.31,23.23,0.65,56.75,31.54,low,low,low,0.046,46,46,0,12,0.25,8.14,0,3,3,1,1,3,4,2,4,5,1,7.45,0,13.4,15.7,44.96,30.49,28.29,19.64,4,1,5,3
core/src/main/java/com/alibaba/druid/sql/ast/statement/SQLColumnDefinition.java,SQLColumnDefinition.java,1,1,83,97.12,891,891,0,72,82,29,19,8,74,84.86,100,36,60,7,67,45,78.6,68.57,29.04,25,57,False,35.53,73.71,88.0,97.38,90.73,medium,medium,low,0.689,689,689,19,183,74.77,56.31,42,85,47,61,1,36,49,4,12,47,6,50.55,39,88.07,65.13,84.77,83.26,55.83,85.73,88,2,118,85
core/src/main/java/com/alibaba/druid/sql/ast/statement/SQLColumnPrimaryKey.java,SQLColumnPrimaryKey.java,1,1,4,7.62,48,48,0,4,1,3,0,3,2,10.24,11,3,2,3,2,3,42.66,10.14,39.58,3,0,False,28.3,37.65,5.63,37.02,2.17,medium,high,high,0.025,25,25,15,8,13.86,31.53,4,0,3,1,1,1,3,4,3,2,0,3.82,2,42.02,7.61,27.6,46.51,9.07,7.55,0,1,4,1
core/src/main/java/com/alibaba/druid/sql/ast/statement/SQLColumnReference.java,SQLColumnReference.java,1,1,8,72.61,113,113,0,3,11,10,8,5,4,90.76,13,1,10,3,2,3,80.26,90.23,76.4,5,5,True,9.14,65.82,81.61,50.75,4.87,high,low,low,0.074,74,74,15,24,7.8,68.5,4,2,6,10,6,1,4,7,11,3,5,60.6,6,14.89,30.54,59.2,95.75,11.07,25.87,11,1,10,2
core/src/main/java/com/alibaba/druid/sql/ast/statement/SQLColumnUniqueKey.java,SQLColumnUniqueKey.java,1,1,0,13.38,38,38,0,2,2,1,2,3,1,20.5,4,1,3,3,1,0,25.85,28.68,14.57,0,3,True,10.16,34.37,0.3,30.63,4.92,medium,high,medium,0.019,19,19,15,4,24.96,10.43,2,1,2,3,1,0,2,3,0,0,1,18.39,2,32.7,4.27,17.55,19.09,4.15,22.83,3,1,2,2
core/src/main/java/com/alibaba/druid/sql/ast/statement/SQLCommentStatement.java,SQLCommentStatement.java,1,1,0,36.14,87,87,0,1,3,8,5,2,5,17.88,7,1,2,3,1,7,32.39,2.81,74.06,8,5,True,79.65,60.85,28.7,38.13,30.11,high,low,low,0.059,59,59,15,13,34.77,68.04,0,8,6,2,2,0,1,8,8,6,1,75.68,0,31.13,52.27,83.34,16.42,13.38,35.39,7,1,8,8
core/src/main/java/com/alibaba/druid/sql/ast/statement/SQLCommitStatement.java,SQLCommitStatement.java,1,1,6,66.62,143,143,0,0,10,4,1,3,10,27.61,10,5,10,4,10,1,87.17,71.58,12.57,12,4,True,32.79,57.24,63.65,21.79,39.78,medium,high,medium,0.097,97,97,21,25,59.09,55.43,7,12,13,1,9,2,9,0,13,1,3,19.68,1,50.38,95.83,3.89,63.61,78.16,85.29,11,1,18,14
core/src/main/java/com/alibaba/druid/sql/ast/statement/SQLCommitTransactionStatement.java,SQLCommitTransactionStatement.java,1,1,1,0.85,11,11,0,1,0,1,0,1,0,1.05,1,0,1,2,0,0,8.35,2.35,7.47,0,1,False,1.58,8.53,1.78,9.87,7.37,medium,low,high,0.009,9,9,0,2,2.38,5.95,0,1,1,0,1,1,1,0,0,1,0,7.85,0,10.64,1.57,7.08,9.99,0.63,0.64,0,1,1,1
core/src/main/java/com/alibaba/druid/sql/ast/statement/SQLConstraint.java,SQLConstraint.java,1,1,1,23.56,35,35,0,2,0,3,0,2,1,14.45,4,3,0,1,2,0,21.76,29.69,34.31,0,1,True,25.17,8.93,25.66,5.6,8.78,high,low,medium,0.013,13,13,15,7,19.12,6.37,0,1,1,1,3,0,3,2,2,1,0,24.31,0,10.61,2.16,7.58,24.54,25.03,31.14,3,0,0,1
core/src/main/java/com/alibaba/druid/sql/ast/statement/SQLConstraintImpl.java,SQLConstraintImpl.java,1,1,9,53.5,144,144,0,1,3,6,8,12,5,84.1,17,7,8,4,1,14,10.9,96.83,99.99,3,9,True,51.03,38.97,50.25,79.32,17.45,high,medium,high,0.102,102,102,15,27,26.8,19.34,9,11,1,7,11,12,10,13,9,9,0,62.52,10,92.71,67.52,87.16,89.41,52.24,33.0,6,1,18,12
core/src/main/java/com/alibaba/druid/sql/ast/statement/SQLContinueStatement.java,SQLContinueStatement.java,1,1,1,5.11,12,12,0,0,1,1,1,1,1,5.89,1,0,1,2,0,0,2.35,7.2,10.74,1,0,False,3.99,2.89,8.97,7.67,7.24,high,medium,medium,0.01,10,10,0,2,2.61,4.86,1,1,0,1,0,0,0,0,1,1,1,6.39,1,1.8,3.17,1.8,1.35,2.21,4.91,1,1,1,0
core/src/main/java/com/alibaba/druid/sql/ast/statement/SQLCopyFromStatement.java,SQLCopyFromStatement.java,1,1,2,86.75,87,87,0,0,8,0,2,7,6,6.62,6,1,7,3,0,7,3.18,29.81,36.91,8,6,True,16.16,8.57,12.55,14.39,71.3,medium,high,low,0.072,72,72,0,15,31.67,66.93,4,8,6,8,7,7,8,6,6,3,0,67.75,5,5.41,38.82,3.67,30.05,1.92,73.83,6,1,9,0
core/src/main/java/com/alibaba/druid/sql/ast/statement/SQLCostStatement.java,SQLCostStatement.java,1,1,2,7.13,29,29,0,2,2,0,2,1,0,20.18,3,2,2,3,0,0,1.83,14.59,9.16,2,1,True,6.14,20.75,20.5,12.99,14.02,low,low,medium,0.023,23,23,0,6,12.16,9.31,0,0,2,1,0,0,1,1,1,1,2,16.77,1,27.01,11.59,11.38,26.44,4.37,20.39,1,1,3,0
core/src/main/java/com/alibaba/druid/sql/ast/statement/SQLCreateDatabaseStatement.java,SQLCreateDatabaseStatement.java,1,1,14,53.67,276,276,0,20,17,24,4,18,19,4.1,38,4,21,4,24,16,18.05,64.08,2.82,1,25,False,73.3,78.8,32.06,68.93,80.8,high,medium,medium,0.208,208,208,16,52,52.26,51.84,23,7,27,24,27,16,19,22,14,24,7,85.43,11,64.36,86.75,95.1,85.47,22.14,62.42,4,1,30,9
core/src/main/java/com/alibaba/druid/sql/ast/statement/SQLCreateFunctionStatement.java,SQLCreateFunctionStatement.java,1,1,30,21.83,318,318,0,13,12,11,9,28,14,1.41,26,2,0,4,7,5,84.95,65.84,37.35,27,21,False,65.88,96.22,44.29,98.48,75.9,medium,low,low,0.237,237,237,20,61,51.68,28.96,31,8,15,7,21,30,3,27,20,25,15,87.39,31,56.03,52.32,64.99,28.34,4.55,30.52,9,1,45,0
core/src/main/java/com/alibaba/druid/sql/ast/statement/SQLCreateIndexStatement.java,SQLCreateIndexStatement.java,1,1,27,71.8,334,334,0,12,23,12,32,33,14,76.82,34,30,6,4,6,2,30.26,81.86,71.83,2,20,False,6.01,85.84,8.9,83.61,39.86,medium,high,low,0.253,253,253,16,65,57.51,66.08,5,27,19,26,10,7,30,15,23,23,17,36.31,0,0.89,55.33,47.35,24.82,35.41,33.45,32,1,46,2
core/src/main/java/com/alibaba/druid/sql/ast/statement/SQLCreateMaterializedViewStatement.java,SQLCreateMaterializedViewStatement.java,1,1,39,97.79,497,497,0,43,16,14,26,29,18,73.47,42,37,33,5,49,6,82.26,32.13,45.24,19,20,True,37.73,68.67,90.71,13.91,85.1,low,low,high,0.375,375,375,20,102,66.52,23.3,45,0,47,18,49,41,34,27,45,8,17,35.98,42,90.8,52.66,12.39,29.95,77.8,96.21,14,1,79,32
core/src/main/java/com/alibaba/druid/sql/ast/statement/SQLCreateOutlineStatement.java,SQLCreateOutlineStatement.java,1,1,4,1.27,69,69,0,1,1,4,0,2,6,64.15,6,1,3,3,1,2,30.83,26.3,30.68,0,4,True,55.53,31.77,23.28,35.59,51.15,high,low,medium,0.057,57,57,0,12,49.49,62.66,0,3,1,2,1,3,4,2,4,1,2,2.66,2,65.61,34.27,32.56,39.52,40.45,36.34,6,1,9,0
core/src/main/java/com/alibaba/druid/sql/ast/statement/SQLCreateProcedureStatement.java,SQLCreateProcedureStatement.java,1,1,0,36.63,212,212,0,1,13,21,6,9,2,43.2,18,5,2,4,4,15,88.01,78.18,44.61,11,19,True,75.83,81.43,28.56,49.84,10.5,low,high,low,0.151,151,151,17,44,63.78,86.96,17,13,9,17,0,6,5,18,21,2,1,42.04,12,84.79,65.19,24.54,14.25,36.37,72.38,6,1,33,17
core/src/main/java/com/alibaba/druid/sql/ast/statement/SQLCreateRoleStatement.java,SQLCreateRoleStatement.java,1,1,7,50.73,75,75,0,0,1,3,5,7,3,52.22,10,3,5,3,5,1,56.32,72.22,38.71,4,4,False,33.55,44.93,20.66,53.18,8.18,medium,low,medium,0.048,48,48,15,12,17.03,1.04,5,3,6,4,1,4,0,0,2,5,5,67.38,5,12.7,2.14,31.5,17.45,58.22,6.99,7,1,6,4
core/src/main/java/com/alibaba/druid/sql/ast/statement/SQLCreateSequenceStatement.java,SQLCreateSequenceStatement.java,1,1,20,70.12,265,265,0,18,5,3,25,18,18,97.45,16,1,9,3,4,17,77.97,54.61,11.73,9,23,False,23.54,23.54,94.84,26.35,86.8,high,low,high,0.196,196,196,19,50,61.4,81.52,15,0,0,20,23,8,0,13,8,23,13,21.84,25,79.65,71.67,68.68,78.68,3.95,70.56,22,1,39,12
core/src/main/java/com/alibaba/druid/sql/ast/statement/SQLCreateStatement.java,SQLCreateStatement.java,1,1,0,9.99,24,24,0,0,0,2,1,1,0,17.88,3,1,0,2,1,1,2.54,20.26,1.91,1,2,True,8.88,15.68,20.14,21.33,13.34,low,medium,medium,0.007,7,7,15,2,18.18,15.51,1,1,0,2,1,1,0,1,0,1,1,17.63,2,19.91,5.62,12.79,17.71,18.15,15.66,0,0,0,1
core/src/main/java/com/alibaba/druid/sql/ast/statement/SQLCreateTableGroupStatement.java,SQLCreateTableGroupStatement.java,1,1,10,71.02,112,112,0,7,6,8,1,10,6,61.5,21,2,3,3,6,6,96.94,72.72,8.54,2,0,False,18.32,96.98,47.98,38.55,18.95,medium,high,high,0.08,80,80,15,17,0.07,97.5,6,11,3,2,5,0,3,1,11,8,6,55.8,4,80.58,56.79,44.04,78.94,14.67,13.36,11,1,10,11
core/src/main/java/com/alibaba/druid/sql/ast/statement/SQLCreateTableStatement.java,SQLCreateTableStatement.java,1,1,134,40.53,1747,1747,0,147,96,163,130,123,105,29.38,100,129,44,8,72,91,5.36,17.33,26.95,139,153,True,66.99,76.86,69.89,61.22,91.22,medium,high,medium,1.405,1405,1405,32,310,53.82,84.97,159,147,132,169,73,116,91,157,162,83,9,38.1,23,63.06,15.37,80.82,82.31,90.66,45.34,25,1,138,35
core/src/main/java/com/alibaba/druid/sql/ast/statement/SQLCreateTriggerStatement.java,SQLCreateTriggerStatement.java,1,1,15,64.42,229,229,0,2,20,14,5,18,11,11.3,18,0,22,3,10,17,23.99,70.04,70.43,20,16,True,65.28,44.01,28.97,75.54,37.45,medium,high,medium,0.167,167,167,15,47,83.81,29.95,11,18,0,11,13,3,17,10,2,9,6,52.78,13,52.76,51.71,29.41,16.78,5.44,59.3,19,1,29,6
core/src/main/java/com/alibaba/druid/sql/ast/statement/SQLCreateUserStatement.java,SQLCreateUserStatement.java,1,1,2,11.43,85,85,0,4,3,6,5,2,4,80.14,6,5,5,3,8,1,33.18,42.09,69.98,7,0,True,46.73,52.74,49.23,47.56,2.52,medium,high,low,0.056,56,56,16,13,45.28,51.34,8,0,4,7,3,1,6,7,3,8,0,28.47,2,78.98,9.11,48.78,62.0,48.75,11.33,3,1,10,0
core/src/main/java/com/alibaba/druid/sql/ast/statement/SQLCreateViewStatement.java,SQLCreateViewStatement.java,1,1,10,11.25,444,444,0,34,38,28,5,1,27,10.37,52,25,14,5,9,30,19.0,49.01,77.49,44,3,True,19.94,56.95,92.03,87.38,50.79,low,low,medium,0.338,338,338,18,88,2.84,47.42,3,29,0,33,39,35,29,40,4,33,3,58.87,1,24.93,3.73,44.78,6.75,29.48,6.68,15,2,54,21
core/src/main/java/com/alibaba/druid/sql/ast/statement/SQLDDLStatement.java,SQLDDLStatement.java,1,1,3,13.24,42,42,0,2,4,2,2,0,0,10.55,3,0,3,2,2,0,4.18,17.56,23.89,1,2,False,23.07,8.82,5.95,30.9,6.63,high,high,high,0.024,24,24,15,3,8.3,18.34,0,4,1,3,3,1,4,4,4,0,4,26.06,0,26.58,28.88,8.2,5.94,16.4,11.98,3,0,0,0
core/src/main/java/com/alibaba/druid/sql/ast/statement/SQLDeclareStatement.java,SQLDeclareStatement.java,1,1,2,9.22,56,56,0,3,3,1,1,5,4,5.24,5,2,0,3,5,0,25.7,3.25,23.13,2,1,False,17.81,4.38,15.77,27.93,46.36,medium,medium,low,0.032,32,32,15,9,6.72,33.65,4,3,2,1,2,4,4,1,3,1,3,12.96,0,39.87,32.43,11.6,26.82,37.17,52.38,1,1,2,0
core/src/main/java/com/alibaba/druid/sql/ast/statement/SQLDefault.java,SQLDefault.java,1,1,6,25.24,115,115,0,2,3,2,2,9,1,86.95,12,8,7,4,7,4,71.2,94.49,29.11,1,10,False,12.24,20.94,45.26,84.67,95.97,medium,high,medium,0.08,80,80,15,20,54.06,29.37,5,9,1,2,0,4,4,9,4,8,8,46.54,11,30.6,4.88,20.41,33.95,71.84,7.64,8,1,10,4
core/src/main/java/com/alibaba/druid/sql/ast/statement/SQLDeleteStatement.java,SQLDeleteStatement.java,1,1,10,46.86,313,313,0,27,0,8,15,20,10,23.83,45,0,15,7,23,17,85.78,18.79,91.17,15,16,True,97.84,57.04,96.41,13.82,64.32,high,low,medium,0.241,241,241,15,57,21.81,92.65,22,17,26,28,9,23,6,17,6,27,13,9.7,25,57.27,85.58,19.88,54.62,77.45,91.75,7,1,28,27
core/src/main/java/com/alibaba/druid/sql/ast/statement/SQLDescribeStatement.java,SQLDescribeStatement.java,1,1,4,10.76,114,114,0,8,10,3,9,10,9,2.32,13,0,7,3,11,8,54.3,98.92,96.99,3,8,False,85.92,66.94,15.4,57.43,47.9,high,high,high,0.076,76,76,16,22,72.43,47.43,9,8,9,9,7,5,6,7,6,0,2,76.28,10,33.69,60.15,48.09,52.37,32.53,69.93,6,1,13,7
core/src/main/java/com/alibaba/druid/sql/ast/statement/SQLDropCatalogStatement.java,SQLDropCatalogStatement.java,1,1,7,46.38,89,89,0,2,7,4,2,4,0,74.33,12,1,7,3,1,1,39.22,26.16,49.13,2,4,False,77.9,21.38,12.71,30.18,41.3,low,low,medium,0.059,59,59,15,15,84.22,35.56,3,5,3,3,8,8,1,8,3,7,5,2.87,0,86.31,20.15,28.47,43.79,14.69,65.03,5,1,8,8
core/src/main/java/com/alibaba/druid/sql/ast/statement/SQLDropDatabaseStatement.java,SQLDropDatabaseStatement.java,1,1,19,13.57,194,194,0,8,7,2,15,12,12,27.26,35,12,7,4,16,13,37.61,51.01,24.82,10,8,False,14.19,40.15,56.57,43.87,98.04,medium,high,medium,0.142,142,142,16,36,94.12,78.22,11,10,6,6,18,5,11,11,2,13,7,87.5,4,53.59,4.68,58.38,55.91,22.01,37.81,7,1,19,19
core/src/main/java/com/alibaba/druid/sql/ast/statement/SQLDropEventStatement.java,SQLDropEventStatement.java,1,1,1,55.14,74,74,0,2,3,3,2,1,4,7.25,11,7,6,3,7,1,49.82,70.11,2.91,4,4,True,53.98,67.54,33.39,48.39,59.78,low,high,medium,0.047,47,47,15,12,71.4,18.9,7,1,4,5,4,6,7,3,7,3,5,55.66,5,23.03,38.01,1.56,53.64,20.92,25.18,0,1,5,7
core/src/main/java/com/alibaba/druid/sql/ast/statement/SQLDropFunctionStatement.java,SQLDropFunctionStatement.java,1,1,4,39.5,94,94,0,5,5,7,3,6,6,29.83,11,7,4,3,8,6,45.25,44.62,33.99,9,3,False,45.44,32.31,54.29,76.28,18.09,low,medium,medium,0.062,62,62,15,17,4.8,61.93,0,1,9,4,2,9,6,9,6,9,2,54.01,3,54.29,32.22,31.17,19.97,90.86,1.9,2,1,9,4
core/src/main/java/com/alibaba/druid/sql/ast/statement/SQLDropIndexStatement.java,SQLDropIndexStatement.java,1,1,2,89.93,136,136,0,7,12,1,0,12,3,72.5,16,0,13,3,3,4,55.13,55.75,72.85,2,7,True,67.53,82.54,63.8,35.58,10.11,medium,high,medium,0.097,97,97,15,24,62.18,97.97,6,0,12,2,3,13,2,5,3,7,8,69.28,13,15.98,11.27,76.32,58.12,58.58,74.55,12,1,14,5
core/src/main/java/com/alibaba/druid/sql/ast/statement/SQLDropLogFileGroupStatement.java,SQLDropLogFileGroupStatement.java,1,1,4,51.79,79,79,0,4,5,2,0,3,6,65.91,7,7,4,3,4,4,69.82,76.92,60.91,0,7,True,14.69,38.6,34.91,10.17,16.98,low,medium,medium,0.052,52,52,15,12,50.83,46.96,6,7,5,0,6,1,7,4,4,7,4,27.96,7,30.93,43.76,27.37,64.36,33.52,75.27,4,1,5,2
core/src/main/java/com/alibaba/druid/sql/ast/statement/SQLDropMaterializedViewStatement.java,SQLDropMaterializedViewStatement.java,1,1,3,31.44,74,74,0,5,3,1,2,5,6,62.03,11,3,0,3,5,5,60.99,65.18,20.75,6,4,False,51.86,59.04,18.16,47.11,32.55,high,low,medium,0.047,47,47,15,12,31.06,50.44,3,6,6,6,6,6,0,6,0,0,6,17.07,4,44.07,9.22,5.2,5.09,73.17,19.96,3,1,5,1
core/src/main/java/com/alibaba/druid/sql/ast/statement/SQLDropOfflineModelStatement.java,SQLDropOfflineModelStatement.java,1,1,2,88.5,90,90,0,7,6,5,6,4,0,60.63,13,3,9,3,2,7,30.71,19.81,35.89,7,2,False,33.49,35.86,67.12,8.21,26.94,high,low,medium,0.058,58,58,15,17,46.7,46.09,0,2,4,3,4,4,1,8,7,4,0,82.57,2,47.94,75.93,1.26,48.24,66.6,30.01,3,1,7,8
core/src/main/java/com/alibaba/druid/sql/ast/statement/SQLDropOutlineStatement.java,SQLDropOutlineStatement.java,1,1,4,73.64,74,74,0,2,0,3,5,2,5,40.77,11,0,7,3,3,5,63.61,55.37,51.45,1,0,True,63.37,20.02,34.05,42.9,10.16,high,medium,low,0.047,47,47,15,12,63.81,32.12,3,0,1,3,0,1,0,5,1,4,0,15.71,5,47.73,36.27,23.83,45.27,13.23,65.27,5,1,5,7
core/src/main/java/com/alibaba/druid/sql/ast/statement/SQLDropProcedureStatement.java,SQLDropProcedureStatement.java,1,1,3,21.18,65,65,0,3,3,5,0,6,2,9.31,10,0,1,3,0,2,25.53,29.75,59.46,1,4,True,57.75,39.71,38.08,35.98,57.42,high,low,low,0.04,40,40,15,10,29.66,60.42,4,1,0,2,4,4,3,3,4,0,3,50.46,5,51.1,13.22,63.37,27.26,62.68,10.21,4,1,6,3
core/src/main/java/com/alibaba/druid/sql/ast/statement/SQLDropResourceGroupStatement.java,SQLDropResourceGroupStatement.java,1,1,5,31.74,75,75,0,5,4,5,6,6,0,40.62,11,2,6,3,7,4,63.31,7.25,74.1,6,4,True,73.48,51.05,12.04,11.86,60.95,medium,medium,low,0.048,48,48,15,12,30.72,45.7,6,0,0,1,5,0,1,3,3,5,0,0.62,0,31.92,29.07,42.24,69.21,22.91,36.47,2,1,5,0
core/src/main/java/com/alibaba/druid/sql/ast/statement/SQLDropResourceStatement.java,SQLDropResourceStatement.java,1,1,5,43.47,74,74,0,6,5,2,5,5,7,34.57,11,7,6,3,4,0,44.11,1.57,43.42,0,2,False,17.16,46.64,56.74,49.35,10.27,medium,low,medium,0.047,47,47,15,12,18.78,8.2,4,7,4,4,2,3,3,0,4,7,1,21.66,7,14.46,9.05,28.54,10.58,47.75,31.65,2,1,5,2
core/src/main/java/com/alibaba/druid/sql/ast/statement/SQLDropRoleStatement.java,SQLDropRoleStatement.java,1,1,5,14.63,82,82,0,0,2,0,8,8,5,12.89,11,6,8,3,4,7,59.81,37.34,46.91,5,3,True,55.0,34.61,66.16,46.93,41.18,medium,low,high,0.053,53,53,15,14,31.01,4.52,5,7,3,5,7,6,3,1,4,6,7,43.81,7,15.61,56.17,16.61,22.99,64.43,74.76,7,1,7,7
core/src/main/java/com/alibaba/druid/sql/ast/statement/SQLDropSequenceStatement.java,SQLDropSequenceStatement.java,1,1,3,50.48,96,96,0,9,2,4,6,6,2,62.72,13,7,9,3,1,0,12.78,39.63,34.53,2,4,True,54.59,48.91,7.95,82.0,33.45,high,high,medium,0.064,64,64,15,17,52.15,76.0,5,6,7,8,1,0,4,6,7,9,5,6.36,1,28.24,18.04,86.41,51.54,84.42,53.0,1,1,8,7
core/src/main/java/com/alibaba/druid/sql/ast/statement/SQLDropServerStatement.java,SQLDropServerStatement.java,1,1,4,36.77,80,80,0,1,7,2,3,0,5,71.61,12,5,6,3,8,8,42.33,19.53,21.25,3,1,True,38.64,76.36,44.46,56.76,0.12,medium,medium,high,0.052,52,52,15,13,56.74,22.27,6,6,4,2,8,2,4,0,5,4,8,9.87,6,20.33,32.91,53.63,28.07,14.47,17.47,2,1,6,0
core/src/main/java/com/alibaba/druid/sql/ast/statement/SQLDropStatement.java,SQLDropStatement.java,1,1,2,17.58,24,24,0,1,2,0,2,0,0,9.66,3,1,2,2,0,1,14.75,15.85,19.15,0,0,False,15.17,9.18,2.8,15.56,14.28,low,medium,high,0.007,7,7,15,2,9.0,7.31,2,2,1,1,1,2,1,1,0,1,1,19.23,1,0.48,16.14,11.53,9.09,20.75,3.37,1,0,0,0
core/src/main/java/com/alibaba/druid/sql/ast/statement/SQLDropSynonymStatement.java,SQLDropSynonymStatement.java,1,1,1,51.05,109,109,0,9,6,4,7,7,0,51.75,18,7,1,3,9,7,47.68,28.71,14.83,4,7,True,25.53,67.28,76.97,80.78,51.57,medium,medium,high,0.074,74,74,15,20,18.05,51.53,6,2,3,4,0,4,1,4,0,7,3,42.63,2,22.02,29.64,98.05,39.68,38.19,48.4,9,1,11,9
core/src/main/java/com/alibaba/druid/sql/ast/statement/SQLDropTableGroupStatement.java,SQLDropTableGroupStatement.java,1,1,7,31.21,94,94,0,5,5,3,1,5,2,92.89,13,5,5,3,3,6,72.59,23.91,66.67,3,6,True,42.55,43.41,28.84,73.61,12.97,low,high,high,0.062,62,62,15,17,41.72,61.03,3,6,9,8,8,9,9,1,0,0,5,70.33,5,47.59,63.25,3.6,72.24,74.34,62.8,6,1,8,6
core/src/main/java/com/alibaba/druid/sql/ast/statement/SQLDropTableSpaceStatement.java,SQLDropTableSpaceStatement.java,1,1,4,54.65,100,100,0,9,9,6,8,7,7,58.11,14,10,6,3,9,10,72.58,71.28,73.7,10,1,False,0.5,56.3,0.57,38.57,35.05,high,low,low,0.068,68,68,15,17,40.38,28.62,5,3,10,4,0,8,2,8,5,1,10,98.78,6,94.24,42.07,56.12,89.4,31.72,83.28,3,1,10,1
core/src/main/java/com/alibaba/druid/sql/ast/statement/SQLDropTableStatement.java,SQLDropTableStatement.java,1,1,9,86.81,254,254,0,15,7,20,9,9,20,5.06,34,19,22,4,3,12,2.94,12.4,19.87,9,18,False,99.07,64.73,35.77,13.63,81.47,high,low,high,0.196,196,196,15,43,73.23,3.05,22,7,16,17,3,14,25,24,7,9,25,39.77,9,94.14,96.06,18.37,90.07,84.01,95.7,9,1,30,1
core/src/main/java/com/alibaba/druid/sql/ast/statement/SQLDropTriggerStatement.java,SQLDropTriggerStatement.java,1,1,2,22.55,83,83,0,2,7,3,8,8,5,23.22,11,0,4,3,6,3,31.73,22.83,45.15,4,5,True,18.49,3.42,74.38,72.74,64.82,low,medium,low,0.053,53,53,15,15,45.07,45.14,2,0,7,5,1,6,0,1,2,2,0,43.92,0,77.69,80.29,35.15,12.92,69.55,37.17,1,1,7,7
core/src/main/java/com/alibaba/druid/sql/ast/statement/SQLDropTypeStatement.java,SQLDropTypeStatement.java,1,1,2,17.58,85,85,0,5,8,0,5,1,5,65.58,12,1,0,3,6,3,54.28,41.91,57.29,2,0,False,82.98,13.73,23.88,84.38,25.6,high,low,low,0.056,56,56,15,14,72.76,6.8,7,7,1,7,5,8,8,1,1,4,0,17.33,3,60.49,21.5,59.56,49.68,44.96,5.74,0,1,7,8
core/src/main/java/com/alibaba/druid/sql/ast/statement/SQLDropUserStatement.java,SQLDropUserStatement.java,1,1,4,39.12,96,96,0,6,0,8,2,4,6,53.32,12,0,5,4,3,1,59.87,74.16,55.1,9,4,False,79.77,23.04,14.53,75.79,71.66,high,high,low,0.063,63,63,15,18,10.09,18.34,6,8,3,6,6,6,6,9,6,0,2,11.58,8,53.62,51.14,81.64,84.11,68.55,2.35,3,1,9,2
core/src/main/java/com/alibaba/druid/sql/ast/statement/SQLDropViewStatement.java,SQLDropViewStatement.java,1,1,4,8.58,117,117,0,7,8,8,10,9,5,65.49,12,5,4,5,2,9,25.19,54.08,41.37,7,10,False,69.58,16.48,14.97,23.57,81.2,high,high,medium,0.08,80,80,15,22,65.9,43.2,7,6,9,4,7,2,6,4,7,7,1,29.63,11,92.64,14.58,0.1,59.48,71.4,65.17,5,1,13,9
core/src/main/java/com/alibaba/druid/sql/ast/statement/SQLDumpStatement.java,SQLDumpStatement.java,1,1,5,40.14,68,68,0,3,5,3,2,4,3,36.01,7,3,5,4,5,6,20.32,45.49,38.05,3,5,True,15.08,29.1,56.62,11.26,12.47,high,low,medium,0.053,53,53,0,15,34.03,4.84,1,4,5,4,0,4,0,0,6,5,2,25.61,2,22.53,25.04,2.02,37.08,52.96,46.19,4,1,8,5
core/src/main/java/com/alibaba/druid/sql/ast/statement/SQLErrorLoggingClause.java,SQLErrorLoggingClause.java,1,1,3,13.81,76,76,0,3,2,5,2,7,5,54.17,7,1,2,3,4,3,7.13,66.68,4.98,2,1,True,52.03,55.36,75.94,64.62,1.34,medium,low,low,0.05,50,50,15,11,27.67,60.86,5,1,4,0,4,5,5,4,2,5,2,39.18,4,59.0,20.24,42.7,28.16,25.56,38.12,7,1,8,3
core/src/main/java/com/alibaba/druid/sql/ast/statement/SQLExceptionStatement.java,SQLExceptionStatement.java,1,1,7,3.28,81,81,0,4,2,5,6,1,4,29.19,7,5,4,4,2,6,27.83,72.83,35.41,0,8,True,65.73,14.66,51.03,55.76,5.98,low,medium,low,0.066,66,66,1,14,40.48,79.44,6,1,4,1,8,0,7,2,5,0,1,36.87,1,17.65,44.39,44.41,50.64,16.66,61.73,5,2,7,4
core/src/main/java/com/alibaba/druid/sql/ast/statement/SQLExecuteImmediateStatement.java,SQLExecuteImmediateStatement.java,1,1,0,35.11,58,58,0,4,4,1,0,3,2,32.76,5,2,5,3,2,5,9.99,55.23,8.59,0,5,True,14.54,38.6,40.88,31.3,47.64,high,low,low,0.047,47,47,0,11,21.1,2.35,0,0,1,1,3,0,5,1,2,2,1,25.99,5,24.86,1.53,56.12,5.42,11.21,8.25,3,1,6,3
core/src/main/java/com/alibaba/druid/sql/ast/statement/SQLExplainAnalyzeStatement.java,SQLExplainAnalyzeStatement.java,1,1,4,32.53,60,60,0,5,2,5,2,4,2,13.53,5,6,3,3,4,4,14.86,16.22,9.22,6,0,False,0.71,43.07,29.46,31.99,5.55,low,high,high,0.036,36,36,15,9,8.88,6.05,5,4,1,5,6,4,4,3,4,3,6,13.81,2,35.14,9.81,14.08,16.84,26.9,34.37,5,1,3,5
core/src/main/java/com/alibaba/druid/sql/ast/statement/SQLExplainStatement.java,SQLExplainStatement.java,1,1,6,44.17,137,137,0,2,10,2,5,12,1,29.85,11,9,8,3,11,1,93.46,79.77,75.1,1,0,False,79.06,0.13,19.85,40.72,58.12,high,low,low,0.097,97,97,15,25,68.4,26.72,7,13,0,8,5,4,7,5,12,1,9,43.2,9,17.35,44.18,96.24,2.3,65.96,10.43,13,1,18,8
core/src/main/java/com/alibaba/druid/sql/ast/statement/SQLExportDatabaseStatement.java,SQLExportDatabaseStatement.java,1,1,3,0.24,33,33,0,0,2,2,1,2,2,4.4,2,3,3,3,0,1,10.28,2.99,28.24,0,1,False,3.88,19.74,8.21,1.2,17.36,low,low,medium,0.026,26,26,0,7,23.99,14.09,1,1,3,2,2,3,0,1,3,3,1,0.49,0,32.2,7.57,14.42,8.1,20.01,22.44,2,1,5,2
core/src/main/java/com/alibaba/druid/sql/ast/statement/SQLExportTableStatement.java,SQLExportTableStatement.java,1,1,5,66.5,67,67,0,1,4,4,1,5,6,27.85,9,3,4,3,3,4,23.4,48.87,53.44,2,5,False,20.79,20.55,34.88,64.38,38.91,medium,high,high,0.055,55,55,0,12,18.54,41.12,0,3,5,1,6,1,6,3,5,5,6,39.51,5,48.79,11.51,2.08,16.66,14.23,15.31,1,1,7,2
core/src/main/java/com/alibaba/druid/sql/ast/statement/SQLExprHint.java,SQLExprHint.java,1,1,6,36.26,60,60,0,6,4,4,2,5,0,11.55,6,0,1,3,0,4,54.2,29.65,37.63,4,4,False,9.69,2.62,19.53,50.46,33.34,high,low,low,0.036,36,36,15,9,25.93,4.11,6,6,1,1,0,3,1,0,6,4,5,22.06,0,19.27,13.49,39.22,36.91,53.22,43.22,4,1,4,2
core/src/main/java/com/alibaba/druid/sql/ast/statement/SQLExprStatement.java,SQLExprStatement.java,1,1,6,39.14,73,73,0,4,7,5,2,5,6,34.89,7,3,7,3,4,0,49.59,13.46,19.12,3,2,True,48.33,15.23,4.57,2.1,43.47,high,high,medium,0.048,48,48,15,10,72.01,60.84,7,4,3,3,5,6,4,7,1,5,4,47.91,4,60.89,24.0,37.96,48.45,10.92,50.64,7,1,6,1
core/src/main/java/com/alibaba/druid/sql/ast/statement/SQLExprTableSource.java,SQLExprTableSource.java,1,1,9,2.92,553,553,0,42,0,5,19,11,10,30.18,100,54,19,8,45,40,78.08,21.62,38.11,12,29,False,83.51,90.18,4.21,64.58,28.3,high,high,low,0.445,445,445,15,93,23.08,12.31,10,13,11,51,9,4,14,19,9,53,43,57.04,32,76.93,7.55,67.14,79.13,69.62,12.14,7,1,34,21
core/src/main/java/com/alibaba/druid/sql/ast/statement/SQLExternalRecordFormat.java,SQLExternalRecordFormat.java,1,1,2,8.86,205,205,0,11,4,15,13,0,17,65.81,17,1,15,3,15,3,39.55,20.19,85.41,20,8,True,5.11,13.39,48.1,34.8,29.14,low,medium,medium,0.165,165,165,0,40,9.91,72.05,15,19,9,7,11,19,1,7,16,17,4,84.61,14,61.78,2.91,85.19,28.23,49.24,92.45,15,1,28,9
core/src/main/java/com/alibaba/druid/sql/ast/statement/SQLFetchStatement.java,SQLFetchStatement.java,1,1,8,9.26,85,85,0,1,2,1,1,8,5,4.54,7,3,0,3,7,3,37.0,24.15,45.27,6,3,True,57.98,33.32,70.33,54.49,1.92,low,high,high,0.056,56,56,15,14,8.52,10.08,0,6,0,4,5,5,1,6,2,0,8,42.52,1,57.73,1.87,16.93,40.4,55.5,18.96,5,1,9,7
core/src/main/java/com/alibaba/druid/sql/ast/statement/SQLForStatement.java,SQLForStatement.java,1,1,3,50.27,63,63,0,3,1,4,5,5,1,38.32,3,3,5,3,2,6,8.36,11.88,49.8,1,0,False,28.34,25.0,54.55,23.77,6.05,medium,high,high,0.049,49,49,0,14,30.26,56.59,4,5,3,6,0,5,2,3,5,4,2,27.81,2,51.29,61.0,55.35,61.86,30.85,28.36,5,1,7,4
core/src/main/java/com/alibaba/druid/sql/ast/statement/SQLForeignKeyConstraint.java,SQLForeignKeyConstraint.java,1,1,1,24.82,32,32,0,0,0,3,1,2,2,9.14,3,3,3,1,3,0,17.45,9.93,11.44,0,1,True,13.05,29.09,23.12,12.37,21.33,high,medium,high,0.01,10,10,15,7,6.21,3.9,3,1,0,1,0,3,3,2,2,2,1,18.27,2,20.02,14.22,13.8,26.57,25.73,13.83,3,0,0,2
core/src/main/java/com/alibaba/druid/sql/ast/statement/SQLForeignKeyImpl.java,SQLForeignKeyImpl.java,1,1,14,70.02,195,195,0,1,2,2,15,14,4,83.23,17,11,14,3,17,12,86.99,0.02,55.2,6,2,False,83.85,44.73,76.6,84.32,52.38,high,low,high,0.142,142,142,15,38,8.26,16.27,12,17,10,10,6,5,1,6,0,17,7,25.72,3,64.03,1.94,95.74,0.2,52.36,49.34,6,1,18,4
core/src/main/java/com/alibaba/druid/sql/ast/statement/SQLGeneratedTableSource.java,SQLGeneratedTableSource.java,1,1,3,64.12,73,73,0,5,0,0,0,0,4,36.82,15,2,5,5,5,2,67.59,18.8,41.72,6,1,True,62.8,62.29,33.29,0.07,22.68,low,low,low,0.064,64,64,0,9,46.27,36.95,5,0,6,4,7,5,4,4,0,2,1,40.17,3,69.88,31.19,48.57,7.99,2.67,54.6,6,1,4,7
core/src/main/java/com/alibaba/druid/sql/ast/statement/SQLGetDiagnosticsStatement.java,SQLGetDiagnosticsStatement.java,1,1,4,26.14,43,43,0,3,3,0,1,2,1,23.44,3,1,0,3,2,1,27.65,39.51,37.56,3,1,True,24.84,12.68,42.85,39.64,15.73,high,high,high,0.034,34,34,0,9,14.4,35.87,1,4,4,1,2,0,4,4,4,0,0,31.22,4,20.49,10.15,9.48,16.04,14.87,23.05,4,1,4,0
core/src/main/java/com/alibaba/druid/sql/ast/statement/SQLGrantStatement.java,SQLGrantStatement.java,1,1,10,76.92,145,145,0,1,4,13,9,3,0,64.26,24,11,1,3,9,8,67.0,45.26,92.61,4,13,True,18.91,40.69,73.28,10.55,31.87,medium,high,high,0.101,101,101,16,28,22.8,18.78,9,7,7,6,3,10,2,10,5,2,9,94.9,14,79.78,86.62,86.79,74.5,70.99,58.45,5,1,19,1
core/src/main/java/com/alibaba/druid/sql/ast/statement/SQLIfStatement.java,SQLIfStatement.java,1,1,20,2.71,217,217,0,18,16,7,7,20,18,73.97,39,14,9,6,14,8,2.16,33.68,16.87,5,4,True,82.42,24.99,9.05,84.17,4.78,medium,high,low,0.165,165,165,15,37,61.55,9.79,8,18,19,3,9,18,6,21,16,0,6,81.28,11,63.84,47.53,77.61,58.34,52.7,54.45,3,3,19,20
core/src/main/java/com/alibaba/druid/sql/ast/statement/SQLImportDatabaseStatement.java,SQLImportDatabaseStatement.java,1,1,0,28.22,34,34,0,0,1,0,3,2,3,33.99,2,2,0,3,2,2,28.09,3.77,11.24,2,2,False,26.29,27.39,12.94,8.46,27.99,high,high,low,0.027,27,27,0,7,5.38,30.32,3,0,1,2,3,0,1,0,3,1,0,15.12,1,22.04,16.16,11.2,4.85,10.88,25.88,0,1,5,0
core/src/main/java/com/alibaba/druid/sql/ast/statement/SQLImportTableStatement.java,SQLImportTableStatement.java,1,1,8,2.31,97,97,0,5,5,0,3,2,9,40.8,6,6,5,3,6,7,37.8,39.06,6.62,0,9,True,86.74,6.57,25.83,80.05,59.77,medium,low,low,0.078,78,78,1,18,31.15,26.45,2,5,4,4,1,7,1,5,0,7,8,11.72,8,12.78,9.46,45.52,65.79,85.42,20.9,6,1,13,4
core/src/main/java/com/alibaba/druid/sql/ast/statement/SQLInsertInto.java,SQLInsertInto.java,1,1,3,55.55,227,227,0,9,5,3,2,5,0,3.86,30,14,13,4,1,21,0.65,99.76,53.55,13,12,False,5.66,57.1,37.66,44.7,3.28,low,high,high,0.17,170,170,15,42,86.59,11.34,4,0,3,1,4,8,3,7,17,22,9,85.69,22,7.87,61.47,57.94,79.37,88.93,13.82,9,1,25,14
core/src/main/java/com/alibaba/druid/sql/ast/statement/SQLInsertStatement.java,SQLInsertStatement.java,1,1,6,78.89,213,213,0,18,9,1,4,15,0,68.16,18,16,7,6,0,16,69.29,72.87,60.43,19,5,False,13.34,38.11,67.69,24.93,71.76,low,high,low,0.161,161,161,15,37,81.99,64.82,6,14,15,14,12,20,17,4,5,16,3,79.03,7,54.64,2.58,62.23,97.91,8.56,11.03,18,2,21,2
core/src/main/java/com/alibaba/druid/sql/ast/statement/SQLJoinTableSource.java,SQLJoinTableSource.java,1,1,38,17.96,788,788,0,42,26,56,27,29,21,77.48,100,61,17,6,53,62,48.92,45.05,82.6,28,73,True,11.93,36.57,35.78,51.2,93.0,medium,high,high,0.629,629,629,18,141,97.22,47.25,23,22,58,14,30,35,65,71,36,74,53,46.13,4,59.48,64.33,15.5,84.77,76.58,93.17,36,2,54,20
core/src/main/java/com/alibaba/druid/sql/ast/statement/SQLLateralViewTableSource.java,SQLLateralViewTableSource.java,1,1,10,92.51,164,164,0,16,16,9,10,8,11,12.25,20,11,12,4,1,15,16.52,72.25,2.07,0,8,True,40.29,92.93,24.59,99.53,75.58,medium,medium,high,0.117,117,117,15,32,81.03,51.68,11,3,3,4,2,4,15,6,4,10,10,17.35,8,32.77,84.53,98.89,75.79,70.92,93.31,0,1,13,7
core/src/main/java/com/alibaba/druid/sql/ast/statement/SQLLeaveStatement.java,SQLLeaveStatement.java,1,1,1,2.79,12,12,0,0,1,0,1,0,0,6.88,1,0,1,2,1,0,4.53,6.54,7.17,1,0,True,2.33,5.07,4.12,9.82,10.19,medium,low,low,0.01,10,10,0,2,7.9,10.98,0,1,1,1,1,0,1,0,0,0,0,3.57,1,2.83,2.9,4.37,4.67,4.53,4.01,0,1,1,0
core/src/main/java/com/alibaba/druid/sql/ast/statement/SQLLockTableStatement.java,SQLLockTableStatement.java,1,1,0,1.24,6,6,0,0,0,1,1,0,0,4.03,1,1,0,0,1,1,0.68,2.78,3.81,0,0,False,5.43,0.85,1.6,2.13,1.05,low,high,medium,0.004,4,4,0,2,3.2,3.77,0,0,1,0,1,0,1,1,1,1,0,3.42,1,1.28,1.53,4.03,5.32,5.13,0.37,0,0,0,1
core/src/main/java/com/alibaba/druid/sql/ast/statement/SQLLoopStatement.java,SQLLoopStatement.java,1,1,6,26.89,91,91,0,1,2,6,2,7,7,68.06,8,7,9,4,0,8,87.19,21.02,51.43,4,0,False,73.75,59.16,3.71,53.1,83.3,high,medium,low,0.059,59,59,15,17,61.36,51.36,8,2,0,3,4,4,8,8,6,2,5,31.5,0,2.34,3.36,38.12,34.91,15.87,7.23,2,1,6,2
